2026/09/16 22:07:20 [TORON] Loaded server configuration from /Users/sneha/Developer/toron-research/toron/config.yaml
2026/09/16 22:07:20 [TORON] Loaded routing configuration from /Users/sneha/Developer/toron-research/toron/routes.yaml
gc 1 @1.049s 0%: 0.11+1.9+0.007 ms clock, 0.94+1.2/3.5/3.2+0.056 ms cpu, 3->4->1 MB, 4 MB goal, 0 MB stacks, 0 MB globals, 8 P
gc 2 @1.128s 0%: 0.030+0.93+0.004 ms clock, 0.24+0.044/1.6/3.7+0.033 ms cpu, 3->4->1 MB, 4 MB goal, 0 MB stacks, 0 MB globals, 8 P
gc 3 @1.202s 0%: 0.047+1.0+0.014 ms clock, 0.37+0.041/1.8/4.5+0.11 ms cpu, 3->3->1 MB, 4 MB goal, 0 MB stacks, 0 MB globals, 8 P
gc 4 @1.289s 0%: 0.036+0.93+0.005 ms clock, 0.29+0.033/1.7/3.9+0.042 ms cpu, 3->3->1 MB, 4 MB goal, 0 MB stacks, 0 MB globals, 8 P
gc 5 @1.361s 0%: 0.033+0.85+0.010 ms clock, 0.26+0.041/1.5/3.5+0.081 ms cpu, 3->3->1 MB, 4 MB goal, 0 MB stacks, 0 MB globals, 8 P
gc 6 @1.434s 0%: 0.041+0.93+0.005 ms clock, 0.33+0.031/1.5/3.2+0.040 ms cpu, 3->3->1 MB, 4 MB goal, 0 MB stacks, 0 MB globals, 8 P
gc 7 @1.510s 0%: 0.048+0.69+0.025 ms clock, 0.38+0.033/1.2/2.4+0.20 ms cpu, 3->3->1 MB, 4 MB goal, 0 MB stacks, 0 MB globals, 8 P
gc 8 @1.569s 0%: 0.053+0.76+0.007 ms clock, 0.42+0.055/1.2/2.4+0.059 ms cpu, 3->3->1 MB, 4 MB goal, 0 MB stacks, 0 MB globals, 8 P
gc 9 @1.644s 0%: 0.067+1.0+0.010 ms clock, 0.54+0.033/1.7/4.1+0.085 ms cpu, 3->4->1 MB, 4 MB goal, 0 MB stacks, 0 MB globals, 8 P
gc 10 @1.716s 0%: 0.043+0.82+0.026 ms clock, 0.34+0.035/1.3/2.8+0.21 ms cpu, 3->3->1 MB, 4 MB goal, 0 MB stacks, 0 MB globals, 8 P
gc 11 @1.794s 0%: 0.056+0.93+0.005 ms clock, 0.45+0.034/1.7/3.8+0.042 ms cpu, 3->3->1 MB, 4 MB goal, 0 MB stacks, 0 MB globals, 8 P
gc 12 @1.868s 0%: 0.045+0.69+0.006 ms clock, 0.36+0.029/1.1/2.3+0.052 ms cpu, 3->3->1 MB, 4 MB goal, 0 MB stacks, 0 MB globals, 8 P
gc 13 @1.940s 0%: 0.040+0.90+0.004 ms clock, 0.32+0.036/1.6/3.7+0.039 ms cpu, 3->3->1 MB, 4 MB goal, 0 MB stacks, 0 MB globals, 8 P
gc 14 @2.017s 0%: 0.039+0.82+0.003 ms clock, 0.31+0.033/1.4/3.0+0.029 ms cpu, 3->4->1 MB, 4 MB goal, 0 MB stacks, 0 MB globals, 8 P
gc 15 @2.086s 0%: 0.053+0.80+0.014 ms clock, 0.42+0.055/1.2/2.5+0.11 ms cpu, 3->4->1 MB, 4 MB goal, 0 MB stacks, 0 MB globals, 8 P
gc 16 @2.163s 0%: 0.043+0.67+0.003 ms clock, 0.34+0.035/1.2/2.6+0.031 ms cpu, 3->3->1 MB, 4 MB goal, 0 MB stacks, 0 MB globals, 8 P
gc 17 @2.235s 0%: 0.035+0.89+0.022 ms clock, 0.28+0.031/1.5/3.6+0.17 ms cpu, 3->3->1 MB, 4 MB goal, 0 MB stacks, 0 MB globals, 8 P
gc 18 @2.307s 0%: 0.041+0.81+0.021 ms clock, 0.33+0.032/1.3/3.0+0.17 ms cpu, 3->3->1 MB, 4 MB goal, 0 MB stacks, 0 MB globals, 8 P
gc 19 @2.380s 0%: 0.042+0.89+0.005 ms clock, 0.34+0.035/1.6/3.6+0.045 ms cpu, 3->4->1 MB, 4 MB goal, 0 MB stacks, 0 MB globals, 8 P
gc 20 @2.469s 0%: 0.033+0.91+0.003 ms clock, 0.26+0.030/1.5/4.0+0.028 ms cpu, 3->4->1 MB, 4 MB goal, 0 MB stacks, 0 MB globals, 8 P
gc 21 @2.547s 0%: 0.040+0.89+0.093 ms clock, 0.32+0.041/1.4/3.2+0.74 ms cpu, 3->3->1 MB, 4 MB goal, 0 MB stacks, 0 MB globals, 8 P
gc 22 @2.609s 0%: 0.036+0.97+0.015 ms clock, 0.29+0.032/1.6/4.0+0.12 ms cpu, 3->3->1 MB, 4 MB goal, 0 MB stacks, 0 MB globals, 8 P
gc 23 @2.692s 0%: 0.048+0.80+0.023 ms clock, 0.38+0.044/1.2/2.6+0.18 ms cpu, 3->3->1 MB, 4 MB goal, 0 MB stacks, 0 MB globals, 8 P
gc 24 @2.756s 0%: 0.036+0.74+0.006 ms clock, 0.29+0.043/1.3/3.0+0.050 ms cpu, 3->3->1 MB, 4 MB goal, 0 MB stacks, 0 MB globals, 8 P
gc 25 @2.834s 0%: 0.040+0.70+0.003 ms clock, 0.32+0.038/1.3/2.9+0.026 ms cpu, 3->3->1 MB, 4 MB goal, 0 MB stacks, 0 MB globals, 8 P
gc 26 @2.900s 0%: 0.043+0.88+0.004 ms clock, 0.34+0.036/1.6/2.7+0.032 ms cpu, 3->3->1 MB, 4 MB goal, 0 MB stacks, 0 MB globals, 8 P
gc 27 @2.980s 0%: 0.046+1.0+0.015 ms clock, 0.37+0.033/1.8/4.1+0.12 ms cpu, 3->4->1 MB, 4 MB goal, 0 MB stacks, 0 MB globals, 8 P
gc 28 @3.054s 0%: 0.045+1.3+0.13 ms clock, 0.36+0.048/2.1/0.96+1.0 ms cpu, 3->3->1 MB, 4 MB goal, 0 MB stacks, 0 MB globals, 8 P
gc 29 @3.121s 0%: 0.044+1.0+0.015 ms clock, 0.35+0.033/1.8/4.5+0.12 ms cpu, 3->3->1 MB, 4 MB goal, 0 MB stacks, 0 MB globals, 8 P
gc 30 @3.189s 0%: 0.040+0.78+0.017 ms clock, 0.32+0.058/1.1/2.5+0.14 ms cpu, 3->3->1 MB, 4 MB goal, 0 MB stacks, 0 MB globals, 8 P
gc 31 @3.266s 0%: 0.041+0.84+0.003 ms clock, 0.33+0.031/1.5/3.2+0.029 ms cpu, 3->4->1 MB, 4 MB goal, 0 MB stacks, 0 MB globals, 8 P
gc 32 @3.352s 0%: 0.041+0.72+0.003 ms clock, 0.33+0.036/1.1/2.5+0.031 ms cpu, 3->3->1 MB, 4 MB goal, 0 MB stacks, 0 MB globals, 8 P
gc 33 @3.431s 0%: 0.049+1.0+0.020 ms clock, 0.39+0.034/1.6/3.7+0.16 ms cpu, 3->3->1 MB, 4 MB goal, 0 MB stacks, 0 MB globals, 8 P
gc 34 @3.507s 0%: 0.037+0.72+0.023 ms clock, 0.30+0.034/1.2/2.5+0.18 ms cpu, 3->3->1 MB, 4 MB goal, 0 MB stacks, 0 MB globals, 8 P
gc 35 @3.575s 0%: 0.043+0.85+0.025 ms clock, 0.35+0.032/1.2/3.0+0.20 ms cpu, 3->3->1 MB, 4 MB goal, 0 MB stacks, 0 MB globals, 8 P
gc 36 @3.643s 0%: 0.044+1.3+0.007 ms clock, 0.35+0.032/2.0/4.5+0.062 ms cpu, 3->3->1 MB, 4 MB goal, 0 MB stacks, 0 MB globals, 8 P
gc 37 @3.720s 0%: 0.036+0.94+0.018 ms clock, 0.29+0.032/1.6/3.2+0.14 ms cpu, 3->4->1 MB, 4 MB goal, 0 MB stacks, 0 MB globals, 8 P
gc 38 @3.799s 0%: 0.086+1.0+0.024 ms clock, 0.69+0.036/1.7/4.0+0.19 ms cpu, 3->3->1 MB, 4 MB goal, 0 MB stacks, 0 MB globals, 8 P
gc 39 @3.875s 0%: 0.038+0.79+0.017 ms clock, 0.31+0.032/1.3/2.8+0.13 ms cpu, 3->3->1 MB, 4 MB goal, 0 MB stacks, 0 MB globals, 8 P
gc 40 @3.914s 0%: 0.17+0.96+0.020 ms clock, 1.4+1.4/1.4/0.081+0.16 ms cpu, 3->3->1 MB, 4 MB goal, 0 MB stacks, 0 MB globals, 8 P
gc 41 @3.990s 0%: 0.044+0.72+0.004 ms clock, 0.35+0.036/1.1/2.4+0.039 ms cpu, 3->4->1 MB, 4 MB goal, 0 MB stacks, 0 MB globals, 8 P
gc 42 @4.070s 0%: 0.024+1.0+0.039 ms clock, 0.19+0.057/1.8/2.8+0.31 ms cpu, 3->4->1 MB, 4 MB goal, 0 MB stacks, 0 MB globals, 8 P
gc 43 @4.152s 0%: 0.037+0.63+0.002 ms clock, 0.30+0.033/1.1/2.2+0.023 ms cpu, 3->3->1 MB, 4 MB goal, 0 MB stacks, 0 MB globals, 8 P
gc 44 @4.219s 0%: 0.042+0.85+0.017 ms clock, 0.34+0.032/1.4/3.3+0.13 ms cpu, 3->3->1 MB, 4 MB goal, 0 MB stacks, 0 MB globals, 8 P
gc 45 @4.304s 0%: 0.045+0.68+0.003 ms clock, 0.36+0.033/1.2/2.8+0.030 ms cpu, 3->3->1 MB, 4 MB goal, 0 MB stacks, 0 MB globals, 8 P
gc 46 @4.372s 0%: 0.041+0.76+0.051 ms clock, 0.33+0.033/1.2/2.7+0.40 ms cpu, 3->3->1 MB, 4 MB goal, 0 MB stacks, 0 MB globals, 8 P
gc 47 @4.440s 0%: 0.067+0.74+0.003 ms clock, 0.54+0.033/1.3/2.7+0.027 ms cpu, 3->3->1 MB, 4 MB goal, 0 MB stacks, 0 MB globals, 8 P
gc 48 @4.502s 0%: 0.049+1.0+0.013 ms clock, 0.39+0.040/1.8/4.3+0.10 ms cpu, 3->4->1 MB, 4 MB goal, 0 MB stacks, 0 MB globals, 8 P
gc 49 @4.582s 0%: 0.037+1.1+0.004 ms clock, 0.29+0.032/1.9/4.7+0.034 ms cpu, 3->3->1 MB, 4 MB goal, 0 MB stacks, 0 MB globals, 8 P
gc 50 @4.656s 0%: 0.035+0.91+0.004 ms clock, 0.28+0.032/1.5/3.3+0.032 ms cpu, 3->3->1 MB, 4 MB goal, 0 MB stacks, 0 MB globals, 8 P
gc 51 @4.732s 0%: 0.042+0.94+0.018 ms clock, 0.34+0.033/1.5/3.5+0.15 ms cpu, 3->3->1 MB, 4 MB goal, 0 MB stacks, 0 MB globals, 8 P
gc 52 @4.808s 0%: 0.070+0.77+0.022 ms clock, 0.56+0.038/1.2/2.3+0.17 ms cpu, 3->3->1 MB, 4 MB goal, 0 MB stacks, 0 MB globals, 8 P
gc 53 @4.887s 0%: 0.038+0.75+0.035 ms clock, 0.30+0.032/1.2/2.8+0.28 ms cpu, 3->3->1 MB, 4 MB goal, 0 MB stacks, 0 MB globals, 8 P
gc 54 @4.956s 0%: 0.035+0.74+0.002 ms clock, 0.28+0.029/1.2/2.7+0.023 ms cpu, 3->3->1 MB, 4 MB goal, 0 MB stacks, 0 MB globals, 8 P
gc 55 @5.010s 0%: 0.093+0.98+0.003 ms clock, 0.75+0.098/1.9/4.2+0.029 ms cpu, 3->4->1 MB, 4 MB goal, 0 MB stacks, 0 MB globals, 8 P
gc 56 @5.061s 0%: 0.034+0.89+0.031 ms clock, 0.27+0.029/1.4/3.2+0.25 ms cpu, 3->3->1 MB, 4 MB goal, 0 MB stacks, 0 MB globals, 8 P
gc 57 @5.142s 0%: 0.037+0.76+0.013 ms clock, 0.29+0.033/1.3/3.2+0.11 ms cpu, 3->4->1 MB, 4 MB goal, 0 MB stacks, 0 MB globals, 8 P
gc 58 @5.173s 0%: 0.047+0.88+0.030 ms clock, 0.38+0.033/1.4/3.2+0.24 ms cpu, 3->3->1 MB, 4 MB goal, 0 MB stacks, 0 MB globals, 8 P
gc 59 @5.253s 0%: 0.038+0.87+0.017 ms clock, 0.31+0.028/1.5/3.5+0.13 ms cpu, 3->4->1 MB, 4 MB goal, 0 MB stacks, 0 MB globals, 8 P
gc 60 @5.335s 0%: 0.038+0.97+0.003 ms clock, 0.31+0.033/1.7/4.2+0.029 ms cpu, 3->4->1 MB, 4 MB goal, 0 MB stacks, 0 MB globals, 8 P
gc 61 @5.419s 0%: 0.044+0.85+0.016 ms clock, 0.35+0.033/1.5/3.5+0.13 ms cpu, 3->4->1 MB, 4 MB goal, 0 MB stacks, 0 MB globals, 8 P
gc 62 @5.489s 0%: 0.047+0.87+0.003 ms clock, 0.37+0.033/1.6/3.6+0.030 ms cpu, 3->3->1 MB, 4 MB goal, 0 MB stacks, 0 MB globals, 8 P
gc 63 @5.578s 0%: 0.040+0.87+0.003 ms clock, 0.32+0.031/1.5/3.8+0.026 ms cpu, 3->4->1 MB, 4 MB goal, 0 MB stacks, 0 MB globals, 8 P
gc 64 @5.652s 0%: 0.036+0.89+0.018 ms clock, 0.28+0.030/1.5/3.4+0.14 ms cpu, 3->3->1 MB, 4 MB goal, 0 MB stacks, 0 MB globals, 8 P
gc 65 @5.731s 0%: 0.038+0.89+0.003 ms clock, 0.30+0.033/1.6/3.8+0.027 ms cpu, 3->4->1 MB, 4 MB goal, 0 MB stacks, 0 MB globals, 8 P
gc 66 @5.805s 0%: 0.042+0.78+0.020 ms clock, 0.33+0.032/1.2/2.9+0.16 ms cpu, 3->3->1 MB, 4 MB goal, 0 MB stacks, 0 MB globals, 8 P
gc 67 @5.883s 0%: 0.065+0.73+0.027 ms clock, 0.52+0.037/1.2/2.1+0.22 ms cpu, 3->4->1 MB, 4 MB goal, 0 MB stacks, 0 MB globals, 8 P
gc 68 @5.951s 0%: 0.036+0.68+0.004 ms clock, 0.29+0.029/1.2/2.6+0.039 ms cpu, 3->3->1 MB, 4 MB goal, 0 MB stacks, 0 MB globals, 8 P
gc 69 @6.034s 0%: 0.053+0.72+0.003 ms clock, 0.42+0.034/1.2/2.5+0.031 ms cpu, 3->4->1 MB, 4 MB goal, 0 MB stacks, 0 MB globals, 8 P
gc 70 @6.559s 0%: 0.047+1.0+0.024 ms clock, 0.37+0.046/1.8/3.8+0.19 ms cpu, 3->3->1 MB, 4 MB goal, 0 MB stacks, 0 MB globals, 8 P
gc 71 @6.628s 0%: 0.040+1.1+0.014 ms clock, 0.32+0.032/1.9/4.4+0.11 ms cpu, 3->4->1 MB, 4 MB goal, 0 MB stacks, 0 MB globals, 8 P
gc 72 @6.711s 0%: 0.039+0.86+0.003 ms clock, 0.31+0.034/1.6/3.7+0.026 ms cpu, 3->4->1 MB, 4 MB goal, 0 MB stacks, 0 MB globals, 8 P
gc 73 @6.775s 0%: 0.052+1.1+0.045 ms clock, 0.41+0.053/1.8/3.7+0.36 ms cpu, 3->3->1 MB, 4 MB goal, 0 MB stacks, 0 MB globals, 8 P
gc 74 @6.831s 0%: 0.036+0.77+0.003 ms clock, 0.29+0.048/1.4/2.6+0.024 ms cpu, 3->3->1 MB, 4 MB goal, 0 MB stacks, 0 MB globals, 8 P
gc 75 @6.901s 0%: 0.063+0.99+0.004 ms clock, 0.50+0.036/1.7/3.7+0.036 ms cpu, 3->4->1 MB, 4 MB goal, 0 MB stacks, 0 MB globals, 8 P
gc 76 @6.967s 0%: 0.041+0.82+0.018 ms clock, 0.33+0.033/1.5/3.2+0.15 ms cpu, 3->3->1 MB, 4 MB goal, 0 MB stacks, 0 MB globals, 8 P
gc 77 @7.033s 0%: 0.080+0.95+0.018 ms clock, 0.64+0.036/1.5/2.9+0.14 ms cpu, 3->3->1 MB, 4 MB goal, 0 MB stacks, 0 MB globals, 8 P
gc 78 @7.062s 0%: 0.046+0.98+0.019 ms clock, 0.37+0.032/1.8/4.1+0.15 ms cpu, 3->3->1 MB, 4 MB goal, 0 MB stacks, 0 MB globals, 8 P
gc 79 @7.134s 0%: 0.048+1.1+0.024 ms clock, 0.38+0.037/2.0/4.1+0.19 ms cpu, 3->4->1 MB, 4 MB goal, 0 MB stacks, 0 MB globals, 8 P
gc 80 @7.204s 0%: 0.045+1.0+0.039 ms clock, 0.36+0.57/1.7/3.0+0.31 ms cpu, 3->4->1 MB, 4 MB goal, 0 MB stacks, 0 MB globals, 8 P
gc 81 @7.270s 0%: 0.038+0.87+0.020 ms clock, 0.31+0.033/1.4/3.4+0.16 ms cpu, 3->4->1 MB, 4 MB goal, 0 MB stacks, 0 MB globals, 8 P
gc 82 @7.334s 0%: 0.037+1.0+0.010 ms clock, 0.29+0.032/1.8/3.7+0.086 ms cpu, 3->3->1 MB, 4 MB goal, 0 MB stacks, 0 MB globals, 8 P
gc 83 @7.398s 0%: 0.042+0.96+0.003 ms clock, 0.33+0.036/1.8/3.7+0.026 ms cpu, 3->3->1 MB, 4 MB goal, 0 MB stacks, 0 MB globals, 8 P
gc 84 @7.462s 0%: 0.038+0.95+0.026 ms clock, 0.31+0.034/1.6/4.1+0.21 ms cpu, 3->3->1 MB, 4 MB goal, 0 MB stacks, 0 MB globals, 8 P
gc 85 @7.531s 0%: 0.038+0.84+0.011 ms clock, 0.30+0.034/1.2/2.7+0.092 ms cpu, 3->3->1 MB, 4 MB goal, 0 MB stacks, 0 MB globals, 8 P
gc 86 @7.596s 0%: 0.035+0.83+0.006 ms clock, 0.28+0.035/1.2/2.7+0.050 ms cpu, 3->3->1 MB, 4 MB goal, 0 MB stacks, 0 MB globals, 8 P
gc 87 @7.656s 0%: 0.040+1.0+0.019 ms clock, 0.32+0.034/1.7/3.9+0.15 ms cpu, 3->4->1 MB, 4 MB goal, 0 MB stacks, 0 MB globals, 8 P
gc 88 @7.732s 0%: 0.037+0.92+0.005 ms clock, 0.30+0.035/1.7/4.1+0.040 ms cpu, 3->4->1 MB, 4 MB goal, 0 MB stacks, 0 MB globals, 8 P
gc 89 @7.798s 0%: 0.042+0.93+0.033 ms clock, 0.33+0.036/1.6/3.7+0.27 ms cpu, 3->4->1 MB, 4 MB goal, 0 MB stacks, 0 MB globals, 8 P
gc 90 @7.860s 0%: 0.047+0.88+0.006 ms clock, 0.38+0.035/1.6/3.8+0.052 ms cpu, 3->4->1 MB, 4 MB goal, 0 MB stacks, 0 MB globals, 8 P
gc 91 @7.937s 0%: 0.040+0.95+0.003 ms clock, 0.32+0.047/1.8/4.0+0.027 ms cpu, 3->3->1 MB, 4 MB goal, 0 MB stacks, 0 MB globals, 8 P
gc 92 @8.004s 0%: 0.037+1.0+0.009 ms clock, 0.29+0.037/1.8/4.3+0.074 ms cpu, 3->3->1 MB, 4 MB goal, 0 MB stacks, 0 MB globals, 8 P
gc 93 @8.070s 0%: 0.043+0.70+0.003 ms clock, 0.34+0.033/1.3/2.9+0.025 ms cpu, 3->3->1 MB, 4 MB goal, 0 MB stacks, 0 MB globals, 8 P
gc 94 @8.089s 0%: 0.073+1.0+0.022 ms clock, 0.58+0.041/1.6/3.2+0.17 ms cpu, 3->3->1 MB, 4 MB goal, 0 MB stacks, 0 MB globals, 8 P
gc 95 @8.160s 0%: 0.039+1.0+0.006 ms clock, 0.31+0.037/1.7/3.9+0.051 ms cpu, 3->4->1 MB, 4 MB goal, 0 MB stacks, 0 MB globals, 8 P
gc 96 @8.237s 0%: 0.038+1.1+0.017 ms clock, 0.30+0.032/2.0/4.6+0.14 ms cpu, 3->4->1 MB, 4 MB goal, 0 MB stacks, 0 MB globals, 8 P
gc 97 @8.307s 0%: 0.055+1.7+0.047 ms clock, 0.44+0.035/0.97/0.003+0.38 ms cpu, 3->4->1 MB, 4 MB goal, 0 MB stacks, 0 MB globals, 8 P
gc 98 @8.371s 0%: 0.036+0.66+0.004 ms clock, 0.29+0.036/1.1/2.5+0.039 ms cpu, 3->4->1 MB, 4 MB goal, 0 MB stacks, 0 MB globals, 8 P
gc 99 @8.439s 0%: 0.040+0.84+0.024 ms clock, 0.32+0.033/1.5/3.1+0.19 ms cpu, 3->4->1 MB, 4 MB goal, 0 MB stacks, 0 MB globals, 8 P
gc 100 @8.505s 0%: 0.038+0.85+0.005 ms clock, 0.30+0.034/1.3/3.2+0.041 ms cpu, 3->4->1 MB, 4 MB goal, 0 MB stacks, 0 MB globals, 8 P
gc 101 @8.573s 0%: 0.035+0.91+0.030 ms clock, 0.28+0.037/1.5/3.2+0.24 ms cpu, 3->4->1 MB, 4 MB goal, 0 MB stacks, 0 MB globals, 8 P
gc 102 @8.647s 0%: 0.042+1.0+0.020 ms clock, 0.34+0.035/1.8/4.4+0.16 ms cpu, 3->4->1 MB, 4 MB goal, 0 MB stacks, 0 MB globals, 8 P
gc 103 @8.711s 0%: 0.041+1.0+0.008 ms clock, 0.33+0.035/1.8/4.3+0.070 ms cpu, 3->4->1 MB, 4 MB goal, 0 MB stacks, 0 MB globals, 8 P
gc 104 @8.789s 0%: 0.044+0.79+0.023 ms clock, 0.35+0.034/1.3/2.7+0.19 ms cpu, 3->4->1 MB, 4 MB goal, 0 MB stacks, 0 MB globals, 8 P
gc 105 @8.859s 0%: 0.045+0.83+0.004 ms clock, 0.36+0.033/1.4/3.5+0.034 ms cpu, 3->4->1 MB, 4 MB goal, 0 MB stacks, 0 MB globals, 8 P
gc 106 @8.921s 0%: 0.037+0.87+0.006 ms clock, 0.30+0.034/1.3/3.0+0.052 ms cpu, 3->4->1 MB, 4 MB goal, 0 MB stacks, 0 MB globals, 8 P
gc 107 @8.991s 0%: 0.040+1.2+0.020 ms clock, 0.32+0.034/2.2/4.9+0.16 ms cpu, 3->4->1 MB, 4 MB goal, 0 MB stacks, 0 MB globals, 8 P
gc 108 @9.049s 0%: 0.16+0.94+0.004 ms clock, 1.2+2.3/1.7/0.34+0.039 ms cpu, 3->4->2 MB, 4 MB goal, 0 MB stacks, 0 MB globals, 8 P
gc 109 @9.125s 0%: 0.045+0.91+0.003 ms clock, 0.36+0.032/1.7/3.6+0.024 ms cpu, 4->4->1 MB, 5 MB goal, 0 MB stacks, 0 MB globals, 8 P
gc 110 @9.190s 0%: 0.038+1.0+0.003 ms clock, 0.30+0.033/2.0/4.7+0.029 ms cpu, 3->4->1 MB, 4 MB goal, 0 MB stacks, 0 MB globals, 8 P
gc 111 @9.250s 0%: 0.15+0.84+0.003 ms clock, 1.2+1.5/1.5/0.24+0.026 ms cpu, 3->4->2 MB, 4 MB goal, 0 MB stacks, 0 MB globals, 8 P
gc 112 @9.322s 0%: 0.054+0.80+0.082 ms clock, 0.43+0.039/1.4/3.0+0.66 ms cpu, 4->4->1 MB, 5 MB goal, 0 MB stacks, 0 MB globals, 8 P
gc 113 @9.385s 0%: 0.041+1.0+0.020 ms clock, 0.33+0.033/1.8/3.9+0.16 ms cpu, 3->4->1 MB, 4 MB goal, 0 MB stacks, 0 MB globals, 8 P
gc 114 @9.466s 0%: 0.11+1.2+0.005 ms clock, 0.92+0.038/2.2/3.7+0.040 ms cpu, 3->4->1 MB, 4 MB goal, 0 MB stacks, 0 MB globals, 8 P
gc 115 @9.536s 0%: 0.043+0.76+0.049 ms clock, 0.34+0.033/1.2/2.7+0.39 ms cpu, 3->3->1 MB, 4 MB goal, 0 MB stacks, 0 MB globals, 8 P
gc 116 @9.603s 0%: 0.051+1.0+0.003 ms clock, 0.41+0.032/1.8/3.7+0.027 ms cpu, 3->4->1 MB, 4 MB goal, 0 MB stacks, 0 MB globals, 8 P
gc 117 @9.672s 0%: 0.038+1.0+0.018 ms clock, 0.30+0.031/1.9/4.4+0.14 ms cpu, 3->4->1 MB, 4 MB goal, 0 MB stacks, 0 MB globals, 8 P
gc 118 @9.747s 0%: 0.038+0.83+0.019 ms clock, 0.30+0.037/1.3/2.9+0.15 ms cpu, 3->3->1 MB, 4 MB goal, 0 MB stacks, 0 MB globals, 8 P
gc 119 @9.819s 0%: 0.040+1.0+0.023 ms clock, 0.32+0.034/1.8/4.3+0.19 ms cpu, 3->4->1 MB, 4 MB goal, 0 MB stacks, 0 MB globals, 8 P
gc 120 @9.886s 0%: 0.039+0.94+0.007 ms clock, 0.31+0.038/1.5/2.9+0.057 ms cpu, 3->4->1 MB, 4 MB goal, 0 MB stacks, 0 MB globals, 8 P
gc 121 @9.965s 0%: 0.046+0.65+0.019 ms clock, 0.36+0.036/1.1/1.7+0.15 ms cpu, 3->4->1 MB, 4 MB goal, 0 MB stacks, 0 MB globals, 8 P
gc 122 @10.010s 0%: 0.039+0.80+0.011 ms clock, 0.31+0.98/1.3/0.55+0.090 ms cpu, 3->4->1 MB, 4 MB goal, 0 MB stacks, 0 MB globals, 8 P
gc 123 @10.083s 0%: 0.038+1.0+0.034 ms clock, 0.30+0.045/1.8/4.5+0.27 ms cpu, 3->4->1 MB, 4 MB goal, 0 MB stacks, 0 MB globals, 8 P
gc 124 @10.151s 0%: 0.037+1.0+0.020 ms clock, 0.30+0.040/1.7/3.6+0.16 ms cpu, 3->4->1 MB, 4 MB goal, 0 MB stacks, 0 MB globals, 8 P
gc 125 @10.221s 0%: 0.041+0.85+0.057 ms clock, 0.33+0.034/1.1/2.7+0.46 ms cpu, 4->4->1 MB, 4 MB goal, 0 MB stacks, 0 MB globals, 8 P
gc 126 @10.301s 0%: 0.041+0.88+0.033 ms clock, 0.32+0.033/1.4/3.2+0.27 ms cpu, 3->4->1 MB, 4 MB goal, 0 MB stacks, 0 MB globals, 8 P
gc 127 @10.371s 0%: 0.040+0.88+0.004 ms clock, 0.32+0.033/1.4/3.6+0.037 ms cpu, 3->4->1 MB, 4 MB goal, 0 MB stacks, 0 MB globals, 8 P
gc 128 @10.435s 0%: 0.037+1.0+0.021 ms clock, 0.29+0.034/1.5/3.5+0.17 ms cpu, 3->4->1 MB, 4 MB goal, 0 MB stacks, 0 MB globals, 8 P
gc 129 @10.510s 0%: 0.037+1.0+0.019 ms clock, 0.30+0.033/1.9/4.6+0.15 ms cpu, 3->4->1 MB, 4 MB goal, 0 MB stacks, 0 MB globals, 8 P
gc 130 @10.585s 0%: 0.036+0.89+0.021 ms clock, 0.28+0.035/1.5/3.6+0.17 ms cpu, 3->4->1 MB, 4 MB goal, 0 MB stacks, 0 MB globals, 8 P
gc 131 @10.660s 0%: 0.041+0.95+0.023 ms clock, 0.33+0.033/1.4/3.5+0.19 ms cpu, 3->4->1 MB, 4 MB goal, 0 MB stacks, 0 MB globals, 8 P
gc 132 @10.733s 0%: 0.039+1.0+0.016 ms clock, 0.31+0.033/1.9/4.2+0.13 ms cpu, 3->4->1 MB, 4 MB goal, 0 MB stacks, 0 MB globals, 8 P
gc 133 @10.818s 0%: 0.039+0.81+0.011 ms clock, 0.31+0.032/1.3/2.6+0.089 ms cpu, 4->4->1 MB, 4 MB goal, 0 MB stacks, 0 MB globals, 8 P
gc 134 @10.883s 0%: 0.039+0.91+0.031 ms clock, 0.31+0.035/1.3/2.3+0.25 ms cpu, 3->4->1 MB, 4 MB goal, 0 MB stacks, 0 MB globals, 8 P
gc 135 @10.960s 0%: 0.037+0.94+0.004 ms clock, 0.29+0.033/1.7/4.0+0.034 ms cpu, 3->4->1 MB, 4 MB goal, 0 MB stacks, 0 MB globals, 8 P
gc 136 @11.032s 0%: 0.043+0.69+0.006 ms clock, 0.34+0.032/1.1/1.7+0.050 ms cpu, 3->4->1 MB, 4 MB goal, 0 MB stacks, 0 MB globals, 8 P
gc 137 @11.099s 0%: 0.037+0.94+0.003 ms clock, 0.29+0.032/1.7/4.1+0.029 ms cpu, 3->4->1 MB, 4 MB goal, 0 MB stacks, 0 MB globals, 8 P
gc 138 @11.174s 0%: 0.042+0.77+0.025 ms clock, 0.33+0.53/1.2/2.0+0.20 ms cpu, 3->4->1 MB, 4 MB goal, 0 MB stacks, 0 MB globals, 8 P
gc 139 @11.244s 0%: 0.039+0.95+0.004 ms clock, 0.31+0.10/1.7/3.8+0.033 ms cpu, 3->4->1 MB, 4 MB goal, 0 MB stacks, 0 MB globals, 8 P
gc 140 @11.323s 0%: 0.037+0.92+0.003 ms clock, 0.30+0.032/1.6/3.8+0.029 ms cpu, 3->4->1 MB, 4 MB goal, 0 MB stacks, 0 MB globals, 8 P
gc 141 @11.395s 0%: 0.042+1.0+0.006 ms clock, 0.33+0.033/1.5/3.7+0.052 ms cpu, 3->4->1 MB, 4 MB goal, 0 MB stacks, 0 MB globals, 8 P
gc 142 @11.456s 0%: 0.074+0.92+0.004 ms clock, 0.59+0.046/1.6/3.8+0.033 ms cpu, 3->3->1 MB, 4 MB goal, 0 MB stacks, 0 MB globals, 8 P
gc 143 @11.531s 0%: 0.039+0.85+0.008 ms clock, 0.31+0.037/1.5/3.6+0.068 ms cpu, 3->4->1 MB, 4 MB goal, 0 MB stacks, 0 MB globals, 8 P
gc 144 @11.696s 0%: 0.047+1.0+0.020 ms clock, 0.38+0.035/1.9/4.4+0.16 ms cpu, 3->4->1 MB, 4 MB goal, 0 MB stacks, 0 MB globals, 8 P
gc 145 @11.767s 0%: 0.039+1.0+0.007 ms clock, 0.31+0.031/2.0/4.6+0.062 ms cpu, 4->4->1 MB, 4 MB goal, 0 MB stacks, 0 MB globals, 8 P
gc 146 @11.837s 0%: 0.046+0.83+0.027 ms clock, 0.37+0.035/1.4/3.3+0.22 ms cpu, 3->3->1 MB, 4 MB goal, 0 MB stacks, 0 MB globals, 8 P
gc 147 @11.890s 0%: 0.037+0.75+0.017 ms clock, 0.30+0.043/1.0/2.4+0.14 ms cpu, 3->3->1 MB, 4 MB goal, 0 MB stacks, 0 MB globals, 8 P
gc 148 @11.949s 0%: 0.034+0.72+0.004 ms clock, 0.27+0.034/1.3/2.4+0.037 ms cpu, 3->3->1 MB, 4 MB goal, 0 MB stacks, 0 MB globals, 8 P
gc 149 @12.008s 0%: 0.040+0.91+0.033 ms clock, 0.32+0.033/1.6/4.0+0.26 ms cpu, 3->3->1 MB, 4 MB goal, 0 MB stacks, 0 MB globals, 8 P
gc 150 @12.080s 0%: 0.046+0.75+0.004 ms clock, 0.37+0.032/1.2/2.8+0.036 ms cpu, 3->4->1 MB, 4 MB goal, 0 MB stacks, 0 MB globals, 8 P
gc 151 @12.146s 0%: 0.046+0.92+0.005 ms clock, 0.36+0.034/1.6/3.7+0.047 ms cpu, 3->3->1 MB, 4 MB goal, 0 MB stacks, 0 MB globals, 8 P
gc 152 @12.214s 0%: 0.053+1.1+0.014 ms clock, 0.43+0.035/1.8/4.2+0.11 ms cpu, 3->4->1 MB, 4 MB goal, 0 MB stacks, 0 MB globals, 8 P
gc 153 @12.285s 0%: 0.041+0.97+0.013 ms clock, 0.33+0.032/1.6/4.1+0.10 ms cpu, 3->3->1 MB, 4 MB goal, 0 MB stacks, 0 MB globals, 8 P
gc 154 @12.350s 0%: 0.057+0.85+0.004 ms clock, 0.46+0.044/1.4/3.0+0.039 ms cpu, 3->4->1 MB, 4 MB goal, 0 MB stacks, 0 MB globals, 8 P
gc 155 @12.424s 0%: 0.062+0.82+0.027 ms clock, 0.50+0.034/1.2/1.6+0.21 ms cpu, 3->4->1 MB, 4 MB goal, 0 MB stacks, 0 MB globals, 8 P
gc 156 @12.476s 0%: 0.042+0.78+0.003 ms clock, 0.34+0.031/1.3/3.2+0.030 ms cpu, 3->3->1 MB, 4 MB goal, 0 MB stacks, 0 MB globals, 8 P
gc 157 @12.539s 0%: 0.041+0.80+0.025 ms clock, 0.33+0.032/1.2/2.6+0.20 ms cpu, 3->3->1 MB, 4 MB goal, 0 MB stacks, 0 MB globals, 8 P
gc 158 @12.596s 0%: 0.048+0.81+0.004 ms clock, 0.38+0.036/1.3/2.7+0.035 ms cpu, 3->4->1 MB, 4 MB goal, 0 MB stacks, 0 MB globals, 8 P
gc 159 @12.667s 0%: 0.036+1.0+0.003 ms clock, 0.28+0.033/1.9/4.3+0.028 ms cpu, 3->4->1 MB, 4 MB goal, 0 MB stacks, 0 MB globals, 8 P
gc 160 @12.742s 0%: 0.046+0.87+0.035 ms clock, 0.36+0.034/1.5/3.6+0.28 ms cpu, 3->4->1 MB, 4 MB goal, 0 MB stacks, 0 MB globals, 8 P
gc 161 @12.802s 0%: 0.042+0.71+0.003 ms clock, 0.33+0.034/1.3/2.8+0.027 ms cpu, 3->3->1 MB, 4 MB goal, 0 MB stacks, 0 MB globals, 8 P
gc 162 @12.861s 0%: 0.034+0.69+0.003 ms clock, 0.27+0.031/1.2/2.8+0.029 ms cpu, 3->3->1 MB, 4 MB goal, 0 MB stacks, 0 MB globals, 8 P
gc 163 @12.935s 0%: 0.044+1.0+0.003 ms clock, 0.35+0.035/1.8/4.5+0.029 ms cpu, 3->4->1 MB, 4 MB goal, 0 MB stacks, 0 MB globals, 8 P
gc 164 @13.013s 0%: 0.043+0.83+0.019 ms clock, 0.34+0.036/1.4/2.7+0.15 ms cpu, 3->3->1 MB, 4 MB goal, 0 MB stacks, 0 MB globals, 8 P
gc 165 @13.082s 0%: 0.047+0.84+0.012 ms clock, 0.37+0.034/1.4/2.9+0.10 ms cpu, 3->3->1 MB, 4 MB goal, 0 MB stacks, 0 MB globals, 8 P
gc 166 @13.158s 0%: 0.043+1.0+0.011 ms clock, 0.34+0.034/1.7/4.3+0.095 ms cpu, 3->4->1 MB, 4 MB goal, 0 MB stacks, 0 MB globals, 8 P
gc 167 @13.229s 0%: 0.040+1.0+0.004 ms clock, 0.32+0.032/1.9/4.3+0.032 ms cpu, 3->4->1 MB, 4 MB goal, 0 MB stacks, 0 MB globals, 8 P
gc 168 @13.296s 0%: 0.039+0.85+0.037 ms clock, 0.31+0.037/1.3/3.1+0.29 ms cpu, 3->4->1 MB, 4 MB goal, 0 MB stacks, 0 MB globals, 8 P
gc 169 @13.360s 0%: 0.054+0.72+0.031 ms clock, 0.43+0.031/1.2/2.3+0.25 ms cpu, 3->4->1 MB, 4 MB goal, 0 MB stacks, 0 MB globals, 8 P
gc 170 @13.422s 0%: 0.025+0.73+0.003 ms clock, 0.20+0.038/1.4/2.7+0.031 ms cpu, 3->3->1 MB, 4 MB goal, 0 MB stacks, 0 MB globals, 8 P
gc 171 @13.470s 0%: 0.034+0.68+0.027 ms clock, 0.27+0.032/0.96/2.2+0.21 ms cpu, 3->3->1 MB, 4 MB goal, 0 MB stacks, 0 MB globals, 8 P
gc 172 @13.532s 0%: 0.033+0.88+0.002 ms clock, 0.27+0.032/1.6/3.5+0.023 ms cpu, 3->3->1 MB, 4 MB goal, 0 MB stacks, 0 MB globals, 8 P
gc 173 @13.557s 0%: 0.22+0.65+0.003 ms clock, 1.8+0.52/1.1/1.6+0.025 ms cpu, 3->3->1 MB, 4 MB goal, 0 MB stacks, 0 MB globals, 8 P
gc 174 @13.607s 0%: 0.068+0.69+0.037 ms clock, 0.55+0.041/1.1/1.7+0.30 ms cpu, 3->3->1 MB, 4 MB goal, 0 MB stacks, 0 MB globals, 8 P
gc 175 @13.673s 0%: 0.046+1.0+0.026 ms clock, 0.36+0.038/1.7/4.1+0.21 ms cpu, 3->4->1 MB, 4 MB goal, 0 MB stacks, 0 MB globals, 8 P
gc 176 @13.750s 0%: 0.062+1.3+0.009 ms clock, 0.50+0.034/2.0/1.9+0.076 ms cpu, 3->4->1 MB, 4 MB goal, 0 MB stacks, 0 MB globals, 8 P
gc 177 @13.822s 0%: 0.049+1.0+0.019 ms clock, 0.39+0.038/1.8/4.1+0.15 ms cpu, 3->4->2 MB, 4 MB goal, 0 MB stacks, 0 MB globals, 8 P
gc 178 @13.907s 0%: 0.050+0.82+0.004 ms clock, 0.40+0.032/1.4/3.2+0.035 ms cpu, 4->4->1 MB, 4 MB goal, 0 MB stacks, 0 MB globals, 8 P
gc 179 @13.962s 0%: 0.039+0.95+0.023 ms clock, 0.31+0.034/1.7/4.1+0.18 ms cpu, 3->4->1 MB, 4 MB goal, 0 MB stacks, 0 MB globals, 8 P
gc 180 @14.035s 0%: 0.039+0.78+0.014 ms clock, 0.31+0.032/1.2/3.0+0.11 ms cpu, 4->4->1 MB, 4 MB goal, 0 MB stacks, 0 MB globals, 8 P
gc 181 @14.112s 0%: 0.046+0.78+0.014 ms clock, 0.36+0.028/1.3/2.9+0.11 ms cpu, 3->4->1 MB, 4 MB goal, 0 MB stacks, 0 MB globals, 8 P
gc 182 @14.176s 0%: 0.044+0.72+0.003 ms clock, 0.35+0.034/1.3/2.6+0.027 ms cpu, 3->4->1 MB, 4 MB goal, 0 MB stacks, 0 MB globals, 8 P
gc 183 @14.252s 0%: 0.038+1.0+0.021 ms clock, 0.30+0.038/1.8/4.1+0.17 ms cpu, 3->4->1 MB, 4 MB goal, 0 MB stacks, 0 MB globals, 8 P
gc 184 @14.329s 0%: 0.039+0.94+0.005 ms clock, 0.31+0.032/1.7/4.1+0.040 ms cpu, 3->4->2 MB, 4 MB goal, 0 MB stacks, 0 MB globals, 8 P
gc 185 @14.396s 0%: 0.036+0.94+0.003 ms clock, 0.28+0.033/1.7/4.1+0.028 ms cpu, 4->4->1 MB, 4 MB goal, 0 MB stacks, 0 MB globals, 8 P
gc 186 @14.454s 0%: 0.041+0.77+0.036 ms clock, 0.33+0.035/1.2/3.2+0.29 ms cpu, 3->4->1 MB, 4 MB goal, 0 MB stacks, 0 MB globals, 8 P
gc 187 @14.533s 0%: 0.037+1.0+0.008 ms clock, 0.29+0.033/1.9/4.6+0.065 ms cpu, 3->4->1 MB, 4 MB goal, 0 MB stacks, 0 MB globals, 8 P
gc 188 @14.613s 0%: 0.040+1.0+0.006 ms clock, 0.32+0.034/2.0/4.5+0.049 ms cpu, 3->4->1 MB, 4 MB goal, 0 MB stacks, 0 MB globals, 8 P
gc 189 @14.696s 0%: 0.040+0.78+0.018 ms clock, 0.32+0.033/1.3/3.1+0.15 ms cpu, 3->4->1 MB, 4 MB goal, 0 MB stacks, 0 MB globals, 8 P
gc 190 @14.779s 0%: 0.047+0.91+0.032 ms clock, 0.38+0.035/1.5/3.4+0.26 ms cpu, 4->4->1 MB, 4 MB goal, 0 MB stacks, 0 MB globals, 8 P
gc 191 @14.851s 0%: 0.038+0.74+0.013 ms clock, 0.31+0.033/1.2/2.1+0.10 ms cpu, 4->4->1 MB, 4 MB goal, 0 MB stacks, 0 MB globals, 8 P
gc 192 @14.915s 0%: 0.037+1.1+0.003 ms clock, 0.30+0.032/2.0/4.3+0.027 ms cpu, 3->4->1 MB, 4 MB goal, 0 MB stacks, 0 MB globals, 8 P
gc 193 @15.001s 0%: 0.042+0.74+0.019 ms clock, 0.33+0.046/1.2/2.6+0.15 ms cpu, 4->4->1 MB, 4 MB goal, 0 MB stacks, 0 MB globals, 8 P
gc 194 @15.058s 0%: 0.033+0.85+0.027 ms clock, 0.27+0.026/1.4/3.4+0.21 ms cpu, 4->4->1 MB, 4 MB goal, 0 MB stacks, 0 MB globals, 8 P
gc 195 @15.131s 0%: 0.042+0.68+0.004 ms clock, 0.33+0.033/1.1/2.0+0.037 ms cpu, 3->4->1 MB, 4 MB goal, 0 MB stacks, 0 MB globals, 8 P
gc 196 @15.198s 0%: 0.049+0.77+0.065 ms clock, 0.39+0.039/1.2/2.2+0.52 ms cpu, 3->4->1 MB, 4 MB goal, 0 MB stacks, 0 MB globals, 8 P
gc 197 @15.272s 0%: 0.054+0.93+0.010 ms clock, 0.43+0.026/1.4/3.3+0.085 ms cpu, 3->4->1 MB, 4 MB goal, 0 MB stacks, 0 MB globals, 8 P
gc 198 @15.349s 0%: 0.043+1.0+0.003 ms clock, 0.34+0.033/1.9/4.6+0.026 ms cpu, 4->4->1 MB, 4 MB goal, 0 MB stacks, 0 MB globals, 8 P
gc 199 @15.430s 0%: 0.047+0.79+0.018 ms clock, 0.37+0.032/1.3/3.0+0.14 ms cpu, 3->4->1 MB, 4 MB goal, 0 MB stacks, 0 MB globals, 8 P
gc 200 @15.481s 0%: 0.053+1.0+0.004 ms clock, 0.42+0.036/1.9/4.4+0.032 ms cpu, 4->4->1 MB, 4 MB goal, 0 MB stacks, 0 MB globals, 8 P
gc 201 @15.556s 0%: 0.041+0.88+0.003 ms clock, 0.32+0.032/1.6/3.6+0.029 ms cpu, 3->4->1 MB, 4 MB goal, 0 MB stacks, 0 MB globals, 8 P
gc 202 @15.640s 0%: 0.039+0.73+0.003 ms clock, 0.31+0.033/1.2/3.0+0.026 ms cpu, 3->4->1 MB, 4 MB goal, 0 MB stacks, 0 MB globals, 8 P
gc 203 @15.718s 0%: 0.038+1.0+0.015 ms clock, 0.30+0.032/1.8/4.3+0.12 ms cpu, 3->4->2 MB, 4 MB goal, 0 MB stacks, 0 MB globals, 8 P
gc 204 @15.795s 0%: 0.040+1.0+0.021 ms clock, 0.32+0.034/1.7/4.2+0.17 ms cpu, 4->4->1 MB, 4 MB goal, 0 MB stacks, 0 MB globals, 8 P
gc 205 @15.871s 0%: 0.038+0.75+0.018 ms clock, 0.30+0.036/1.0/2.6+0.14 ms cpu, 4->4->1 MB, 4 MB goal, 0 MB stacks, 0 MB globals, 8 P
gc 206 @15.943s 0%: 0.041+1.0+0.003 ms clock, 0.33+0.034/1.8/4.5+0.029 ms cpu, 3->4->1 MB, 4 MB goal, 0 MB stacks, 0 MB globals, 8 P
gc 207 @16.018s 0%: 0.039+0.67+0.009 ms clock, 0.31+0.034/1.1/2.4+0.072 ms cpu, 4->4->1 MB, 4 MB goal, 0 MB stacks, 0 MB globals, 8 P
gc 208 @16.099s 0%: 0.036+0.84+0.005 ms clock, 0.28+0.033/1.4/3.0+0.045 ms cpu, 3->4->1 MB, 4 MB goal, 0 MB stacks, 0 MB globals, 8 P
gc 209 @16.169s 0%: 0.044+0.76+0.012 ms clock, 0.35+0.035/1.3/3.0+0.096 ms cpu, 3->4->1 MB, 4 MB goal, 0 MB stacks, 0 MB globals, 8 P
gc 210 @16.237s 0%: 0.040+0.93+0.025 ms clock, 0.32+0.033/1.5/3.6+0.20 ms cpu, 3->3->1 MB, 4 MB goal, 0 MB stacks, 0 MB globals, 8 P
gc 211 @16.315s 0%: 0.045+0.76+0.003 ms clock, 0.36+0.051/1.3/3.0+0.027 ms cpu, 3->4->1 MB, 4 MB goal, 0 MB stacks, 0 MB globals, 8 P
gc 212 @16.391s 0%: 0.048+1.0+0.024 ms clock, 0.38+0.035/1.7/3.8+0.19 ms cpu, 3->4->1 MB, 4 MB goal, 0 MB stacks, 0 MB globals, 8 P
gc 213 @16.441s 0%: 0.10+1.0+0.030 ms clock, 0.83+0.058/1.8/3.7+0.24 ms cpu, 3->4->1 MB, 4 MB goal, 0 MB stacks, 0 MB globals, 8 P
gc 214 @16.521s 0%: 0.039+0.86+0.015 ms clock, 0.31+0.034/1.4/3.3+0.12 ms cpu, 4->4->1 MB, 4 MB goal, 0 MB stacks, 0 MB globals, 8 P
gc 215 @16.592s 0%: 0.039+1.0+0.027 ms clock, 0.31+0.032/1.8/4.2+0.21 ms cpu, 4->4->1 MB, 4 MB goal, 0 MB stacks, 0 MB globals, 8 P
gc 216 @16.657s 0%: 0.037+0.73+0.010 ms clock, 0.29+0.032/1.1/2.3+0.080 ms cpu, 3->4->1 MB, 4 MB goal, 0 MB stacks, 0 MB globals, 8 P
gc 217 @16.739s 0%: 0.047+1.0+0.008 ms clock, 0.38+0.039/1.9/4.7+0.067 ms cpu, 3->4->1 MB, 4 MB goal, 0 MB stacks, 0 MB globals, 8 P
gc 218 @16.814s 0%: 0.035+0.74+0.004 ms clock, 0.28+0.033/1.3/2.9+0.032 ms cpu, 3->4->1 MB, 4 MB goal, 0 MB stacks, 0 MB globals, 8 P
gc 219 @16.892s 0%: 0.034+1.0+0.022 ms clock, 0.27+0.054/1.8/4.4+0.18 ms cpu, 3->4->1 MB, 4 MB goal, 0 MB stacks, 0 MB globals, 8 P
gc 220 @16.971s 0%: 0.043+0.82+0.022 ms clock, 0.34+0.032/1.4/3.2+0.17 ms cpu, 3->4->2 MB, 4 MB goal, 0 MB stacks, 0 MB globals, 8 P
gc 221 @17.056s 0%: 0.044+0.74+0.003 ms clock, 0.35+0.032/1.2/3.0+0.028 ms cpu, 4->4->1 MB, 4 MB goal, 0 MB stacks, 0 MB globals, 8 P
gc 222 @17.119s 0%: 0.044+0.88+0.029 ms clock, 0.35+0.036/1.3/2.6+0.23 ms cpu, 3->4->1 MB, 4 MB goal, 0 MB stacks, 0 MB globals, 8 P
gc 223 @17.184s 0%: 0.062+1.1+0.004 ms clock, 0.49+0.039/2.0/1.4+0.035 ms cpu, 3->3->1 MB, 4 MB goal, 0 MB stacks, 0 MB globals, 8 P
gc 224 @17.249s 0%: 0.041+0.86+0.044 ms clock, 0.33+0.039/1.3/3.2+0.35 ms cpu, 3->4->1 MB, 4 MB goal, 0 MB stacks, 0 MB globals, 8 P
gc 225 @17.314s 0%: 0.039+0.82+0.006 ms clock, 0.31+0.033/1.2/2.9+0.051 ms cpu, 3->4->1 MB, 4 MB goal, 0 MB stacks, 0 MB globals, 8 P
gc 226 @17.397s 0%: 0.037+1.0+0.019 ms clock, 0.30+0.034/2.0/4.9+0.15 ms cpu, 4->4->1 MB, 4 MB goal, 0 MB stacks, 0 MB globals, 8 P
gc 227 @17.454s 0%: 0.044+1.0+0.004 ms clock, 0.35+0.033/1.9/4.8+0.032 ms cpu, 3->4->2 MB, 4 MB goal, 0 MB stacks, 0 MB globals, 8 P
gc 228 @17.536s 0%: 0.042+1.0+0.010 ms clock, 0.34+0.032/1.9/4.7+0.082 ms cpu, 4->4->1 MB, 4 MB goal, 0 MB stacks, 0 MB globals, 8 P
gc 229 @17.609s 0%: 0.039+1.0+0.006 ms clock, 0.31+0.037/1.9/4.7+0.048 ms cpu, 3->4->2 MB, 4 MB goal, 0 MB stacks, 0 MB globals, 8 P
gc 230 @17.684s 0%: 0.031+1.1+0.012 ms clock, 0.25+0.026/2.0/4.3+0.10 ms cpu, 4->4->1 MB, 4 MB goal, 0 MB stacks, 0 MB globals, 8 P
gc 231 @17.756s 0%: 0.048+0.67+0.003 ms clock, 0.38+0.034/1.2/2.0+0.027 ms cpu, 4->4->1 MB, 4 MB goal, 0 MB stacks, 0 MB globals, 8 P
gc 232 @17.842s 0%: 0.046+1.0+0.008 ms clock, 0.37+0.030/1.6/3.4+0.064 ms cpu, 3->4->1 MB, 4 MB goal, 0 MB stacks, 0 MB globals, 8 P
gc 233 @17.923s 0%: 0.036+0.89+0.003 ms clock, 0.29+0.033/1.7/3.6+0.024 ms cpu, 3->4->1 MB, 4 MB goal, 0 MB stacks, 0 MB globals, 8 P
gc 234 @18.006s 0%: 0.040+1.0+0.005 ms clock, 0.32+0.034/1.7/3.2+0.045 ms cpu, 4->4->1 MB, 4 MB goal, 0 MB stacks, 0 MB globals, 8 P
gc 235 @18.086s 0%: 0.041+0.71+0.004 ms clock, 0.33+0.037/1.2/2.4+0.039 ms cpu, 3->4->1 MB, 4 MB goal, 0 MB stacks, 0 MB globals, 8 P
gc 236 @18.165s 0%: 0.039+0.87+0.015 ms clock, 0.31+0.032/1.5/3.4+0.12 ms cpu, 3->4->1 MB, 4 MB goal, 0 MB stacks, 0 MB globals, 8 P
gc 237 @18.241s 0%: 0.047+0.93+0.004 ms clock, 0.37+0.035/1.6/3.8+0.037 ms cpu, 3->4->1 MB, 4 MB goal, 0 MB stacks, 0 MB globals, 8 P
gc 238 @18.315s 0%: 0.035+1.0+0.017 ms clock, 0.28+0.033/1.9/4.1+0.14 ms cpu, 3->4->1 MB, 4 MB goal, 0 MB stacks, 0 MB globals, 8 P
gc 239 @18.393s 0%: 0.045+0.79+0.003 ms clock, 0.36+0.037/1.1/2.9+0.031 ms cpu, 3->4->1 MB, 4 MB goal, 0 MB stacks, 0 MB globals, 8 P
gc 240 @18.445s 0%: 0.056+0.78+0.033 ms clock, 0.45+0.64/1.3/2.3+0.26 ms cpu, 3->4->2 MB, 4 MB goal, 0 MB stacks, 0 MB globals, 8 P
gc 241 @18.521s 0%: 0.063+0.84+0.015 ms clock, 0.51+0.057/1.3/3.3+0.12 ms cpu, 4->4->1 MB, 5 MB goal, 0 MB stacks, 0 MB globals, 8 P
gc 242 @18.590s 0%: 0.044+0.67+0.003 ms clock, 0.35+0.035/1.2/2.3+0.030 ms cpu, 3->4->1 MB, 4 MB goal, 0 MB stacks, 0 MB globals, 8 P
gc 243 @18.661s 0%: 0.055+0.94+0.059 ms clock, 0.44+0.048/1.7/3.8+0.47 ms cpu, 3->4->1 MB, 4 MB goal, 0 MB stacks, 0 MB globals, 8 P
gc 244 @18.739s 0%: 0.037+0.78+0.003 ms clock, 0.29+0.032/1.4/2.8+0.030 ms cpu, 3->4->1 MB, 4 MB goal, 0 MB stacks, 0 MB globals, 8 P
gc 245 @18.816s 0%: 0.042+0.92+0.015 ms clock, 0.33+0.034/1.5/2.9+0.12 ms cpu, 3->4->2 MB, 4 MB goal, 0 MB stacks, 0 MB globals, 8 P
gc 246 @18.902s 0%: 0.060+1.4+0.003 ms clock, 0.48+0.034/2.4/4.8+0.031 ms cpu, 4->4->1 MB, 4 MB goal, 0 MB stacks, 0 MB globals, 8 P
gc 247 @18.971s 0%: 0.046+0.78+0.011 ms clock, 0.37+0.039/1.2/2.3+0.090 ms cpu, 3->4->1 MB, 4 MB goal, 0 MB stacks, 0 MB globals, 8 P
gc 248 @19.052s 0%: 0.038+0.78+0.017 ms clock, 0.30+0.034/1.3/3.0+0.14 ms cpu, 4->4->1 MB, 4 MB goal, 0 MB stacks, 0 MB globals, 8 P
gc 249 @19.121s 0%: 0.067+0.74+0.026 ms clock, 0.54+0.045/1.3/2.7+0.21 ms cpu, 3->3->1 MB, 4 MB goal, 0 MB stacks, 0 MB globals, 8 P
gc 250 @19.206s 0%: 0.087+1.1+0.026 ms clock, 0.69+0.042/2.0/4.5+0.21 ms cpu, 3->4->1 MB, 4 MB goal, 0 MB stacks, 0 MB globals, 8 P
gc 251 @19.288s 0%: 0.038+1.1+0.004 ms clock, 0.30+0.033/2.0/4.5+0.037 ms cpu, 3->4->1 MB, 4 MB goal, 0 MB stacks, 0 MB globals, 8 P
gc 252 @19.362s 0%: 0.041+0.97+0.013 ms clock, 0.33+0.032/1.6/4.0+0.10 ms cpu, 3->4->1 MB, 4 MB goal, 0 MB stacks, 0 MB globals, 8 P
gc 253 @19.441s 0%: 0.039+0.88+0.017 ms clock, 0.31+0.032/1.5/3.2+0.13 ms cpu, 3->4->1 MB, 4 MB goal, 0 MB stacks, 0 MB globals, 8 P
gc 254 @19.482s 0%: 0.031+0.71+0.004 ms clock, 0.25+0.028/1.2/2.4+0.038 ms cpu, 3->4->1 MB, 4 MB goal, 0 MB stacks, 0 MB globals, 8 P
gc 255 @19.553s 0%: 0.040+0.87+0.018 ms clock, 0.32+0.033/1.5/3.3+0.14 ms cpu, 4->4->1 MB, 4 MB goal, 0 MB stacks, 0 MB globals, 8 P
gc 256 @19.629s 0%: 0.035+0.82+0.003 ms clock, 0.28+0.034/1.3/2.6+0.029 ms cpu, 3->4->1 MB, 4 MB goal, 0 MB stacks, 0 MB globals, 8 P
gc 257 @19.705s 0%: 0.039+1.0+0.020 ms clock, 0.31+0.033/1.8/4.0+0.16 ms cpu, 3->4->1 MB, 4 MB goal, 0 MB stacks, 0 MB globals, 8 P
gc 258 @19.774s 0%: 0.036+0.97+0.004 ms clock, 0.29+0.030/1.7/3.8+0.032 ms cpu, 3->4->1 MB, 4 MB goal, 0 MB stacks, 0 MB globals, 8 P
gc 259 @19.847s 0%: 0.073+0.90+0.028 ms clock, 0.59+0.036/1.4/2.7+0.22 ms cpu, 3->4->1 MB, 4 MB goal, 0 MB stacks, 0 MB globals, 8 P
gc 260 @19.925s 0%: 0.040+0.90+0.016 ms clock, 0.32+0.032/1.6/3.7+0.12 ms cpu, 3->4->1 MB, 4 MB goal, 0 MB stacks, 0 MB globals, 8 P
gc 261 @20.007s 0%: 0.041+0.70+0.009 ms clock, 0.33+0.034/1.2/2.5+0.072 ms cpu, 3->4->1 MB, 4 MB goal, 0 MB stacks, 0 MB globals, 8 P
gc 262 @20.050s 0%: 0.042+0.70+0.003 ms clock, 0.33+0.048/1.3/2.7+0.026 ms cpu, 3->4->2 MB, 4 MB goal, 0 MB stacks, 0 MB globals, 8 P
gc 263 @20.134s 0%: 0.025+0.89+0.030 ms clock, 0.20+0.033/1.5/3.5+0.24 ms cpu, 4->4->1 MB, 4 MB goal, 0 MB stacks, 0 MB globals, 8 P
gc 264 @20.201s 0%: 0.039+0.92+0.005 ms clock, 0.31+0.036/1.5/3.3+0.041 ms cpu, 3->4->1 MB, 4 MB goal, 0 MB stacks, 0 MB globals, 8 P
gc 265 @20.272s 0%: 0.038+0.80+0.013 ms clock, 0.30+0.032/1.3/2.8+0.10 ms cpu, 3->4->2 MB, 4 MB goal, 0 MB stacks, 0 MB globals, 8 P
gc 266 @20.358s 0%: 0.043+1.0+0.017 ms clock, 0.34+0.033/1.8/4.7+0.14 ms cpu, 4->4->1 MB, 4 MB goal, 0 MB stacks, 0 MB globals, 8 P
gc 267 @20.438s 0%: 0.039+0.89+0.003 ms clock, 0.31+0.032/1.5/3.5+0.028 ms cpu, 4->4->1 MB, 4 MB goal, 0 MB stacks, 0 MB globals, 8 P
gc 268 @20.478s 0%: 0.037+0.82+0.003 ms clock, 0.29+0.033/1.4/3.5+0.027 ms cpu, 3->4->2 MB, 4 MB goal, 0 MB stacks, 0 MB globals, 8 P
gc 269 @20.559s 0%: 0.055+1.0+0.010 ms clock, 0.44+0.034/1.8/4.2+0.083 ms cpu, 4->5->2 MB, 5 MB goal, 0 MB stacks, 0 MB globals, 8 P
gc 270 @20.643s 0%: 0.034+1.0+0.003 ms clock, 0.27+0.036/1.8/4.3+0.028 ms cpu, 4->4->1 MB, 4 MB goal, 0 MB stacks, 0 MB globals, 8 P
gc 271 @20.725s 0%: 0.045+0.90+0.003 ms clock, 0.36+0.035/1.6/3.4+0.028 ms cpu, 3->4->1 MB, 4 MB goal, 0 MB stacks, 0 MB globals, 8 P
gc 272 @20.800s 0%: 0.040+0.77+0.018 ms clock, 0.32+0.034/1.2/2.4+0.14 ms cpu, 3->4->1 MB, 4 MB goal, 0 MB stacks, 0 MB globals, 8 P
gc 273 @20.881s 0%: 0.042+0.89+0.003 ms clock, 0.33+0.033/1.6/3.6+0.028 ms cpu, 3->4->1 MB, 4 MB goal, 0 MB stacks, 0 MB globals, 8 P
gc 274 @20.952s 0%: 0.048+0.86+0.008 ms clock, 0.39+0.033/1.3/3.2+0.065 ms cpu, 3->4->1 MB, 4 MB goal, 0 MB stacks, 0 MB globals, 8 P
gc 275 @21.022s 0%: 0.054+1.0+0.041 ms clock, 0.43+0.29/1.7/2.8+0.33 ms cpu, 4->4->2 MB, 4 MB goal, 0 MB stacks, 0 MB globals, 8 P
gc 276 @21.098s 0%: 0.051+0.66+0.003 ms clock, 0.41+0.034/1.1/2.5+0.027 ms cpu, 4->4->1 MB, 4 MB goal, 0 MB stacks, 0 MB globals, 8 P
gc 277 @21.176s 0%: 0.039+0.75+0.003 ms clock, 0.31+0.033/1.2/2.9+0.031 ms cpu, 3->4->1 MB, 4 MB goal, 0 MB stacks, 0 MB globals, 8 P
gc 278 @21.250s 0%: 0.043+1.0+0.015 ms clock, 0.34+0.031/1.7/4.4+0.12 ms cpu, 3->4->1 MB, 4 MB goal, 0 MB stacks, 0 MB globals, 8 P
gc 279 @21.324s 0%: 0.042+0.80+0.003 ms clock, 0.33+0.033/1.4/3.4+0.024 ms cpu, 4->4->1 MB, 4 MB goal, 0 MB stacks, 0 MB globals, 8 P
gc 280 @21.404s 0%: 0.037+1.1+0.022 ms clock, 0.29+0.033/2.0/4.7+0.18 ms cpu, 4->4->1 MB, 4 MB goal, 0 MB stacks, 0 MB globals, 8 P
gc 281 @21.451s 0%: 0.10+0.84+0.021 ms clock, 0.81+0.42/1.4/2.5+0.17 ms cpu, 3->4->2 MB, 4 MB goal, 0 MB stacks, 0 MB globals, 8 P
gc 282 @21.535s 0%: 0.045+0.77+0.043 ms clock, 0.36+0.034/1.3/2.8+0.34 ms cpu, 4->4->2 MB, 5 MB goal, 0 MB stacks, 0 MB globals, 8 P
gc 283 @21.612s 0%: 0.038+0.79+0.020 ms clock, 0.30+0.033/1.4/3.0+0.16 ms cpu, 4->4->2 MB, 4 MB goal, 0 MB stacks, 0 MB globals, 8 P
gc 284 @21.689s 0%: 0.045+1.0+0.19 ms clock, 0.36+0.037/1.7/4.3+1.5 ms cpu, 4->4->2 MB, 5 MB goal, 0 MB stacks, 0 MB globals, 8 P
gc 285 @21.763s 0%: 0.039+0.86+0.010 ms clock, 0.31+0.033/1.5/3.3+0.087 ms cpu, 4->4->2 MB, 5 MB goal, 0 MB stacks, 0 MB globals, 8 P
gc 286 @21.836s 0%: 0.042+0.79+0.009 ms clock, 0.33+0.036/1.3/2.9+0.077 ms cpu, 4->4->2 MB, 5 MB goal, 0 MB stacks, 0 MB globals, 8 P
gc 287 @21.916s 0%: 0.040+0.94+0.004 ms clock, 0.32+0.032/1.7/4.1+0.034 ms cpu, 4->4->1 MB, 4 MB goal, 0 MB stacks, 0 MB globals, 8 P
gc 288 @21.993s 0%: 0.057+2.0+0.003 ms clock, 0.45+0.050/2.9/5.2+0.030 ms cpu, 3->4->2 MB, 4 MB goal, 0 MB stacks, 0 MB globals, 8 P
gc 289 @22.081s 0%: 0.051+0.88+0.003 ms clock, 0.41+0.037/1.6/3.9+0.028 ms cpu, 4->4->1 MB, 4 MB goal, 0 MB stacks, 0 MB globals, 8 P
gc 290 @22.142s 0%: 0.11+1.0+0.018 ms clock, 0.94+0.037/1.8/4.4+0.14 ms cpu, 3->3->1 MB, 4 MB goal, 0 MB stacks, 0 MB globals, 8 P
gc 291 @22.211s 0%: 0.048+1.1+0.047 ms clock, 0.38+0.043/1.9/4.7+0.38 ms cpu, 3->4->1 MB, 4 MB goal, 0 MB stacks, 0 MB globals, 8 P
gc 292 @22.287s 0%: 0.039+1.0+0.028 ms clock, 0.31+0.032/1.6/3.5+0.23 ms cpu, 3->4->1 MB, 4 MB goal, 0 MB stacks, 0 MB globals, 8 P
gc 293 @22.353s 0%: 0.048+0.96+0.006 ms clock, 0.38+0.043/1.6/3.3+0.051 ms cpu, 3->4->1 MB, 4 MB goal, 0 MB stacks, 0 MB globals, 8 P
gc 294 @22.425s 0%: 0.16+2.1+0.036 ms clock, 1.2+0.045/2.3/2.7+0.29 ms cpu, 3->4->2 MB, 4 MB goal, 0 MB stacks, 0 MB globals, 8 P
gc 295 @22.472s 0%: 0.063+4.4+4.1 ms clock, 0.51+0/1.9/0.79+33 ms cpu, 4->4->2 MB, 4 MB goal, 0 MB stacks, 0 MB globals, 8 P
gc 296 @22.553s 0%: 0.050+0.81+0.005 ms clock, 0.40+0.038/1.5/2.8+0.045 ms cpu, 4->4->2 MB, 5 MB goal, 0 MB stacks, 0 MB globals, 8 P
gc 297 @22.635s 0%: 0.044+0.87+0.003 ms clock, 0.35+0.036/1.5/3.0+0.028 ms cpu, 4->4->2 MB, 4 MB goal, 0 MB stacks, 0 MB globals, 8 P
gc 298 @22.691s 0%: 0.058+1.2+0.003 ms clock, 0.46+0.042/1.4/1.0+0.031 ms cpu, 4->4->2 MB, 5 MB goal, 0 MB stacks, 0 MB globals, 8 P
gc 299 @22.763s 0%: 0.040+1.0+0.014 ms clock, 0.32+0.033/1.8/4.6+0.11 ms cpu, 4->4->2 MB, 5 MB goal, 0 MB stacks, 0 MB globals, 8 P
gc 300 @22.831s 0%: 0.042+1.1+0.004 ms clock, 0.33+0.034/1.9/3.4+0.033 ms cpu, 4->4->2 MB, 5 MB goal, 0 MB stacks, 0 MB globals, 8 P
gc 301 @22.899s 0%: 0.043+0.85+0.029 ms clock, 0.34+0.035/1.3/2.3+0.23 ms cpu, 4->4->2 MB, 4 MB goal, 0 MB stacks, 0 MB globals, 8 P
gc 302 @22.974s 0%: 0.051+1.1+0.033 ms clock, 0.41+0.15/1.7/3.9+0.26 ms cpu, 4->4->2 MB, 4 MB goal, 0 MB stacks, 0 MB globals, 8 P
gc 303 @23.047s 0%: 0.044+0.76+0.062 ms clock, 0.35+0.034/1.2/2.7+0.50 ms cpu, 4->4->2 MB, 5 MB goal, 0 MB stacks, 0 MB globals, 8 P
gc 304 @23.132s 0%: 1.6+3.9+0.074 ms clock, 13+0.039/0.004/1.9+0.59 ms cpu, 4->4->1 MB, 4 MB goal, 0 MB stacks, 0 MB globals, 8 P
gc 305 @23.200s 0%: 0.061+0.77+0.003 ms clock, 0.49+0.25/1.4/2.4+0.031 ms cpu, 3->4->2 MB, 4 MB goal, 0 MB stacks, 0 MB globals, 8 P
gc 306 @23.286s 0%: 0.038+0.99+0.002 ms clock, 0.30+0.033/1.8/4.3+0.023 ms cpu, 4->4->1 MB, 5 MB goal, 0 MB stacks, 0 MB globals, 8 P
gc 307 @23.361s 0%: 0.036+1.0+0.019 ms clock, 0.29+0.034/1.6/4.0+0.15 ms cpu, 4->4->1 MB, 4 MB goal, 0 MB stacks, 0 MB globals, 8 P
gc 308 @23.436s 0%: 0.050+0.95+0.033 ms clock, 0.40+0.034/1.6/3.2+0.26 ms cpu, 3->4->1 MB, 4 MB goal, 0 MB stacks, 0 MB globals, 8 P
gc 309 @23.486s 0%: 0.039+1.0+0.013 ms clock, 0.31+0.031/1.8/3.7+0.10 ms cpu, 3->4->2 MB, 4 MB goal, 0 MB stacks, 0 MB globals, 8 P
gc 310 @23.573s 0%: 0.039+1.1+0.014 ms clock, 0.31+0.031/1.9/4.8+0.11 ms cpu, 4->4->1 MB, 5 MB goal, 0 MB stacks, 0 MB globals, 8 P
gc 311 @23.644s 0%: 0.11+1.3+0.021 ms clock, 0.90+0.035/2.1/1.3+0.17 ms cpu, 3->4->1 MB, 4 MB goal, 0 MB stacks, 0 MB globals, 8 P
gc 312 @23.717s 0%: 0.040+0.85+0.012 ms clock, 0.32+0.034/1.4/3.1+0.097 ms cpu, 4->4->1 MB, 4 MB goal, 0 MB stacks, 0 MB globals, 8 P
gc 313 @23.790s 0%: 0.037+0.75+0.016 ms clock, 0.30+0.032/1.2/2.9+0.13 ms cpu, 4->4->1 MB, 4 MB goal, 0 MB stacks, 0 MB globals, 8 P
gc 314 @23.865s 0%: 0.073+0.85+0.031 ms clock, 0.58+0.036/1.4/3.0+0.25 ms cpu, 3->4->1 MB, 4 MB goal, 0 MB stacks, 0 MB globals, 8 P
gc 315 @23.944s 0%: 0.041+0.68+0.007 ms clock, 0.33+0.034/1.2/2.2+0.061 ms cpu, 3->3->1 MB, 4 MB goal, 0 MB stacks, 0 MB globals, 8 P
gc 316 @24.022s 0%: 0.035+0.89+0.005 ms clock, 0.28+0.030/1.4/3.3+0.046 ms cpu, 3->4->1 MB, 4 MB goal, 0 MB stacks, 0 MB globals, 8 P
gc 317 @24.100s 0%: 0.039+0.86+0.007 ms clock, 0.31+0.033/1.4/2.6+0.056 ms cpu, 3->4->1 MB, 4 MB goal, 0 MB stacks, 0 MB globals, 8 P
gc 318 @24.179s 0%: 0.043+0.78+0.010 ms clock, 0.34+0.034/1.3/2.9+0.080 ms cpu, 4->4->2 MB, 4 MB goal, 0 MB stacks, 0 MB globals, 8 P
gc 319 @24.250s 0%: 0.036+0.96+0.003 ms clock, 0.29+0.033/1.7/3.9+0.024 ms cpu, 4->4->2 MB, 4 MB goal, 0 MB stacks, 0 MB globals, 8 P
gc 320 @24.333s 0%: 0.036+0.98+0.015 ms clock, 0.29+0.031/1.7/3.8+0.12 ms cpu, 4->4->1 MB, 5 MB goal, 0 MB stacks, 0 MB globals, 8 P
gc 321 @24.411s 0%: 0.036+1.0+0.021 ms clock, 0.29+0.036/1.8/4.6+0.17 ms cpu, 3->4->2 MB, 4 MB goal, 0 MB stacks, 0 MB globals, 8 P
gc 322 @24.457s 0%: 0.065+0.67+0.004 ms clock, 0.52+0.57/1.2/2.0+0.039 ms cpu, 4->4->2 MB, 4 MB goal, 0 MB stacks, 0 MB globals, 8 P
gc 323 @24.528s 0%: 0.038+0.76+0.006 ms clock, 0.31+0.037/1.2/2.4+0.055 ms cpu, 4->4->2 MB, 5 MB goal, 0 MB stacks, 0 MB globals, 8 P
gc 324 @24.596s 0%: 0.040+0.80+0.028 ms clock, 0.32+0.033/1.4/3.2+0.23 ms cpu, 4->4->2 MB, 4 MB goal, 0 MB stacks, 0 MB globals, 8 P
gc 325 @24.675s 0%: 0.036+1.1+0.014 ms clock, 0.29+0.033/2.0/4.9+0.11 ms cpu, 4->4->2 MB, 4 MB goal, 0 MB stacks, 0 MB globals, 8 P
gc 326 @24.757s 0%: 0.047+0.96+0.003 ms clock, 0.38+0.033/1.7/4.2+0.031 ms cpu, 4->4->2 MB, 4 MB goal, 0 MB stacks, 0 MB globals, 8 P
gc 327 @24.845s 0%: 0.036+0.85+0.003 ms clock, 0.29+0.032/1.5/3.7+0.028 ms cpu, 4->4->2 MB, 4 MB goal, 0 MB stacks, 0 MB globals, 8 P
gc 328 @24.925s 0%: 0.044+0.97+0.015 ms clock, 0.35+0.033/1.7/4.1+0.12 ms cpu, 4->4->1 MB, 5 MB goal, 0 MB stacks, 0 MB globals, 8 P
gc 329 @25.007s 0%: 0.036+0.84+0.003 ms clock, 0.29+0.031/1.3/3.1+0.026 ms cpu, 3->4->1 MB, 4 MB goal, 0 MB stacks, 0 MB globals, 8 P
gc 330 @25.045s 0%: 0.041+0.85+0.013 ms clock, 0.32+0.033/1.3/3.4+0.10 ms cpu, 4->4->2 MB, 4 MB goal, 0 MB stacks, 0 MB globals, 8 P
gc 331 @25.117s 0%: 0.045+0.97+0.014 ms clock, 0.36+0.037/1.7/3.8+0.11 ms cpu, 4->4->2 MB, 5 MB goal, 0 MB stacks, 0 MB globals, 8 P
gc 332 @25.198s 0%: 0.068+0.77+0.003 ms clock, 0.55+0.039/1.3/2.8+0.027 ms cpu, 4->4->1 MB, 4 MB goal, 0 MB stacks, 0 MB globals, 8 P
gc 333 @25.274s 0%: 0.040+1.0+0.020 ms clock, 0.32+0.034/1.8/4.3+0.16 ms cpu, 4->4->2 MB, 4 MB goal, 0 MB stacks, 0 MB globals, 8 P
gc 334 @25.360s 0%: 0.044+0.75+0.004 ms clock, 0.35+0.033/1.2/2.8+0.037 ms cpu, 4->4->1 MB, 4 MB goal, 0 MB stacks, 0 MB globals, 8 P
gc 335 @25.439s 0%: 0.042+0.83+0.004 ms clock, 0.34+0.040/1.4/3.0+0.032 ms cpu, 3->4->1 MB, 4 MB goal, 0 MB stacks, 0 MB globals, 8 P
gc 336 @25.478s 0%: 0.039+0.70+0.004 ms clock, 0.31+0.037/1.2/2.4+0.039 ms cpu, 3->3->2 MB, 4 MB goal, 0 MB stacks, 0 MB globals, 8 P
gc 337 @25.555s 0%: 0.043+0.77+0.034 ms clock, 0.34+0.032/1.3/2.5+0.27 ms cpu, 4->4->1 MB, 4 MB goal, 0 MB stacks, 0 MB globals, 8 P
gc 338 @25.637s 0%: 0.042+0.86+0.035 ms clock, 0.34+0.033/1.4/3.3+0.28 ms cpu, 4->4->1 MB, 4 MB goal, 0 MB stacks, 0 MB globals, 8 P
gc 339 @25.708s 0%: 0.082+2.3+0.067 ms clock, 0.66+0.043/1.0/0.022+0.54 ms cpu, 3->4->2 MB, 4 MB goal, 0 MB stacks, 0 MB globals, 8 P
gc 340 @25.784s 0%: 0.045+0.86+0.019 ms clock, 0.36+0/1.5/3.1+0.15 ms cpu, 4->4->2 MB, 4 MB goal, 0 MB stacks, 0 MB globals, 8 P
gc 341 @25.870s 0%: 0.039+0.98+0.003 ms clock, 0.31+0.033/1.8/4.3+0.024 ms cpu, 4->4->1 MB, 5 MB goal, 0 MB stacks, 0 MB globals, 8 P
gc 342 @25.944s 0%: 0.040+0.69+0.004 ms clock, 0.32+0.033/1.1/2.5+0.036 ms cpu, 3->4->2 MB, 4 MB goal, 0 MB stacks, 0 MB globals, 8 P
gc 343 @26.023s 0%: 0.042+0.72+0.022 ms clock, 0.34+0.033/1.2/2.8+0.18 ms cpu, 4->4->1 MB, 4 MB goal, 0 MB stacks, 0 MB globals, 8 P
gc 344 @26.094s 0%: 0.040+0.77+0.009 ms clock, 0.32+0.033/1.3/2.9+0.072 ms cpu, 3->4->1 MB, 4 MB goal, 0 MB stacks, 0 MB globals, 8 P
gc 345 @26.175s 0%: 0.039+0.80+0.003 ms clock, 0.31+0.035/1.2/2.3+0.029 ms cpu, 3->4->2 MB, 4 MB goal, 0 MB stacks, 0 MB globals, 8 P
gc 346 @26.246s 0%: 0.040+1.2+0.057 ms clock, 0.32+0.045/2.1/4.9+0.46 ms cpu, 4->4->2 MB, 4 MB goal, 0 MB stacks, 0 MB globals, 8 P
gc 347 @26.326s 0%: 0.047+1.0+0.007 ms clock, 0.38+0.036/1.8/3.7+0.056 ms cpu, 4->4->2 MB, 5 MB goal, 0 MB stacks, 0 MB globals, 8 P
gc 348 @26.402s 0%: 0.043+0.90+0.027 ms clock, 0.35+0.034/1.5/3.6+0.21 ms cpu, 4->4->1 MB, 5 MB goal, 0 MB stacks, 0 MB globals, 8 P
gc 349 @26.463s 0%: 0.091+0.78+0.034 ms clock, 0.73+0.61/1.3/0.94+0.27 ms cpu, 4->4->2 MB, 4 MB goal, 0 MB stacks, 0 MB globals, 8 P
gc 350 @26.537s 0%: 0.051+0.94+0.003 ms clock, 0.41+0.035/1.7/3.9+0.026 ms cpu, 4->4->2 MB, 4 MB goal, 0 MB stacks, 0 MB globals, 8 P
gc 351 @26.615s 0%: 0.041+1.0+0.003 ms clock, 0.33+0.033/1.8/4.1+0.030 ms cpu, 4->4->1 MB, 5 MB goal, 0 MB stacks, 0 MB globals, 8 P
gc 352 @26.694s 0%: 0.036+1.0+0.010 ms clock, 0.28+0.030/1.9/4.6+0.082 ms cpu, 4->4->2 MB, 4 MB goal, 0 MB stacks, 0 MB globals, 8 P
gc 353 @26.763s 0%: 0.046+0.93+0.004 ms clock, 0.37+0.024/1.6/3.9+0.033 ms cpu, 4->4->1 MB, 4 MB goal, 0 MB stacks, 0 MB globals, 8 P
gc 354 @26.841s 0%: 0.041+0.86+0.015 ms clock, 0.33+0.033/1.4/3.5+0.12 ms cpu, 4->4->1 MB, 4 MB goal, 0 MB stacks, 0 MB globals, 8 P
gc 355 @26.911s 0%: 0.040+1.1+0.003 ms clock, 0.32+0.032/2.0/5.0+0.028 ms cpu, 3->4->2 MB, 4 MB goal, 0 MB stacks, 0 MB globals, 8 P
gc 356 @26.991s 0%: 0.037+0.90+0.010 ms clock, 0.29+0.029/1.6/3.8+0.085 ms cpu, 4->4->2 MB, 4 MB goal, 0 MB stacks, 0 MB globals, 8 P
gc 357 @27.071s 0%: 0.46+1.1+0.031 ms clock, 3.7+0.13/1.8/2.1+0.24 ms cpu, 4->4->2 MB, 5 MB goal, 0 MB stacks, 0 MB globals, 8 P
gc 358 @27.156s 0%: 0.037+0.91+0.029 ms clock, 0.30+0.032/1.5/3.6+0.23 ms cpu, 4->4->1 MB, 5 MB goal, 0 MB stacks, 0 MB globals, 8 P
gc 359 @27.219s 0%: 0.037+0.71+0.025 ms clock, 0.30+0.033/1.1/2.1+0.20 ms cpu, 3->4->1 MB, 4 MB goal, 0 MB stacks, 0 MB globals, 8 P
gc 360 @27.296s 0%: 0.037+0.71+0.059 ms clock, 0.29+0.032/1.0/2.5+0.47 ms cpu, 3->4->1 MB, 4 MB goal, 0 MB stacks, 0 MB globals, 8 P
gc 361 @27.362s 0%: 0.040+0.77+0.017 ms clock, 0.32+0.033/1.2/2.9+0.14 ms cpu, 3->4->2 MB, 4 MB goal, 0 MB stacks, 0 MB globals, 8 P
gc 362 @27.440s 0%: 0.045+1.0+0.004 ms clock, 0.36+0.032/1.9/4.3+0.034 ms cpu, 4->4->2 MB, 4 MB goal, 0 MB stacks, 0 MB globals, 8 P
gc 363 @27.476s 0%: 0.038+0.75+0.003 ms clock, 0.30+0.032/1.3/3.0+0.029 ms cpu, 4->4->2 MB, 5 MB goal, 0 MB stacks, 0 MB globals, 8 P
gc 364 @27.567s 0%: 0.036+0.63+0.010 ms clock, 0.29+0.033/1.0/2.0+0.083 ms cpu, 4->4->1 MB, 5 MB goal, 0 MB stacks, 0 MB globals, 8 P
gc 365 @27.612s 0%: 0.042+0.86+0.010 ms clock, 0.33+0.032/1.6/3.6+0.081 ms cpu, 3->3->2 MB, 4 MB goal, 0 MB stacks, 0 MB globals, 8 P
gc 366 @27.687s 0%: 0.041+0.90+0.009 ms clock, 0.33+0.034/1.7/3.5+0.074 ms cpu, 4->4->1 MB, 4 MB goal, 0 MB stacks, 0 MB globals, 8 P
gc 367 @27.769s 0%: 0.038+1.0+0.016 ms clock, 0.30+0.032/1.7/4.2+0.13 ms cpu, 3->4->1 MB, 4 MB goal, 0 MB stacks, 0 MB globals, 8 P
gc 368 @27.845s 0%: 0.040+0.77+0.018 ms clock, 0.32+0.034/1.4/2.7+0.14 ms cpu, 4->4->1 MB, 4 MB goal, 0 MB stacks, 0 MB globals, 8 P
gc 369 @27.920s 0%: 0.047+0.84+0.020 ms clock, 0.37+0.035/1.2/3.2+0.16 ms cpu, 3->4->1 MB, 4 MB goal, 0 MB stacks, 0 MB globals, 8 P
gc 370 @27.998s 0%: 0.031+0.90+0.003 ms clock, 0.25+0.027/1.6/3.8+0.025 ms cpu, 4->4->1 MB, 4 MB goal, 0 MB stacks, 0 MB globals, 8 P
gc 371 @28.075s 0%: 0.040+0.92+0.049 ms clock, 0.32+0.036/1.2/2.4+0.39 ms cpu, 3->4->2 MB, 4 MB goal, 0 MB stacks, 0 MB globals, 8 P
gc 372 @28.151s 0%: 0.039+1.0+0.009 ms clock, 0.31+0.032/1.7/4.0+0.075 ms cpu, 4->4->1 MB, 5 MB goal, 0 MB stacks, 0 MB globals, 8 P
gc 373 @28.224s 0%: 0.043+1.0+0.003 ms clock, 0.34+0.047/1.9/4.1+0.029 ms cpu, 3->4->2 MB, 4 MB goal, 0 MB stacks, 0 MB globals, 8 P
gc 374 @28.304s 0%: 0.039+0.66+0.003 ms clock, 0.31+0.034/1.2/3.1+0.026 ms cpu, 4->4->1 MB, 5 MB goal, 0 MB stacks, 0 MB globals, 8 P
gc 375 @28.383s 0%: 0.12+0.97+0.015 ms clock, 0.98+0.19/1.5/2.8+0.12 ms cpu, 3->4->2 MB, 4 MB goal, 0 MB stacks, 0 MB globals, 8 P
gc 376 @28.449s 0%: 0.048+0.88+0.036 ms clock, 0.38+0.040/1.4/3.2+0.29 ms cpu, 4->4->2 MB, 5 MB goal, 0 MB stacks, 0 MB globals, 8 P
gc 377 @28.493s 0%: 0.038+0.80+0.007 ms clock, 0.30+0.034/1.3/2.2+0.056 ms cpu, 4->4->2 MB, 4 MB goal, 0 MB stacks, 0 MB globals, 8 P
gc 378 @28.574s 0%: 0.062+0.96+0.003 ms clock, 0.49+0.039/1.6/3.6+0.026 ms cpu, 4->4->2 MB, 5 MB goal, 0 MB stacks, 0 MB globals, 8 P
gc 379 @28.632s 0%: 0.040+0.85+0.027 ms clock, 0.32+0.034/1.3/3.1+0.21 ms cpu, 4->4->2 MB, 4 MB goal, 0 MB stacks, 0 MB globals, 8 P
gc 380 @28.702s 0%: 0.038+0.79+0.003 ms clock, 0.30+0.033/1.4/3.4+0.029 ms cpu, 4->4->1 MB, 5 MB goal, 0 MB stacks, 0 MB globals, 8 P
gc 381 @28.792s 0%: 0.034+0.98+0.023 ms clock, 0.27+0.032/1.7/4.0+0.19 ms cpu, 4->4->1 MB, 4 MB goal, 0 MB stacks, 0 MB globals, 8 P
gc 382 @28.864s 0%: 0.038+0.83+0.005 ms clock, 0.30+0.033/1.2/2.9+0.046 ms cpu, 3->4->2 MB, 4 MB goal, 0 MB stacks, 0 MB globals, 8 P
gc 383 @28.950s 0%: 0.044+0.86+0.008 ms clock, 0.35+0.033/1.5/2.3+0.071 ms cpu, 4->4->2 MB, 4 MB goal, 0 MB stacks, 0 MB globals, 8 P
gc 384 @29.035s 0%: 0.039+0.87+0.016 ms clock, 0.31+0.035/1.4/3.3+0.13 ms cpu, 4->4->1 MB, 4 MB goal, 0 MB stacks, 0 MB globals, 8 P
gc 385 @29.099s 0%: 0.048+0.97+0.016 ms clock, 0.38+0.033/1.6/3.7+0.12 ms cpu, 3->4->2 MB, 4 MB goal, 0 MB stacks, 0 MB globals, 8 P
gc 386 @29.182s 0%: 0.041+0.73+0.005 ms clock, 0.33+0.032/1.2/3.0+0.042 ms cpu, 4->4->1 MB, 5 MB goal, 0 MB stacks, 0 MB globals, 8 P
gc 387 @29.254s 0%: 0.043+1.1+0.015 ms clock, 0.34+0.038/2.0/4.7+0.12 ms cpu, 3->4->2 MB, 4 MB goal, 0 MB stacks, 0 MB globals, 8 P
gc 388 @29.331s 0%: 0.040+0.84+0.011 ms clock, 0.32+0.031/1.5/2.4+0.092 ms cpu, 4->4->2 MB, 4 MB goal, 0 MB stacks, 0 MB globals, 8 P
gc 389 @29.409s 0%: 0.15+1.7+0.30 ms clock, 1.2+0.082/1.3/0.42+2.4 ms cpu, 4->4->2 MB, 4 MB goal, 0 MB stacks, 0 MB globals, 8 P
gc 390 @29.472s 0%: 0.11+0.92+0.016 ms clock, 0.92+1.0/1.6/2.0+0.13 ms cpu, 4->4->2 MB, 5 MB goal, 0 MB stacks, 0 MB globals, 8 P
gc 391 @29.550s 0%: 0.042+0.90+0.003 ms clock, 0.34+0.034/1.6/3.7+0.024 ms cpu, 4->4->2 MB, 5 MB goal, 0 MB stacks, 0 MB globals, 8 P
gc 392 @29.623s 0%: 0.044+1.1+0.009 ms clock, 0.35+0.032/1.9/4.7+0.076 ms cpu, 4->5->2 MB, 5 MB goal, 0 MB stacks, 0 MB globals, 8 P
gc 393 @29.714s 0%: 0.042+0.81+0.033 ms clock, 0.34+0.032/1.3/3.0+0.26 ms cpu, 4->4->2 MB, 5 MB goal, 0 MB stacks, 0 MB globals, 8 P
gc 394 @29.784s 0%: 0.031+0.70+0.016 ms clock, 0.24+0.029/1.0/2.7+0.13 ms cpu, 4->4->1 MB, 5 MB goal, 0 MB stacks, 0 MB globals, 8 P
gc 395 @29.853s 0%: 0.042+0.91+0.024 ms clock, 0.33+0.034/1.5/3.8+0.19 ms cpu, 3->4->1 MB, 4 MB goal, 0 MB stacks, 0 MB globals, 8 P
gc 396 @29.924s 0%: 0.039+1.1+0.024 ms clock, 0.31+0.033/1.9/4.3+0.19 ms cpu, 4->4->2 MB, 4 MB goal, 0 MB stacks, 0 MB globals, 8 P
gc 397 @29.997s 0%: 0.043+0.83+0.015 ms clock, 0.34+0.036/1.4/2.8+0.12 ms cpu, 4->4->2 MB, 5 MB goal, 0 MB stacks, 0 MB globals, 8 P
gc 398 @30.047s 0%: 0.043+0.84+0.008 ms clock, 0.35+0.032/1.5/3.7+0.064 ms cpu, 4->4->2 MB, 4 MB goal, 0 MB stacks, 0 MB globals, 8 P
gc 399 @30.120s 0%: 0.037+1.1+0.003 ms clock, 0.30+0.033/2.0/4.7+0.028 ms cpu, 4->4->1 MB, 4 MB goal, 0 MB stacks, 0 MB globals, 8 P
gc 400 @30.191s 0%: 0.046+0.82+0.003 ms clock, 0.36+0.033/1.3/2.7+0.024 ms cpu, 4->4->1 MB, 4 MB goal, 0 MB stacks, 0 MB globals, 8 P
gc 401 @30.268s 0%: 0.079+0.97+0.006 ms clock, 0.63+0.037/1.4/1.3+0.050 ms cpu, 3->4->1 MB, 4 MB goal, 0 MB stacks, 0 MB globals, 8 P
gc 402 @30.319s 0%: 0.047+0.89+0.035 ms clock, 0.37+0.032/1.5/3.7+0.28 ms cpu, 4->4->2 MB, 4 MB goal, 0 MB stacks, 0 MB globals, 8 P
gc 403 @30.414s 0%: 0.039+0.81+0.003 ms clock, 0.31+0.036/1.4/3.0+0.031 ms cpu, 4->4->1 MB, 4 MB goal, 0 MB stacks, 0 MB globals, 8 P
gc 404 @30.475s 0%: 0.12+0.70+0.007 ms clock, 1.0+0.25/1.2/2.0+0.057 ms cpu, 4->4->2 MB, 4 MB goal, 0 MB stacks, 0 MB globals, 8 P
gc 405 @30.569s 0%: 0.036+0.89+0.018 ms clock, 0.29+0.034/1.6/3.6+0.15 ms cpu, 4->4->2 MB, 5 MB goal, 0 MB stacks, 0 MB globals, 8 P
gc 406 @30.638s 0%: 0.048+1.0+0.030 ms clock, 0.38+0.036/1.8/4.5+0.24 ms cpu, 4->4->2 MB, 4 MB goal, 0 MB stacks, 0 MB globals, 8 P
gc 407 @30.717s 0%: 0.044+0.85+0.003 ms clock, 0.35+0.038/1.5/3.5+0.028 ms cpu, 4->4->2 MB, 4 MB goal, 0 MB stacks, 0 MB globals, 8 P
gc 408 @30.799s 0%: 0.039+0.96+0.005 ms clock, 0.31+0.035/1.7/4.2+0.040 ms cpu, 4->4->2 MB, 4 MB goal, 0 MB stacks, 0 MB globals, 8 P
gc 409 @30.886s 0%: 0.037+1.0+0.004 ms clock, 0.30+0.033/1.9/4.5+0.036 ms cpu, 4->4->1 MB, 5 MB goal, 0 MB stacks, 0 MB globals, 8 P
gc 410 @30.957s 0%: 0.047+0.86+0.019 ms clock, 0.38+0.033/1.5/3.5+0.15 ms cpu, 4->4->1 MB, 4 MB goal, 0 MB stacks, 0 MB globals, 8 P
gc 411 @31.039s 0%: 0.034+0.93+0.003 ms clock, 0.27+0.028/1.6/4.1+0.025 ms cpu, 4->4->1 MB, 4 MB goal, 0 MB stacks, 0 MB globals, 8 P
gc 412 @31.112s 0%: 0.037+0.83+0.018 ms clock, 0.30+0.034/1.4/3.3+0.14 ms cpu, 3->4->2 MB, 4 MB goal, 0 MB stacks, 0 MB globals, 8 P
gc 413 @31.186s 0%: 0.033+0.69+0.005 ms clock, 0.26+0.031/1.1/2.4+0.046 ms cpu, 4->4->2 MB, 5 MB goal, 0 MB stacks, 0 MB globals, 8 P
gc 414 @31.267s 0%: 0.036+0.74+0.022 ms clock, 0.29+0.033/1.2/2.7+0.18 ms cpu, 4->4->1 MB, 4 MB goal, 0 MB stacks, 0 MB globals, 8 P
gc 415 @31.333s 0%: 0.041+0.79+0.026 ms clock, 0.33+0.032/1.2/2.5+0.21 ms cpu, 3->4->1 MB, 4 MB goal, 0 MB stacks, 0 MB globals, 8 P
gc 416 @31.406s 0%: 0.059+0.72+0.004 ms clock, 0.47+0.039/1.2/2.5+0.034 ms cpu, 3->4->1 MB, 4 MB goal, 0 MB stacks, 0 MB globals, 8 P
gc 417 @31.477s 0%: 0.10+0.81+0.009 ms clock, 0.82+1.0/1.4/1.0+0.077 ms cpu, 3->4->2 MB, 4 MB goal, 0 MB stacks, 0 MB globals, 8 P
gc 418 @31.551s 0%: 0.041+0.85+0.004 ms clock, 0.33+0.031/1.4/3.4+0.037 ms cpu, 4->4->1 MB, 5 MB goal, 0 MB stacks, 0 MB globals, 8 P
gc 419 @31.634s 0%: 0.053+0.90+0.003 ms clock, 0.42+0.035/1.6/3.8+0.028 ms cpu, 4->4->1 MB, 4 MB goal, 0 MB stacks, 0 MB globals, 8 P
gc 420 @31.717s 0%: 0.043+1.1+0.022 ms clock, 0.34+0.033/1.8/4.6+0.17 ms cpu, 4->4->2 MB, 4 MB goal, 0 MB stacks, 0 MB globals, 8 P
gc 421 @31.797s 0%: 0.033+1.0+0.015 ms clock, 0.26+0.028/1.8/4.1+0.12 ms cpu, 4->4->1 MB, 5 MB goal, 0 MB stacks, 0 MB globals, 8 P
gc 422 @31.871s 0%: 0.034+0.83+0.013 ms clock, 0.27+0.033/1.4/3.2+0.10 ms cpu, 4->4->2 MB, 4 MB goal, 0 MB stacks, 0 MB globals, 8 P
gc 423 @31.954s 0%: 0.040+0.81+0.003 ms clock, 0.32+0.035/1.2/2.2+0.025 ms cpu, 4->4->1 MB, 4 MB goal, 0 MB stacks, 0 MB globals, 8 P
gc 424 @32.035s 0%: 0.047+0.96+0.028 ms clock, 0.37+0.57/1.5/2.9+0.22 ms cpu, 4->4->2 MB, 4 MB goal, 0 MB stacks, 0 MB globals, 8 P
gc 425 @32.110s 0%: 0.083+1.0+0.051 ms clock, 0.67+0.037/1.7/3.4+0.40 ms cpu, 4->4->2 MB, 5 MB goal, 0 MB stacks, 0 MB globals, 8 P
gc 426 @32.162s 0%: 0.040+0.82+0.003 ms clock, 0.32+0.031/1.4/2.8+0.028 ms cpu, 4->4->2 MB, 5 MB goal, 0 MB stacks, 0 MB globals, 8 P
gc 427 @32.237s 0%: 0.050+0.78+0.027 ms clock, 0.40+0.036/1.3/2.8+0.21 ms cpu, 4->4->2 MB, 5 MB goal, 0 MB stacks, 0 MB globals, 8 P
gc 428 @32.324s 0%: 0.096+1.4+0.072 ms clock, 0.77+0.035/2.1/2.1+0.57 ms cpu, 4->5->2 MB, 5 MB goal, 0 MB stacks, 0 MB globals, 8 P
gc 429 @32.394s 0%: 0.042+0.87+0.003 ms clock, 0.33+0.034/1.5/2.4+0.027 ms cpu, 4->4->2 MB, 5 MB goal, 0 MB stacks, 0 MB globals, 8 P
gc 430 @32.471s 0%: 0.037+1.2+0.015 ms clock, 0.30+0.033/2.0/4.9+0.12 ms cpu, 4->4->2 MB, 4 MB goal, 0 MB stacks, 0 MB globals, 8 P
gc 431 @32.511s 0%: 0.046+0.89+0.005 ms clock, 0.37+0.038/1.6/3.2+0.041 ms cpu, 4->4->2 MB, 4 MB goal, 0 MB stacks, 0 MB globals, 8 P
gc 432 @32.593s 0%: 0.041+0.74+0.004 ms clock, 0.33+0.034/1.2/2.9+0.032 ms cpu, 4->4->1 MB, 5 MB goal, 0 MB stacks, 0 MB globals, 8 P
gc 433 @32.661s 0%: 0.041+0.97+0.005 ms clock, 0.33+0.031/1.6/3.7+0.040 ms cpu, 3->4->1 MB, 4 MB goal, 0 MB stacks, 0 MB globals, 8 P
gc 434 @32.736s 0%: 0.049+0.83+0.020 ms clock, 0.39+0.032/1.4/2.9+0.16 ms cpu, 4->4->1 MB, 4 MB goal, 0 MB stacks, 0 MB globals, 8 P
gc 435 @32.813s 0%: 0.042+0.99+0.028 ms clock, 0.34+0.034/1.7/4.2+0.23 ms cpu, 4->4->2 MB, 4 MB goal, 0 MB stacks, 0 MB globals, 8 P
gc 436 @32.903s 0%: 0.038+0.85+0.005 ms clock, 0.31+0.036/1.4/3.4+0.042 ms cpu, 4->4->1 MB, 4 MB goal, 0 MB stacks, 0 MB globals, 8 P
gc 437 @32.983s 0%: 0.037+0.76+0.023 ms clock, 0.30+0.033/1.3/2.7+0.18 ms cpu, 4->4->2 MB, 4 MB goal, 0 MB stacks, 0 MB globals, 8 P
gc 438 @33.055s 0%: 0.041+0.94+0.030 ms clock, 0.32+0.045/1.6/3.6+0.24 ms cpu, 4->4->2 MB, 4 MB goal, 0 MB stacks, 0 MB globals, 8 P
gc 439 @33.132s 0%: 0.043+0.98+0.010 ms clock, 0.34+0.036/1.8/4.4+0.084 ms cpu, 4->4->2 MB, 5 MB goal, 0 MB stacks, 0 MB globals, 8 P
gc 440 @33.209s 0%: 0.051+1.8+0.074 ms clock, 0.41+0.041/2.4/3.3+0.59 ms cpu, 4->4->2 MB, 4 MB goal, 0 MB stacks, 0 MB globals, 8 P
gc 441 @33.294s 0%: 0.036+0.84+0.004 ms clock, 0.29+0.032/1.3/3.3+0.033 ms cpu, 4->4->2 MB, 5 MB goal, 0 MB stacks, 0 MB globals, 8 P
gc 442 @33.373s 0%: 0.039+0.75+0.014 ms clock, 0.31+0.032/1.2/2.8+0.11 ms cpu, 4->4->1 MB, 4 MB goal, 0 MB stacks, 0 MB globals, 8 P
gc 443 @33.456s 0%: 0.040+1.0+0.022 ms clock, 0.32+0.033/1.9/4.4+0.18 ms cpu, 4->4->1 MB, 4 MB goal, 0 MB stacks, 0 MB globals, 8 P
gc 444 @33.492s 0%: 0.043+0.80+0.020 ms clock, 0.34+0.033/1.3/2.9+0.16 ms cpu, 3->3->2 MB, 4 MB goal, 0 MB stacks, 0 MB globals, 8 P
gc 445 @33.572s 0%: 0.041+0.71+0.041 ms clock, 0.33+0.033/1.0/2.3+0.33 ms cpu, 4->4->1 MB, 5 MB goal, 0 MB stacks, 0 MB globals, 8 P
gc 446 @33.640s 0%: 0.031+0.89+0.006 ms clock, 0.24+0.030/1.6/3.9+0.050 ms cpu, 3->4->1 MB, 4 MB goal, 0 MB stacks, 0 MB globals, 8 P
gc 447 @33.722s 0%: 0.043+0.75+0.004 ms clock, 0.34+0.031/1.2/3.2+0.033 ms cpu, 4->4->1 MB, 4 MB goal, 0 MB stacks, 0 MB globals, 8 P
gc 448 @33.800s 0%: 0.042+0.96+0.009 ms clock, 0.33+0.032/1.7/4.1+0.075 ms cpu, 3->4->1 MB, 4 MB goal, 0 MB stacks, 0 MB globals, 8 P
gc 449 @33.883s 0%: 0.039+0.77+0.025 ms clock, 0.31+0.034/1.2/1.1+0.20 ms cpu, 4->4->1 MB, 4 MB goal, 0 MB stacks, 0 MB globals, 8 P
gc 450 @33.957s 0%: 0.041+0.85+0.025 ms clock, 0.33+0.033/1.4/3.7+0.20 ms cpu, 3->4->1 MB, 4 MB goal, 0 MB stacks, 0 MB globals, 8 P
gc 451 @34.034s 0%: 0.044+1.1+0.004 ms clock, 0.35+0.033/2.0/5.0+0.035 ms cpu, 3->4->2 MB, 4 MB goal, 0 MB stacks, 0 MB globals, 8 P
gc 452 @34.120s 0%: 0.046+0.72+0.016 ms clock, 0.37+0.036/1.2/2.4+0.12 ms cpu, 4->4->2 MB, 4 MB goal, 0 MB stacks, 0 MB globals, 8 P
gc 453 @34.193s 0%: 0.085+0.82+0.023 ms clock, 0.68+0.048/1.4/3.1+0.18 ms cpu, 4->4->1 MB, 4 MB goal, 0 MB stacks, 0 MB globals, 8 P
gc 454 @34.237s 0%: 0.036+1.0+0.003 ms clock, 0.29+0.032/2.0/4.5+0.027 ms cpu, 3->4->2 MB, 4 MB goal, 0 MB stacks, 0 MB globals, 8 P
gc 455 @34.314s 0%: 0.036+0.80+0.026 ms clock, 0.29+0.033/1.4/2.9+0.21 ms cpu, 4->4->2 MB, 5 MB goal, 0 MB stacks, 0 MB globals, 8 P
gc 456 @34.398s 0%: 0.045+1.0+0.034 ms clock, 0.36+0.072/1.6/2.8+0.27 ms cpu, 4->4->1 MB, 4 MB goal, 0 MB stacks, 0 MB globals, 8 P
gc 457 @34.472s 0%: 0.041+0.96+0.003 ms clock, 0.32+0.032/1.7/4.0+0.028 ms cpu, 4->4->2 MB, 4 MB goal, 0 MB stacks, 0 MB globals, 8 P
gc 458 @34.520s 0%: 0.033+0.86+0.004 ms clock, 0.26+0.027/1.5/3.6+0.036 ms cpu, 4->4->2 MB, 4 MB goal, 0 MB stacks, 0 MB globals, 8 P
gc 459 @34.603s 0%: 0.049+0.73+0.003 ms clock, 0.39+0.034/1.1/2.7+0.031 ms cpu, 4->4->2 MB, 5 MB goal, 0 MB stacks, 0 MB globals, 8 P
gc 460 @34.680s 0%: 0.041+1.0+0.016 ms clock, 0.32+0.032/1.8/4.3+0.12 ms cpu, 4->4->1 MB, 5 MB goal, 0 MB stacks, 0 MB globals, 8 P
gc 461 @34.761s 0%: 0.039+0.99+0.024 ms clock, 0.31+0.032/1.8/4.3+0.19 ms cpu, 4->4->2 MB, 4 MB goal, 0 MB stacks, 0 MB globals, 8 P
gc 462 @34.840s 0%: 0.048+0.81+0.052 ms clock, 0.38+0.037/1.2/2.5+0.42 ms cpu, 4->4->1 MB, 5 MB goal, 0 MB stacks, 0 MB globals, 8 P
gc 463 @34.915s 0%: 0.045+0.74+0.004 ms clock, 0.36+0.032/1.3/3.3+0.037 ms cpu, 4->4->1 MB, 4 MB goal, 0 MB stacks, 0 MB globals, 8 P
gc 464 @34.992s 0%: 0.049+0.67+0.003 ms clock, 0.39+0.041/1.2/2.5+0.027 ms cpu, 4->4->2 MB, 4 MB goal, 0 MB stacks, 0 MB globals, 8 P
gc 465 @35.049s 0%: 0.040+1.1+0.003 ms clock, 0.32+0.038/2.0/5.0+0.030 ms cpu, 4->4->1 MB, 5 MB goal, 0 MB stacks, 0 MB globals, 8 P
gc 466 @35.132s 0%: 0.035+0.82+0.032 ms clock, 0.28+0.030/1.5/3.5+0.25 ms cpu, 4->4->1 MB, 4 MB goal, 0 MB stacks, 0 MB globals, 8 P
gc 467 @35.213s 0%: 0.16+1.3+0.033 ms clock, 1.2+0.046/1.6/0.73+0.26 ms cpu, 4->4->2 MB, 4 MB goal, 0 MB stacks, 0 MB globals, 8 P
gc 468 @35.285s 0%: 0.044+0.87+0.034 ms clock, 0.35+0.034/1.5/3.2+0.27 ms cpu, 4->4->2 MB, 4 MB goal, 0 MB stacks, 0 MB globals, 8 P
gc 469 @35.371s 0%: 0.075+0.66+0.004 ms clock, 0.60+0.038/1.2/2.2+0.032 ms cpu, 4->4->1 MB, 4 MB goal, 0 MB stacks, 0 MB globals, 8 P
gc 470 @35.445s 0%: 0.034+0.71+0.084 ms clock, 0.27+0.043/1.0/2.5+0.67 ms cpu, 4->4->2 MB, 4 MB goal, 0 MB stacks, 0 MB globals, 8 P
gc 471 @35.492s 0%: 0.038+1.0+0.015 ms clock, 0.30+0.036/1.8/3.9+0.12 ms cpu, 4->4->2 MB, 4 MB goal, 0 MB stacks, 0 MB globals, 8 P
gc 472 @35.573s 0%: 0.043+0.78+0.016 ms clock, 0.34+0.039/1.3/2.4+0.13 ms cpu, 4->4->2 MB, 5 MB goal, 0 MB stacks, 0 MB globals, 8 P
gc 473 @35.645s 0%: 0.038+0.74+0.010 ms clock, 0.31+0.033/1.2/2.7+0.080 ms cpu, 4->4->1 MB, 5 MB goal, 0 MB stacks, 0 MB globals, 8 P
gc 474 @35.719s 0%: 0.044+0.81+0.007 ms clock, 0.35+0.033/1.4/2.7+0.062 ms cpu, 3->4->2 MB, 4 MB goal, 0 MB stacks, 0 MB globals, 8 P
gc 475 @35.806s 0%: 0.039+0.73+0.007 ms clock, 0.31+0.032/1.2/2.7+0.058 ms cpu, 4->4->1 MB, 5 MB goal, 0 MB stacks, 0 MB globals, 8 P
gc 476 @35.887s 0%: 0.045+0.86+0.025 ms clock, 0.36+0.034/1.4/3.5+0.20 ms cpu, 3->4->1 MB, 4 MB goal, 0 MB stacks, 0 MB globals, 8 P
gc 477 @35.936s 0%: 0.038+0.93+0.005 ms clock, 0.30+0.033/1.6/3.6+0.044 ms cpu, 4->4->2 MB, 4 MB goal, 0 MB stacks, 0 MB globals, 8 P
gc 478 @36.023s 0%: 0.049+1.1+0.004 ms clock, 0.39+0.034/2.0/4.0+0.037 ms cpu, 4->4->2 MB, 4 MB goal, 0 MB stacks, 0 MB globals, 8 P
gc 479 @36.094s 0%: 0.043+0.92+0.006 ms clock, 0.34+0.035/1.3/1.9+0.049 ms cpu, 4->4->1 MB, 4 MB goal, 0 MB stacks, 0 MB globals, 8 P
gc 480 @36.176s 0%: 0.068+0.80+0.004 ms clock, 0.55+0.76/1.2/1.3+0.033 ms cpu, 4->4->2 MB, 4 MB goal, 0 MB stacks, 0 MB globals, 8 P
gc 481 @36.250s 0%: 0.040+1.2+0.023 ms clock, 0.32+0.038/2.0/4.3+0.19 ms cpu, 4->4->2 MB, 5 MB goal, 0 MB stacks, 0 MB globals, 8 P
gc 482 @36.321s 0%: 0.044+0.99+0.004 ms clock, 0.35+0.035/1.6/3.8+0.035 ms cpu, 4->4->2 MB, 5 MB goal, 0 MB stacks, 0 MB globals, 8 P
gc 483 @36.407s 0%: 0.071+0.98+0.004 ms clock, 0.57+0.036/1.5/3.3+0.033 ms cpu, 4->4->1 MB, 5 MB goal, 0 MB stacks, 0 MB globals, 8 P
gc 484 @36.487s 0%: 0.045+0.93+0.007 ms clock, 0.36+0.035/1.6/3.6+0.056 ms cpu, 4->4->2 MB, 4 MB goal, 0 MB stacks, 0 MB globals, 8 P
gc 485 @36.534s 0%: 0.037+0.93+0.003 ms clock, 0.30+0.033/1.8/3.8+0.029 ms cpu, 4->4->2 MB, 4 MB goal, 0 MB stacks, 0 MB globals, 8 P
gc 486 @36.616s 0%: 0.041+0.92+0.024 ms clock, 0.33+0.033/1.6/3.6+0.19 ms cpu, 4->4->2 MB, 5 MB goal, 0 MB stacks, 0 MB globals, 8 P
gc 487 @36.701s 0%: 0.037+0.84+0.012 ms clock, 0.29+0.032/1.4/3.1+0.10 ms cpu, 4->4->2 MB, 5 MB goal, 0 MB stacks, 0 MB globals, 8 P
gc 488 @36.770s 0%: 0.036+0.98+0.004 ms clock, 0.28+0.029/1.8/4.5+0.032 ms cpu, 4->4->1 MB, 4 MB goal, 0 MB stacks, 0 MB globals, 8 P
gc 489 @36.847s 0%: 0.037+0.87+0.010 ms clock, 0.29+0.031/1.4/2.9+0.084 ms cpu, 4->4->2 MB, 4 MB goal, 0 MB stacks, 0 MB globals, 8 P
gc 490 @36.933s 0%: 0.034+1.0+0.006 ms clock, 0.27+0.032/1.3/3.0+0.050 ms cpu, 4->4->2 MB, 5 MB goal, 0 MB stacks, 0 MB globals, 8 P
gc 491 @37.013s 0%: 0.036+0.96+0.027 ms clock, 0.29+0.029/1.6/3.9+0.21 ms cpu, 4->4->2 MB, 5 MB goal, 0 MB stacks, 0 MB globals, 8 P
gc 492 @37.091s 0%: 0.036+0.64+0.004 ms clock, 0.28+0.033/1.1/2.3+0.034 ms cpu, 4->4->2 MB, 4 MB goal, 0 MB stacks, 0 MB globals, 8 P
gc 493 @37.171s 0%: 0.045+1.0+0.003 ms clock, 0.36+0.033/2.0/4.6+0.025 ms cpu, 4->4->1 MB, 4 MB goal, 0 MB stacks, 0 MB globals, 8 P
gc 494 @37.246s 0%: 0.036+1.0+0.032 ms clock, 0.29+0.047/1.9/4.5+0.25 ms cpu, 3->4->2 MB, 4 MB goal, 0 MB stacks, 0 MB globals, 8 P
gc 495 @37.282s 0%: 0.044+1.1+0.066 ms clock, 0.35+0.037/1.8/4.5+0.52 ms cpu, 4->4->2 MB, 4 MB goal, 0 MB stacks, 0 MB globals, 8 P
gc 496 @37.362s 0%: 0.038+0.88+0.017 ms clock, 0.30+0.035/1.5/3.1+0.13 ms cpu, 4->4->2 MB, 5 MB goal, 0 MB stacks, 0 MB globals, 8 P
gc 497 @37.430s 0%: 0.041+0.89+0.026 ms clock, 0.33+0.035/1.4/3.4+0.20 ms cpu, 4->4->2 MB, 4 MB goal, 0 MB stacks, 0 MB globals, 8 P
gc 498 @37.495s 0%: 0.13+0.77+0.032 ms clock, 1.0+1.9/1.2/0.028+0.26 ms cpu, 4->4->2 MB, 4 MB goal, 0 MB stacks, 0 MB globals, 8 P
gc 499 @37.581s 0%: 0.065+0.95+0.010 ms clock, 0.52+0.057/1.6/4.1+0.086 ms cpu, 4->4->2 MB, 5 MB goal, 0 MB stacks, 0 MB globals, 8 P
gc 500 @37.664s 0%: 0.037+0.86+0.003 ms clock, 0.30+0.031/1.6/3.8+0.029 ms cpu, 4->4->1 MB, 5 MB goal, 0 MB stacks, 0 MB globals, 8 P
gc 501 @37.735s 0%: 0.058+0.75+0.004 ms clock, 0.46+0.050/1.3/2.6+0.032 ms cpu, 3->4->1 MB, 4 MB goal, 0 MB stacks, 0 MB globals, 8 P
gc 502 @37.805s 0%: 0.038+0.92+0.024 ms clock, 0.30+0.038/1.5/2.6+0.19 ms cpu, 4->4->2 MB, 4 MB goal, 0 MB stacks, 0 MB globals, 8 P
gc 503 @37.878s 0%: 0.042+0.79+0.014 ms clock, 0.33+0.032/1.3/2.9+0.11 ms cpu, 4->4->1 MB, 4 MB goal, 0 MB stacks, 0 MB globals, 8 P
gc 504 @37.953s 0%: 0.044+0.92+0.006 ms clock, 0.35+0.034/1.6/3.5+0.053 ms cpu, 3->4->2 MB, 4 MB goal, 0 MB stacks, 0 MB globals, 8 P
gc 505 @38.038s 0%: 0.043+0.89+0.013 ms clock, 0.34+0.034/1.6/3.6+0.11 ms cpu, 4->4->1 MB, 4 MB goal, 0 MB stacks, 0 MB globals, 8 P
gc 506 @38.089s 0%: 0.042+0.80+0.021 ms clock, 0.33+0.035/1.3/2.8+0.17 ms cpu, 4->4->2 MB, 4 MB goal, 0 MB stacks, 0 MB globals, 8 P
gc 507 @38.159s 0%: 0.045+0.79+0.004 ms clock, 0.36+0.034/1.3/2.9+0.036 ms cpu, 4->4->2 MB, 5 MB goal, 0 MB stacks, 0 MB globals, 8 P
gc 508 @38.247s 0%: 0.042+1.0+0.025 ms clock, 0.33+0.032/1.8/4.3+0.20 ms cpu, 4->4->2 MB, 5 MB goal, 0 MB stacks, 0 MB globals, 8 P
gc 509 @38.329s 0%: 0.038+0.93+0.007 ms clock, 0.30+0.032/1.5/3.6+0.058 ms cpu, 4->4->2 MB, 4 MB goal, 0 MB stacks, 0 MB globals, 8 P
gc 510 @38.410s 0%: 0.038+0.83+0.021 ms clock, 0.30+0.032/1.3/2.9+0.17 ms cpu, 4->4->1 MB, 4 MB goal, 0 MB stacks, 0 MB globals, 8 P
gc 511 @38.486s 0%: 0.033+0.82+0.031 ms clock, 0.27+0.030/1.4/3.3+0.25 ms cpu, 4->4->2 MB, 4 MB goal, 0 MB stacks, 0 MB globals, 8 P
gc 512 @38.531s 0%: 0.048+0.80+0.003 ms clock, 0.39+0.034/1.1/2.5+0.028 ms cpu, 4->4->2 MB, 4 MB goal, 0 MB stacks, 0 MB globals, 8 P
gc 513 @38.613s 0%: 0.037+1.2+0.031 ms clock, 0.30+0.039/2.0/4.6+0.25 ms cpu, 4->5->2 MB, 5 MB goal, 0 MB stacks, 0 MB globals, 8 P
gc 514 @38.703s 0%: 0.046+0.87+0.003 ms clock, 0.37+0.035/1.6/3.3+0.027 ms cpu, 4->4->1 MB, 5 MB goal, 0 MB stacks, 0 MB globals, 8 P
gc 515 @38.780s 0%: 0.035+0.80+0.013 ms clock, 0.28+0.033/1.3/3.0+0.11 ms cpu, 4->4->1 MB, 4 MB goal, 0 MB stacks, 0 MB globals, 8 P
gc 516 @38.859s 0%: 0.039+0.79+0.013 ms clock, 0.31+0.057/1.3/2.8+0.10 ms cpu, 4->4->1 MB, 4 MB goal, 0 MB stacks, 0 MB globals, 8 P
gc 517 @38.938s 0%: 0.048+0.80+0.022 ms clock, 0.39+0.036/1.4/3.1+0.17 ms cpu, 3->4->1 MB, 4 MB goal, 0 MB stacks, 0 MB globals, 8 P
gc 518 @39.013s 0%: 0.043+0.87+0.021 ms clock, 0.34+0.037/1.2/2.0+0.17 ms cpu, 4->4->2 MB, 4 MB goal, 0 MB stacks, 0 MB globals, 8 P
gc 519 @39.051s 0%: 0.11+0.87+0.007 ms clock, 0.90+2.1/1.4/0.047+0.058 ms cpu, 4->4->2 MB, 4 MB goal, 0 MB stacks, 0 MB globals, 8 P
gc 520 @39.141s 0%: 0.052+1.1+0.029 ms clock, 0.42+0.038/2.0/4.8+0.23 ms cpu, 4->4->2 MB, 5 MB goal, 0 MB stacks, 0 MB globals, 8 P
gc 521 @39.217s 0%: 0.040+0.91+0.004 ms clock, 0.32+0.033/1.6/3.5+0.037 ms cpu, 4->4->1 MB, 4 MB goal, 0 MB stacks, 0 MB globals, 8 P
gc 522 @39.292s 0%: 0.040+0.95+0.003 ms clock, 0.32+0.033/1.7/4.0+0.029 ms cpu, 4->4->1 MB, 4 MB goal, 0 MB stacks, 0 MB globals, 8 P
gc 523 @39.351s 0%: 0.052+0.89+0.019 ms clock, 0.41+0.052/1.4/2.9+0.15 ms cpu, 4->4->2 MB, 4 MB goal, 0 MB stacks, 0 MB globals, 8 P
gc 524 @39.430s 0%: 0.037+0.81+0.027 ms clock, 0.29+0.034/1.4/2.8+0.22 ms cpu, 4->4->2 MB, 5 MB goal, 0 MB stacks, 0 MB globals, 8 P
gc 525 @39.502s 0%: 0.12+1.0+0.039 ms clock, 0.99+3.0/1.8/0.070+0.31 ms cpu, 4->4->2 MB, 5 MB goal, 0 MB stacks, 0 MB globals, 8 P
gc 526 @39.586s 0%: 0.21+2.0+0.042 ms clock, 1.7+0.045/2.9/0.017+0.34 ms cpu, 4->5->2 MB, 5 MB goal, 0 MB stacks, 0 MB globals, 8 P
gc 527 @39.659s 0%: 0.045+0.86+0.017 ms clock, 0.36+0.033/1.6/3.3+0.14 ms cpu, 4->4->2 MB, 5 MB goal, 0 MB stacks, 0 MB globals, 8 P
gc 528 @39.736s 0%: 0.056+1.0+0.007 ms clock, 0.45+0.035/2.0/4.6+0.063 ms cpu, 4->4->2 MB, 5 MB goal, 0 MB stacks, 0 MB globals, 8 P
gc 529 @39.820s 0%: 0.044+1.1+0.003 ms clock, 0.35+0.034/2.0/4.4+0.028 ms cpu, 4->4->2 MB, 5 MB goal, 0 MB stacks, 0 MB globals, 8 P
gc 530 @39.894s 0%: 0.034+0.78+0.017 ms clock, 0.27+0.028/1.2/2.3+0.13 ms cpu, 4->4->1 MB, 4 MB goal, 0 MB stacks, 0 MB globals, 8 P
gc 531 @39.973s 0%: 0.040+1.0+0.003 ms clock, 0.32+0.033/2.0/4.7+0.028 ms cpu, 4->4->2 MB, 4 MB goal, 0 MB stacks, 0 MB globals, 8 P
gc 532 @40.027s 0%: 0.048+0.79+0.018 ms clock, 0.38+0.034/1.3/2.9+0.14 ms cpu, 4->4->2 MB, 5 MB goal, 0 MB stacks, 0 MB globals, 8 P
gc 533 @40.100s 0%: 0.044+0.89+0.072 ms clock, 0.35+0.036/1.6/3.8+0.58 ms cpu, 4->4->2 MB, 5 MB goal, 0 MB stacks, 0 MB globals, 8 P
gc 534 @40.178s 0%: 0.040+0.81+0.011 ms clock, 0.32+0.032/1.4/3.0+0.090 ms cpu, 4->4->2 MB, 5 MB goal, 0 MB stacks, 0 MB globals, 8 P
gc 535 @40.252s 0%: 0.036+1.1+0.003 ms clock, 0.29+0.033/2.0/4.8+0.029 ms cpu, 4->4->2 MB, 4 MB goal, 0 MB stacks, 0 MB globals, 8 P
gc 536 @40.333s 0%: 0.036+0.86+0.033 ms clock, 0.29+0.033/1.5/3.4+0.26 ms cpu, 4->4->1 MB, 5 MB goal, 0 MB stacks, 0 MB globals, 8 P
gc 537 @40.397s 0%: 0.033+1.0+0.016 ms clock, 0.26+0.029/1.8/4.4+0.12 ms cpu, 4->4->2 MB, 4 MB goal, 0 MB stacks, 0 MB globals, 8 P
gc 538 @40.478s 0%: 0.042+1.0+0.012 ms clock, 0.33+0/1.8/4.3+0.10 ms cpu, 4->4->2 MB, 5 MB goal, 0 MB stacks, 0 MB globals, 8 P
gc 539 @40.516s 0%: 0.039+0.93+0.003 ms clock, 0.31+0.032/1.6/3.8+0.024 ms cpu, 4->4->2 MB, 5 MB goal, 0 MB stacks, 0 MB globals, 8 P
gc 540 @40.598s 0%: 0.045+1.1+0.012 ms clock, 0.36+0.034/1.9/4.6+0.098 ms cpu, 4->4->2 MB, 5 MB goal, 0 MB stacks, 0 MB globals, 8 P
gc 541 @40.670s 0%: 0.040+0.85+0.016 ms clock, 0.32+0.032/1.2/3.1+0.13 ms cpu, 4->4->2 MB, 5 MB goal, 0 MB stacks, 0 MB globals, 8 P
gc 542 @40.737s 0%: 0.041+0.89+0.028 ms clock, 0.33+0.037/1.4/3.6+0.22 ms cpu, 4->4->2 MB, 5 MB goal, 0 MB stacks, 0 MB globals, 8 P
gc 543 @40.824s 0%: 0.045+0.99+0.003 ms clock, 0.36+0.036/1.8/4.0+0.031 ms cpu, 4->4->1 MB, 5 MB goal, 0 MB stacks, 0 MB globals, 8 P
gc 544 @40.895s 0%: 0.043+0.93+0.025 ms clock, 0.34+0.034/1.6/3.6+0.20 ms cpu, 4->4->2 MB, 4 MB goal, 0 MB stacks, 0 MB globals, 8 P
gc 545 @40.976s 0%: 0.041+1.0+0.011 ms clock, 0.32+0.035/1.7/4.0+0.094 ms cpu, 4->4->2 MB, 5 MB goal, 0 MB stacks, 0 MB globals, 8 P
gc 546 @41.065s 0%: 0.038+0.95+0.037 ms clock, 0.30+0.033/1.6/3.7+0.30 ms cpu, 4->4->1 MB, 5 MB goal, 0 MB stacks, 0 MB globals, 8 P
gc 547 @41.137s 0%: 0.037+1.0+0.003 ms clock, 0.30+0.035/1.8/4.1+0.026 ms cpu, 4->4->2 MB, 4 MB goal, 0 MB stacks, 0 MB globals, 8 P
gc 548 @41.224s 0%: 0.15+1.4+0.003 ms clock, 1.2+0.033/2.0/3.4+0.027 ms cpu, 4->4->2 MB, 5 MB goal, 0 MB stacks, 0 MB globals, 8 P
gc 549 @41.296s 0%: 0.038+0.82+0.004 ms clock, 0.30+0.034/1.4/3.1+0.037 ms cpu, 4->4->2 MB, 5 MB goal, 0 MB stacks, 0 MB globals, 8 P
gc 550 @41.373s 0%: 0.039+0.83+0.046 ms clock, 0.31+0.035/1.3/3.0+0.37 ms cpu, 4->4->2 MB, 5 MB goal, 0 MB stacks, 0 MB globals, 8 P
gc 551 @41.449s 0%: 0.038+0.84+0.003 ms clock, 0.31+0.14/1.5/2.9+0.026 ms cpu, 4->4->2 MB, 4 MB goal, 0 MB stacks, 0 MB globals, 8 P
gc 552 @41.509s 0%: 0.19+0.86+0.020 ms clock, 1.5+1.1/1.6/1.9+0.16 ms cpu, 4->4->2 MB, 4 MB goal, 0 MB stacks, 0 MB globals, 8 P
gc 553 @41.594s 0%: 0.046+1.1+0.083 ms clock, 0.36+0.034/1.7/2.3+0.66 ms cpu, 4->4->2 MB, 5 MB goal, 0 MB stacks, 0 MB globals, 8 P
gc 554 @41.661s 0%: 0.044+1.1+0.003 ms clock, 0.35+0.035/2.1/5.1+0.028 ms cpu, 4->4->2 MB, 5 MB goal, 0 MB stacks, 0 MB globals, 8 P
gc 555 @41.732s 0%: 0.036+0.90+0.022 ms clock, 0.29+0.034/1.6/3.6+0.17 ms cpu, 4->4->2 MB, 5 MB goal, 0 MB stacks, 0 MB globals, 8 P
gc 556 @41.809s 0%: 0.037+0.83+0.012 ms clock, 0.30+0.040/1.4/3.3+0.10 ms cpu, 4->4->2 MB, 5 MB goal, 0 MB stacks, 0 MB globals, 8 P
gc 557 @41.892s 0%: 0.044+0.75+0.003 ms clock, 0.35+0.037/1.3/2.7+0.031 ms cpu, 4->4->1 MB, 4 MB goal, 0 MB stacks, 0 MB globals, 8 P
gc 558 @41.972s 0%: 0.043+0.83+0.014 ms clock, 0.34+0.033/1.4/3.2+0.11 ms cpu, 4->4->2 MB, 4 MB goal, 0 MB stacks, 0 MB globals, 8 P
gc 559 @42.046s 0%: 0.046+1.0+0.004 ms clock, 0.37+0.034/1.6/4.2+0.036 ms cpu, 4->4->2 MB, 4 MB goal, 0 MB stacks, 0 MB globals, 8 P
gc 560 @42.123s 0%: 0.042+0.80+0.017 ms clock, 0.33+0.033/1.3/3.0+0.13 ms cpu, 4->4->2 MB, 5 MB goal, 0 MB stacks, 0 MB globals, 8 P
gc 561 @42.204s 0%: 0.035+0.77+0.004 ms clock, 0.28+0.035/1.4/3.2+0.034 ms cpu, 4->4->1 MB, 5 MB goal, 0 MB stacks, 0 MB globals, 8 P
gc 562 @42.268s 0%: 0.036+1.0+0.018 ms clock, 0.28+0.033/1.8/4.4+0.15 ms cpu, 4->4->2 MB, 4 MB goal, 0 MB stacks, 0 MB globals, 8 P
gc 563 @42.345s 0%: 0.041+0.84+0.036 ms clock, 0.33+0.033/1.5/3.5+0.29 ms cpu, 4->4->1 MB, 5 MB goal, 0 MB stacks, 0 MB globals, 8 P
gc 564 @42.424s 0%: 0.042+0.82+0.028 ms clock, 0.33+0.035/1.3/3.0+0.23 ms cpu, 3->4->1 MB, 4 MB goal, 0 MB stacks, 0 MB globals, 8 P
gc 565 @42.496s 0%: 0.043+0.77+0.003 ms clock, 0.35+0.034/1.3/2.3+0.030 ms cpu, 4->4->2 MB, 4 MB goal, 0 MB stacks, 0 MB globals, 8 P
gc 566 @42.531s 0%: 0.043+0.92+0.007 ms clock, 0.34+0.032/1.5/2.6+0.057 ms cpu, 4->4->2 MB, 4 MB goal, 0 MB stacks, 0 MB globals, 8 P
gc 567 @42.619s 0%: 0.084+2.1+0.069 ms clock, 0.67+0.11/2.8/6.9+0.55 ms cpu, 4->4->2 MB, 5 MB goal, 0 MB stacks, 0 MB globals, 8 P
gc 568 @42.684s 0%: 0.046+0.97+0.023 ms clock, 0.37+0.034/1.7/3.9+0.18 ms cpu, 4->4->2 MB, 5 MB goal, 0 MB stacks, 0 MB globals, 8 P
gc 569 @42.759s 0%: 0.041+0.90+0.004 ms clock, 0.33+0.032/1.6/3.9+0.035 ms cpu, 4->4->2 MB, 5 MB goal, 0 MB stacks, 0 MB globals, 8 P
gc 570 @42.831s 0%: 0.038+0.98+0.022 ms clock, 0.30+0.045/1.7/3.8+0.18 ms cpu, 4->4->2 MB, 4 MB goal, 0 MB stacks, 0 MB globals, 8 P
gc 571 @42.908s 0%: 0.031+1.0+0.015 ms clock, 0.25+0.026/1.8/4.5+0.12 ms cpu, 4->4->2 MB, 5 MB goal, 0 MB stacks, 0 MB globals, 8 P
gc 572 @42.989s 0%: 0.041+1.1+0.005 ms clock, 0.33+0.032/1.9/4.5+0.043 ms cpu, 4->4->2 MB, 4 MB goal, 0 MB stacks, 0 MB globals, 8 P
gc 573 @43.057s 0%: 0.044+0.77+0.018 ms clock, 0.35+0.035/1.3/2.7+0.15 ms cpu, 4->4->2 MB, 4 MB goal, 0 MB stacks, 0 MB globals, 8 P
gc 574 @43.138s 0%: 0.034+0.78+0.025 ms clock, 0.27+0.034/1.2/2.6+0.20 ms cpu, 4->4->2 MB, 5 MB goal, 0 MB stacks, 0 MB globals, 8 P
gc 575 @43.217s 0%: 0.051+1.0+0.28 ms clock, 0.41+0.046/1.0/1.5+2.2 ms cpu, 4->4->2 MB, 5 MB goal, 0 MB stacks, 0 MB globals, 8 P
gc 576 @43.289s 0%: 0.035+1.0+0.011 ms clock, 0.28+0.033/1.9/4.6+0.094 ms cpu, 4->4->2 MB, 5 MB goal, 0 MB stacks, 0 MB globals, 8 P
gc 577 @43.369s 0%: 0.060+0.95+0.003 ms clock, 0.48+0.061/1.6/3.1+0.030 ms cpu, 4->4->2 MB, 5 MB goal, 0 MB stacks, 0 MB globals, 8 P
gc 578 @43.445s 0%: 0.047+0.99+0.013 ms clock, 0.38+0.034/1.6/3.7+0.11 ms cpu, 4->4->2 MB, 5 MB goal, 0 MB stacks, 0 MB globals, 8 P
gc 579 @43.518s 0%: 0.15+1.1+0.005 ms clock, 1.2+0.13/1.8/2.4+0.043 ms cpu, 4->4->2 MB, 5 MB goal, 0 MB stacks, 0 MB globals, 8 P
gc 580 @43.602s 0%: 0.038+1.0+0.003 ms clock, 0.30+0.031/1.8/4.5+0.025 ms cpu, 4->4->2 MB, 5 MB goal, 0 MB stacks, 0 MB globals, 8 P
gc 581 @43.680s 0%: 0.043+0.97+0.004 ms clock, 0.34+0.034/1.8/4.2+0.033 ms cpu, 4->4->1 MB, 5 MB goal, 0 MB stacks, 0 MB globals, 8 P
gc 582 @43.711s 0%: 0.10+1.0+0.004 ms clock, 0.86+0.17/1.8/3.0+0.034 ms cpu, 4->4->2 MB, 4 MB goal, 0 MB stacks, 0 MB globals, 8 P
gc 583 @43.768s 0%: 0.047+1.0+0.003 ms clock, 0.38+0.039/1.9/4.1+0.029 ms cpu, 4->4->2 MB, 5 MB goal, 0 MB stacks, 0 MB globals, 8 P
gc 584 @43.850s 0%: 0.039+1.0+0.005 ms clock, 0.31+0.033/1.9/4.4+0.044 ms cpu, 4->4->2 MB, 5 MB goal, 0 MB stacks, 0 MB globals, 8 P
gc 585 @43.938s 0%: 0.037+1.0+0.016 ms clock, 0.30+0.033/1.8/4.2+0.13 ms cpu, 4->4->2 MB, 5 MB goal, 0 MB stacks, 0 MB globals, 8 P
gc 586 @44.020s 0%: 0.045+1.0+0.025 ms clock, 0.36+0.033/1.8/4.3+0.20 ms cpu, 4->4->2 MB, 4 MB goal, 0 MB stacks, 0 MB globals, 8 P
gc 587 @44.094s 0%: 0.047+1.0+0.009 ms clock, 0.37+0.035/1.8/4.2+0.074 ms cpu, 4->4->2 MB, 5 MB goal, 0 MB stacks, 0 MB globals, 8 P
gc 588 @44.172s 0%: 0.036+0.67+0.012 ms clock, 0.29+0.033/1.1/2.0+0.099 ms cpu, 4->4->1 MB, 4 MB goal, 0 MB stacks, 0 MB globals, 8 P
gc 589 @44.235s 0%: 0.047+1.0+0.017 ms clock, 0.37+0.036/2.0/4.6+0.13 ms cpu, 4->4->2 MB, 4 MB goal, 0 MB stacks, 0 MB globals, 8 P
gc 590 @44.307s 0%: 0.029+0.93+0.032 ms clock, 0.23+0.027/1.6/4.0+0.25 ms cpu, 4->4->1 MB, 4 MB goal, 0 MB stacks, 0 MB globals, 8 P
gc 591 @44.389s 0%: 0.052+1.0+0.005 ms clock, 0.42+0.036/1.8/3.7+0.044 ms cpu, 4->4->2 MB, 4 MB goal, 0 MB stacks, 0 MB globals, 8 P
gc 592 @44.474s 0%: 0.039+0.89+0.004 ms clock, 0.31+0.032/1.5/3.2+0.032 ms cpu, 4->4->2 MB, 5 MB goal, 0 MB stacks, 0 MB globals, 8 P
gc 593 @44.524s 0%: 0.035+0.72+0.010 ms clock, 0.28+0.028/1.2/2.7+0.085 ms cpu, 4->4->2 MB, 4 MB goal, 0 MB stacks, 0 MB globals, 8 P
gc 594 @44.601s 0%: 0.049+0.88+0.032 ms clock, 0.39+0.035/1.4/2.9+0.25 ms cpu, 4->4->2 MB, 5 MB goal, 0 MB stacks, 0 MB globals, 8 P
gc 595 @44.667s 0%: 0.10+1.2+0.033 ms clock, 0.80+0.12/2.0/4.0+0.26 ms cpu, 4->4->2 MB, 4 MB goal, 0 MB stacks, 0 MB globals, 8 P
gc 596 @44.734s 0%: 0.044+1.2+0.003 ms clock, 0.35+0.040/2.3/5.3+0.029 ms cpu, 4->4->2 MB, 4 MB goal, 0 MB stacks, 0 MB globals, 8 P
gc 597 @44.819s 0%: 0.037+0.79+0.041 ms clock, 0.29+0.028/1.3/3.1+0.33 ms cpu, 4->4->1 MB, 5 MB goal, 0 MB stacks, 0 MB globals, 8 P
gc 598 @44.900s 0%: 0.035+0.79+0.004 ms clock, 0.28+0.032/1.3/3.1+0.039 ms cpu, 4->4->1 MB, 4 MB goal, 0 MB stacks, 0 MB globals, 8 P
gc 599 @44.973s 0%: 0.036+0.82+0.023 ms clock, 0.29+0.033/1.3/3.1+0.19 ms cpu, 4->4->1 MB, 4 MB goal, 0 MB stacks, 0 MB globals, 8 P
gc 600 @45.033s 0%: 0.032+1.0+0.008 ms clock, 0.26+0.030/1.9/4.4+0.067 ms cpu, 4->4->2 MB, 4 MB goal, 0 MB stacks, 0 MB globals, 8 P
gc 601 @45.116s 0%: 0.033+0.71+0.003 ms clock, 0.26+0.033/1.1/2.7+0.024 ms cpu, 4->4->2 MB, 4 MB goal, 0 MB stacks, 0 MB globals, 8 P
gc 602 @45.180s 0%: 0.040+0.98+0.020 ms clock, 0.32+0.033/1.7/4.2+0.16 ms cpu, 4->4->2 MB, 5 MB goal, 0 MB stacks, 0 MB globals, 8 P
gc 603 @45.257s 0%: 0.036+0.77+0.004 ms clock, 0.29+0.034/1.4/3.1+0.035 ms cpu, 4->4->1 MB, 4 MB goal, 0 MB stacks, 0 MB globals, 8 P
gc 604 @45.336s 0%: 0.042+0.71+0.014 ms clock, 0.33+0.035/1.3/2.5+0.11 ms cpu, 3->4->2 MB, 4 MB goal, 0 MB stacks, 0 MB globals, 8 P
gc 605 @45.415s 0%: 0.039+0.88+0.002 ms clock, 0.31+0.036/1.5/3.7+0.021 ms cpu, 4->4->2 MB, 4 MB goal, 0 MB stacks, 0 MB globals, 8 P
gc 606 @45.501s 0%: 0.039+1.0+0.021 ms clock, 0.31+0.033/1.8/4.1+0.17 ms cpu, 4->4->2 MB, 5 MB goal, 0 MB stacks, 0 MB globals, 8 P
gc 607 @45.533s 0%: 0.045+0.89+0.012 ms clock, 0.36+0.032/1.6/3.8+0.098 ms cpu, 4->4->2 MB, 4 MB goal, 0 MB stacks, 0 MB globals, 8 P
gc 608 @45.611s 0%: 0.040+0.95+0.010 ms clock, 0.32+0.037/1.6/3.7+0.085 ms cpu, 4->4->2 MB, 5 MB goal, 0 MB stacks, 0 MB globals, 8 P
gc 609 @45.689s 0%: 0.044+0.80+0.027 ms clock, 0.35+0.047/1.2/3.0+0.21 ms cpu, 4->4->2 MB, 5 MB goal, 0 MB stacks, 0 MB globals, 8 P
gc 610 @45.760s 0%: 0.050+1.0+0.016 ms clock, 0.40+0.036/1.8/4.1+0.12 ms cpu, 4->4->2 MB, 4 MB goal, 0 MB stacks, 0 MB globals, 8 P
gc 611 @45.838s 0%: 0.042+1.0+0.024 ms clock, 0.33+0.042/1.7/4.0+0.19 ms cpu, 4->4->2 MB, 4 MB goal, 0 MB stacks, 0 MB globals, 8 P
gc 612 @45.912s 0%: 0.032+1.0+0.015 ms clock, 0.25+0.035/1.8/4.1+0.12 ms cpu, 4->4->2 MB, 5 MB goal, 0 MB stacks, 0 MB globals, 8 P
gc 613 @45.982s 0%: 0.045+0.92+0.009 ms clock, 0.36+0.032/1.7/3.6+0.076 ms cpu, 4->4->2 MB, 5 MB goal, 0 MB stacks, 0 MB globals, 8 P
gc 614 @46.063s 0%: 0.035+0.85+0.003 ms clock, 0.28+0.032/1.5/3.4+0.027 ms cpu, 4->4->1 MB, 4 MB goal, 0 MB stacks, 0 MB globals, 8 P
gc 615 @46.137s 0%: 0.040+0.90+0.032 ms clock, 0.32+0.034/1.5/3.5+0.26 ms cpu, 4->4->2 MB, 4 MB goal, 0 MB stacks, 0 MB globals, 8 P
gc 616 @46.221s 0%: 0.046+0.76+0.045 ms clock, 0.37+0.041/1.1/2.1+0.36 ms cpu, 4->4->2 MB, 5 MB goal, 0 MB stacks, 0 MB globals, 8 P
gc 617 @46.292s 0%: 0.047+1.0+0.012 ms clock, 0.37+0.033/1.8/4.1+0.099 ms cpu, 4->4->2 MB, 4 MB goal, 0 MB stacks, 0 MB globals, 8 P
gc 618 @46.376s 0%: 0.048+0.69+0.003 ms clock, 0.38+0.033/1.2/3.0+0.026 ms cpu, 4->4->2 MB, 5 MB goal, 0 MB stacks, 0 MB globals, 8 P
gc 619 @46.452s 0%: 0.039+0.98+0.025 ms clock, 0.31+0.030/1.7/4.2+0.20 ms cpu, 4->4->1 MB, 4 MB goal, 0 MB stacks, 0 MB globals, 8 P
gc 620 @46.529s 0%: 0.15+0.77+0.004 ms clock, 1.2+1.8/1.4/0.28+0.038 ms cpu, 3->4->2 MB, 4 MB goal, 0 MB stacks, 0 MB globals, 8 P
gc 621 @46.594s 0%: 0.040+0.95+0.003 ms clock, 0.32+0.033/1.6/3.9+0.029 ms cpu, 4->4->2 MB, 5 MB goal, 0 MB stacks, 0 MB globals, 8 P
gc 622 @46.670s 0%: 0.037+0.87+0.014 ms clock, 0.29+0.033/1.5/3.5+0.11 ms cpu, 4->4->2 MB, 5 MB goal, 0 MB stacks, 0 MB globals, 8 P
gc 623 @46.750s 0%: 0.053+0.99+0.026 ms clock, 0.43+0.035/1.7/4.0+0.20 ms cpu, 4->4->2 MB, 4 MB goal, 0 MB stacks, 0 MB globals, 8 P
gc 624 @46.827s 0%: 0.045+0.83+0.005 ms clock, 0.36+0.033/1.5/3.5+0.040 ms cpu, 4->4->2 MB, 5 MB goal, 0 MB stacks, 0 MB globals, 8 P
gc 625 @46.901s 0%: 0.042+0.70+0.003 ms clock, 0.33+0.033/1.2/2.7+0.029 ms cpu, 4->4->2 MB, 5 MB goal, 0 MB stacks, 0 MB globals, 8 P
gc 626 @46.965s 0%: 0.048+0.81+0.007 ms clock, 0.38+0.034/1.3/3.0+0.061 ms cpu, 4->4->2 MB, 5 MB goal, 0 MB stacks, 0 MB globals, 8 P
gc 627 @47.044s 0%: 0.032+1.1+0.003 ms clock, 0.26+0.029/2.2/5.3+0.029 ms cpu, 4->4->1 MB, 4 MB goal, 0 MB stacks, 0 MB globals, 8 P
gc 628 @47.122s 0%: 0.040+1.0+0.009 ms clock, 0.32+0.033/1.7/3.7+0.075 ms cpu, 3->4->1 MB, 4 MB goal, 0 MB stacks, 0 MB globals, 8 P
gc 629 @47.195s 0%: 0.037+1.0+0.020 ms clock, 0.29+0.034/1.7/4.2+0.16 ms cpu, 3->4->2 MB, 4 MB goal, 0 MB stacks, 0 MB globals, 8 P
gc 630 @47.271s 0%: 0.046+0.75+0.003 ms clock, 0.37+0.035/1.4/2.7+0.030 ms cpu, 4->4->2 MB, 5 MB goal, 0 MB stacks, 0 MB globals, 8 P
gc 631 @47.352s 0%: 0.045+0.98+0.003 ms clock, 0.36+0.041/1.7/4.1+0.031 ms cpu, 4->4->2 MB, 4 MB goal, 0 MB stacks, 0 MB globals, 8 P
gc 632 @47.430s 0%: 0.097+5.2+0.036 ms clock, 0.77+0.042/4.0/3.4+0.28 ms cpu, 4->4->2 MB, 5 MB goal, 0 MB stacks, 0 MB globals, 8 P
gc 633 @47.483s 0%: 0.036+0.85+0.013 ms clock, 0.28+0.032/1.4/3.2+0.10 ms cpu, 4->4->2 MB, 4 MB goal, 0 MB stacks, 0 MB globals, 8 P
gc 634 @47.533s 0%: 0.070+0.81+0.025 ms clock, 0.56+0.10/1.3/2.9+0.20 ms cpu, 4->4->2 MB, 5 MB goal, 0 MB stacks, 0 MB globals, 8 P
gc 635 @47.612s 0%: 0.042+0.76+0.003 ms clock, 0.33+0.035/1.2/2.9+0.031 ms cpu, 4->4->2 MB, 5 MB goal, 0 MB stacks, 0 MB globals, 8 P
gc 636 @47.692s 0%: 0.045+0.69+0.003 ms clock, 0.36+0.037/1.2/3.0+0.026 ms cpu, 4->4->1 MB, 4 MB goal, 0 MB stacks, 0 MB globals, 8 P
gc 637 @47.774s 0%: 0.039+0.81+0.003 ms clock, 0.31+0.038/1.2/2.3+0.029 ms cpu, 4->4->2 MB, 4 MB goal, 0 MB stacks, 0 MB globals, 8 P
gc 638 @47.852s 0%: 0.037+0.75+0.038 ms clock, 0.30+0.032/1.3/2.8+0.30 ms cpu, 4->4->1 MB, 4 MB goal, 0 MB stacks, 0 MB globals, 8 P
gc 639 @47.918s 0%: 0.051+1.0+0.008 ms clock, 0.40+0.033/1.9/3.8+0.070 ms cpu, 4->4->2 MB, 4 MB goal, 0 MB stacks, 0 MB globals, 8 P
gc 640 @48.001s 0%: 0.036+0.76+0.005 ms clock, 0.28+0.032/1.3/2.7+0.046 ms cpu, 4->4->2 MB, 5 MB goal, 0 MB stacks, 0 MB globals, 8 P
gc 641 @48.082s 0%: 0.040+0.86+0.018 ms clock, 0.32+0.032/1.5/3.3+0.14 ms cpu, 4->4->2 MB, 4 MB goal, 0 MB stacks, 0 MB globals, 8 P
gc 642 @48.156s 0%: 0.042+0.82+0.011 ms clock, 0.34+0.041/1.4/2.9+0.095 ms cpu, 4->4->2 MB, 4 MB goal, 0 MB stacks, 0 MB globals, 8 P
gc 643 @48.229s 0%: 0.037+0.99+0.003 ms clock, 0.29+0.076/1.9/4.2+0.031 ms cpu, 4->4->2 MB, 4 MB goal, 0 MB stacks, 0 MB globals, 8 P
gc 644 @48.303s 0%: 0.038+0.90+0.026 ms clock, 0.31+0.034/1.5/3.7+0.21 ms cpu, 4->4->1 MB, 4 MB goal, 0 MB stacks, 0 MB globals, 8 P
gc 645 @48.379s 0%: 0.040+0.68+0.004 ms clock, 0.32+0.035/1.2/2.5+0.032 ms cpu, 4->4->1 MB, 4 MB goal, 0 MB stacks, 0 MB globals, 8 P
gc 646 @48.461s 0%: 0.42+3.7+0.070 ms clock, 3.4+0.076/0.77/1.2+0.56 ms cpu, 4->4->2 MB, 4 MB goal, 0 MB stacks, 0 MB globals, 8 P
gc 647 @48.537s 0%: 0.13+0.91+0.025 ms clock, 1.0+2.0/1.6/0.25+0.20 ms cpu, 4->4->2 MB, 4 MB goal, 0 MB stacks, 0 MB globals, 8 P
gc 648 @48.622s 0%: 0.036+0.80+0.017 ms clock, 0.29+0.034/1.2/2.8+0.14 ms cpu, 4->4->2 MB, 5 MB goal, 0 MB stacks, 0 MB globals, 8 P
gc 649 @48.705s 0%: 0.049+0.85+0.024 ms clock, 0.39+0.036/1.4/2.9+0.19 ms cpu, 4->4->1 MB, 4 MB goal, 0 MB stacks, 0 MB globals, 8 P
gc 650 @48.779s 0%: 0.043+0.82+0.004 ms clock, 0.35+0.037/1.5/3.2+0.038 ms cpu, 3->3->1 MB, 4 MB goal, 0 MB stacks, 0 MB globals, 8 P
gc 651 @48.848s 0%: 0.040+0.88+0.003 ms clock, 0.32+0.035/1.5/3.8+0.027 ms cpu, 3->4->1 MB, 4 MB goal, 0 MB stacks, 0 MB globals, 8 P
gc 652 @48.923s 0%: 0.046+0.95+0.041 ms clock, 0.37+0.035/1.6/3.9+0.33 ms cpu, 3->4->2 MB, 4 MB goal, 0 MB stacks, 0 MB globals, 8 P
gc 653 @49.002s 0%: 0.051+0.78+0.028 ms clock, 0.41+0.034/1.2/2.6+0.23 ms cpu, 4->4->1 MB, 4 MB goal, 0 MB stacks, 0 MB globals, 8 P
gc 654 @49.078s 0%: 0.039+0.88+0.031 ms clock, 0.31+0.032/1.5/3.4+0.25 ms cpu, 4->4->1 MB, 4 MB goal, 0 MB stacks, 0 MB globals, 8 P
gc 655 @49.149s 0%: 0.037+0.96+0.004 ms clock, 0.30+0.029/1.6/3.7+0.039 ms cpu, 4->4->1 MB, 4 MB goal, 0 MB stacks, 0 MB globals, 8 P
gc 656 @49.205s 0%: 0.12+0.99+0.051 ms clock, 0.99+1.2/1.5/0.81+0.41 ms cpu, 4->4->2 MB, 4 MB goal, 0 MB stacks, 0 MB globals, 8 P
gc 657 @49.271s 0%: 0.052+1.0+0.003 ms clock, 0.42+0.035/1.9/4.5+0.027 ms cpu, 4->4->2 MB, 5 MB goal, 0 MB stacks, 0 MB globals, 8 P
gc 658 @49.347s 0%: 0.040+1.1+0.031 ms clock, 0.32+0.033/1.9/4.8+0.25 ms cpu, 4->4->2 MB, 5 MB goal, 0 MB stacks, 0 MB globals, 8 P
gc 659 @49.429s 0%: 0.041+1.0+0.090 ms clock, 0.33+0.034/1.4/2.8+0.72 ms cpu, 4->4->2 MB, 4 MB goal, 0 MB stacks, 0 MB globals, 8 P
gc 660 @49.498s 0%: 0.042+1.2+0.033 ms clock, 0.34+0.033/2.2/4.6+0.26 ms cpu, 4->4->2 MB, 4 MB goal, 0 MB stacks, 0 MB globals, 8 P
gc 661 @49.541s 0%: 0.10+1.3+0.014 ms clock, 0.83+0.057/2.0/5.1+0.11 ms cpu, 4->4->2 MB, 5 MB goal, 0 MB stacks, 0 MB globals, 8 P
gc 662 @49.622s 0%: 0.037+0.82+0.004 ms clock, 0.29+0.032/1.5/3.1+0.039 ms cpu, 4->4->2 MB, 5 MB goal, 0 MB stacks, 0 MB globals, 8 P
gc 663 @49.700s 0%: 0.075+0.75+0.003 ms clock, 0.60+0.054/1.4/2.8+0.028 ms cpu, 4->4->1 MB, 4 MB goal, 0 MB stacks, 0 MB globals, 8 P
gc 664 @49.770s 0%: 0.043+0.84+0.017 ms clock, 0.35+0.035/1.3/2.9+0.13 ms cpu, 3->4->2 MB, 4 MB goal, 0 MB stacks, 0 MB globals, 8 P
gc 665 @49.842s 0%: 0.051+0.88+0.003 ms clock, 0.40+0.035/1.6/3.5+0.031 ms cpu, 4->4->1 MB, 4 MB goal, 0 MB stacks, 0 MB globals, 8 P
gc 666 @49.896s 0%: 0.038+0.69+0.027 ms clock, 0.30+0.034/1.0/1.3+0.21 ms cpu, 4->4->2 MB, 4 MB goal, 0 MB stacks, 0 MB globals, 8 P
gc 667 @49.971s 0%: 0.042+0.98+0.038 ms clock, 0.33+0.041/1.5/3.5+0.31 ms cpu, 4->4->2 MB, 5 MB goal, 0 MB stacks, 0 MB globals, 8 P
gc 668 @50.017s 0%: 0.038+0.82+0.005 ms clock, 0.30+0.034/1.5/3.5+0.040 ms cpu, 4->4->2 MB, 4 MB goal, 0 MB stacks, 0 MB globals, 8 P
gc 669 @50.089s 0%: 0.057+0.89+0.003 ms clock, 0.45+0.034/1.6/3.9+0.027 ms cpu, 4->4->1 MB, 4 MB goal, 0 MB stacks, 0 MB globals, 8 P
gc 670 @50.174s 0%: 0.049+1.0+0.009 ms clock, 0.39+0.085/1.9/4.1+0.077 ms cpu, 3->4->2 MB, 4 MB goal, 0 MB stacks, 0 MB globals, 8 P
gc 671 @50.236s 0%: 0.16+1.0+0.038 ms clock, 1.3+0.19/1.2/2.0+0.30 ms cpu, 4->4->2 MB, 5 MB goal, 0 MB stacks, 0 MB globals, 8 P
gc 672 @50.310s 0%: 0.038+0.73+0.003 ms clock, 0.30+0.035/1.3/2.5+0.027 ms cpu, 4->4->1 MB, 5 MB goal, 0 MB stacks, 0 MB globals, 8 P
gc 673 @50.364s 0%: 0.10+0.99+0.055 ms clock, 0.84+0.69/1.5/0.93+0.44 ms cpu, 4->4->2 MB, 4 MB goal, 0 MB stacks, 0 MB globals, 8 P
gc 674 @50.436s 0%: 0.038+0.79+0.014 ms clock, 0.31+0.050/1.3/2.2+0.11 ms cpu, 4->4->2 MB, 5 MB goal, 0 MB stacks, 0 MB globals, 8 P
gc 675 @50.508s 0%: 0.041+0.77+0.003 ms clock, 0.32+0.032/1.3/3.5+0.030 ms cpu, 4->4->1 MB, 4 MB goal, 0 MB stacks, 0 MB globals, 8 P
gc 676 @50.549s 0%: 0.038+0.77+0.016 ms clock, 0.30+0.033/1.2/1.9+0.13 ms cpu, 3->3->2 MB, 4 MB goal, 0 MB stacks, 0 MB globals, 8 P
gc 677 @50.627s 0%: 0.038+1.1+0.003 ms clock, 0.30+0.034/2.0/4.8+0.029 ms cpu, 4->4->1 MB, 5 MB goal, 0 MB stacks, 0 MB globals, 8 P
gc 678 @50.699s 0%: 0.052+0.80+0.018 ms clock, 0.42+0.036/1.3/3.1+0.14 ms cpu, 4->4->2 MB, 4 MB goal, 0 MB stacks, 0 MB globals, 8 P
gc 679 @50.776s 0%: 0.047+0.88+0.021 ms clock, 0.38+0.037/1.4/2.8+0.17 ms cpu, 4->4->1 MB, 5 MB goal, 0 MB stacks, 0 MB globals, 8 P
gc 680 @50.854s 0%: 0.071+1.0+0.013 ms clock, 0.57+0.039/1.8/3.9+0.11 ms cpu, 4->4->1 MB, 4 MB goal, 0 MB stacks, 0 MB globals, 8 P
gc 681 @50.940s 0%: 0.044+1.1+0.004 ms clock, 0.35+0.036/2.0/4.5+0.036 ms cpu, 3->4->1 MB, 4 MB goal, 0 MB stacks, 0 MB globals, 8 P
gc 682 @51.009s 0%: 0.036+0.74+0.016 ms clock, 0.29+0.036/1.2/2.5+0.12 ms cpu, 4->4->2 MB, 4 MB goal, 0 MB stacks, 0 MB globals, 8 P
gc 683 @51.089s 0%: 0.043+0.87+0.003 ms clock, 0.34+0.041/1.6/3.9+0.030 ms cpu, 4->4->2 MB, 5 MB goal, 0 MB stacks, 0 MB globals, 8 P
gc 684 @51.165s 0%: 0.038+0.92+0.003 ms clock, 0.30+0.033/1.7/3.9+0.030 ms cpu, 4->4->1 MB, 5 MB goal, 0 MB stacks, 0 MB globals, 8 P
gc 685 @51.236s 0%: 0.038+0.97+0.021 ms clock, 0.30+0.033/1.7/3.4+0.17 ms cpu, 3->4->1 MB, 4 MB goal, 0 MB stacks, 0 MB globals, 8 P
gc 686 @51.320s 0%: 0.042+0.65+0.003 ms clock, 0.33+0.028/1.1/2.1+0.025 ms cpu, 4->4->1 MB, 4 MB goal, 0 MB stacks, 0 MB globals, 8 P
gc 687 @51.391s 0%: 0.063+0.82+0.009 ms clock, 0.51+0.035/1.3/3.3+0.072 ms cpu, 4->4->1 MB, 4 MB goal, 0 MB stacks, 0 MB globals, 8 P
gc 688 @51.458s 0%: 0.037+0.62+0.026 ms clock, 0.30+0.034/1.0/1.8+0.21 ms cpu, 3->4->1 MB, 4 MB goal, 0 MB stacks, 0 MB globals, 8 P
gc 689 @51.526s 0%: 0.045+0.89+0.003 ms clock, 0.36+0.033/1.6/3.7+0.024 ms cpu, 3->4->2 MB, 4 MB goal, 0 MB stacks, 0 MB globals, 8 P
gc 690 @51.561s 0%: 0.038+0.80+0.004 ms clock, 0.30+0.051/1.4/3.0+0.034 ms cpu, 4->4->2 MB, 4 MB goal, 0 MB stacks, 0 MB globals, 8 P
gc 691 @51.617s 0%: 0.037+0.88+0.055 ms clock, 0.30+0.042/1.3/3.2+0.44 ms cpu, 4->4->2 MB, 5 MB goal, 0 MB stacks, 0 MB globals, 8 P
gc 692 @51.700s 0%: 0.038+0.75+0.025 ms clock, 0.30+0.033/1.3/2.5+0.20 ms cpu, 4->4->2 MB, 5 MB goal, 0 MB stacks, 0 MB globals, 8 P
gc 693 @51.773s 0%: 0.047+0.77+0.016 ms clock, 0.37+0.033/1.0/2.2+0.13 ms cpu, 4->4->2 MB, 4 MB goal, 0 MB stacks, 0 MB globals, 8 P
gc 694 @51.845s 0%: 0.041+0.86+0.003 ms clock, 0.32+0.034/1.4/3.3+0.027 ms cpu, 4->4->1 MB, 4 MB goal, 0 MB stacks, 0 MB globals, 8 P
gc 695 @51.918s 0%: 0.059+0.96+0.018 ms clock, 0.47+0.040/1.8/4.3+0.14 ms cpu, 4->4->2 MB, 4 MB goal, 0 MB stacks, 0 MB globals, 8 P
gc 696 @51.989s 0%: 0.038+1.0+0.002 ms clock, 0.31+0.031/1.8/4.1+0.023 ms cpu, 4->4->2 MB, 5 MB goal, 0 MB stacks, 0 MB globals, 8 P
gc 697 @52.061s 0%: 0.036+0.89+0.005 ms clock, 0.29+0.029/1.3/3.4+0.045 ms cpu, 4->4->2 MB, 4 MB goal, 0 MB stacks, 0 MB globals, 8 P
gc 698 @52.139s 0%: 0.035+0.88+0.003 ms clock, 0.28+0.033/1.6/3.4+0.029 ms cpu, 4->4->2 MB, 4 MB goal, 0 MB stacks, 0 MB globals, 8 P
gc 699 @52.227s 0%: 0.044+1.2+0.004 ms clock, 0.35+0.042/2.1/4.9+0.035 ms cpu, 4->4->2 MB, 5 MB goal, 0 MB stacks, 0 MB globals, 8 P
gc 700 @52.313s 0%: 0.042+0.88+0.003 ms clock, 0.33+0.033/1.5/3.4+0.030 ms cpu, 4->4->2 MB, 4 MB goal, 0 MB stacks, 0 MB globals, 8 P
gc 701 @52.391s 0%: 0.034+0.84+0.003 ms clock, 0.27+0.033/1.2/2.7+0.024 ms cpu, 4->4->1 MB, 4 MB goal, 0 MB stacks, 0 MB globals, 8 P
gc 702 @52.478s 0%: 0.043+1.1+0.047 ms clock, 0.34+0.033/2.0/4.9+0.38 ms cpu, 4->4->2 MB, 4 MB goal, 0 MB stacks, 0 MB globals, 8 P
gc 703 @52.551s 0%: 0.11+1.0+0.005 ms clock, 0.95+1.4/1.7/0.43+0.044 ms cpu, 4->4->2 MB, 5 MB goal, 0 MB stacks, 0 MB globals, 8 P
gc 704 @52.639s 0%: 0.046+0.84+0.011 ms clock, 0.36+0.035/1.4/3.0+0.089 ms cpu, 4->4->2 MB, 5 MB goal, 0 MB stacks, 0 MB globals, 8 P
gc 705 @52.721s 0%: 0.041+0.66+0.044 ms clock, 0.33+0.037/1.0/2.5+0.35 ms cpu, 4->4->2 MB, 4 MB goal, 0 MB stacks, 0 MB globals, 8 P
gc 706 @52.788s 0%: 0.041+0.82+0.003 ms clock, 0.33+0.034/1.3/3.0+0.026 ms cpu, 4->4->2 MB, 5 MB goal, 0 MB stacks, 0 MB globals, 8 P
gc 707 @52.865s 0%: 0.053+0.80+0.045 ms clock, 0.42+0.049/1.3/3.3+0.36 ms cpu, 4->4->1 MB, 4 MB goal, 0 MB stacks, 0 MB globals, 8 P
gc 708 @52.932s 0%: 0.040+0.83+0.003 ms clock, 0.32+0.033/1.4/3.6+0.026 ms cpu, 3->4->1 MB, 4 MB goal, 0 MB stacks, 0 MB globals, 8 P
gc 709 @53.005s 0%: 0.036+0.90+0.003 ms clock, 0.29+0.035/1.3/2.8+0.029 ms cpu, 3->4->2 MB, 4 MB goal, 0 MB stacks, 0 MB globals, 8 P
gc 710 @53.084s 0%: 0.038+0.62+0.033 ms clock, 0.30+0.032/1.0/2.6+0.26 ms cpu, 4->4->1 MB, 5 MB goal, 0 MB stacks, 0 MB globals, 8 P
gc 711 @53.151s 0%: 0.043+1.0+0.020 ms clock, 0.34+0.032/1.8/4.4+0.16 ms cpu, 3->4->2 MB, 4 MB goal, 0 MB stacks, 0 MB globals, 8 P
gc 712 @53.239s 0%: 0.060+1.0+0.054 ms clock, 0.48+0.038/1.5/3.4+0.43 ms cpu, 4->4->2 MB, 5 MB goal, 0 MB stacks, 0 MB globals, 8 P
gc 713 @53.310s 0%: 0.042+1.0+0.023 ms clock, 0.34+0.034/1.6/3.6+0.18 ms cpu, 4->4->2 MB, 5 MB goal, 0 MB stacks, 0 MB globals, 8 P
gc 714 @53.383s 0%: 0.045+1.2+0.006 ms clock, 0.36+0.035/2.0/4.8+0.055 ms cpu, 4->4->2 MB, 4 MB goal, 0 MB stacks, 0 MB globals, 8 P
gc 715 @53.469s 0%: 0.046+0.90+0.019 ms clock, 0.37+0.034/1.7/3.8+0.15 ms cpu, 4->4->2 MB, 5 MB goal, 0 MB stacks, 0 MB globals, 8 P
gc 716 @53.555s 0%: 0.078+0.90+0.012 ms clock, 0.63+2.0/1.6/0+0.10 ms cpu, 4->5->2 MB, 4 MB goal, 0 MB stacks, 0 MB globals, 8 P
gc 717 @53.628s 0%: 0.047+0.86+0.014 ms clock, 0.38+0.041/1.4/3.7+0.11 ms cpu, 4->4->2 MB, 5 MB goal, 0 MB stacks, 0 MB globals, 8 P
gc 718 @53.710s 0%: 0.069+1.3+0.11 ms clock, 0.55+0.075/1.9/0.50+0.92 ms cpu, 4->4->1 MB, 5 MB goal, 0 MB stacks, 0 MB globals, 8 P
gc 719 @53.763s 0%: 0.036+0.66+0.052 ms clock, 0.29+0.036/1.0/2.3+0.42 ms cpu, 4->4->2 MB, 4 MB goal, 0 MB stacks, 0 MB globals, 8 P
gc 720 @53.828s 0%: 0.034+0.91+0.003 ms clock, 0.27+0.030/1.5/3.5+0.031 ms cpu, 4->4->2 MB, 5 MB goal, 0 MB stacks, 0 MB globals, 8 P
gc 721 @53.901s 0%: 0.041+0.82+0.006 ms clock, 0.33+0.033/1.3/3.0+0.054 ms cpu, 4->4->2 MB, 4 MB goal, 0 MB stacks, 0 MB globals, 8 P
gc 722 @53.974s 0%: 0.039+0.81+0.003 ms clock, 0.31+0.036/1.3/3.5+0.028 ms cpu, 4->4->1 MB, 4 MB goal, 0 MB stacks, 0 MB globals, 8 P
gc 723 @54.056s 0%: 0.040+0.78+0.003 ms clock, 0.32+0.033/1.4/3.1+0.029 ms cpu, 3->4->1 MB, 4 MB goal, 0 MB stacks, 0 MB globals, 8 P
gc 724 @54.130s 0%: 0.036+0.82+0.020 ms clock, 0.29+0.032/1.4/3.3+0.16 ms cpu, 3->4->1 MB, 4 MB goal, 0 MB stacks, 0 MB globals, 8 P
gc 725 @54.199s 0%: 0.044+0.87+0.005 ms clock, 0.35+0.035/1.5/3.1+0.042 ms cpu, 3->4->2 MB, 4 MB goal, 0 MB stacks, 0 MB globals, 8 P
gc 726 @54.271s 0%: 0.039+1.0+0.003 ms clock, 0.31+0.034/2.0/4.5+0.026 ms cpu, 4->4->2 MB, 4 MB goal, 0 MB stacks, 0 MB globals, 8 P
gc 727 @54.353s 0%: 0.038+0.86+0.008 ms clock, 0.30+0.027/1.4/3.5+0.071 ms cpu, 4->4->1 MB, 5 MB goal, 0 MB stacks, 0 MB globals, 8 P
gc 728 @54.430s 0%: 0.039+1.0+0.004 ms clock, 0.31+0.033/1.8/4.4+0.039 ms cpu, 4->4->1 MB, 4 MB goal, 0 MB stacks, 0 MB globals, 8 P
gc 729 @54.510s 0%: 0.038+0.96+0.020 ms clock, 0.30+0.035/1.6/3.9+0.16 ms cpu, 4->4->2 MB, 4 MB goal, 0 MB stacks, 0 MB globals, 8 P
gc 730 @54.559s 0%: 0.23+0.75+0.041 ms clock, 1.8+0.60/1.2/1.7+0.33 ms cpu, 4->4->2 MB, 4 MB goal, 0 MB stacks, 0 MB globals, 8 P
gc 731 @54.639s 0%: 0.041+0.85+0.004 ms clock, 0.32+0.033/1.5/3.4+0.039 ms cpu, 4->4->2 MB, 5 MB goal, 0 MB stacks, 0 MB globals, 8 P
gc 732 @54.717s 0%: 0.039+1.0+0.014 ms clock, 0.31+0.032/1.7/4.1+0.11 ms cpu, 4->4->1 MB, 4 MB goal, 0 MB stacks, 0 MB globals, 8 P
gc 733 @54.802s 0%: 0.055+0.85+0.016 ms clock, 0.44+0.035/1.4/3.0+0.13 ms cpu, 4->4->2 MB, 4 MB goal, 0 MB stacks, 0 MB globals, 8 P
gc 734 @54.865s 0%: 0.040+0.92+0.003 ms clock, 0.32+0.033/1.7/4.0+0.027 ms cpu, 4->4->2 MB, 4 MB goal, 0 MB stacks, 0 MB globals, 8 P
gc 735 @54.950s 0%: 0.042+0.81+0.003 ms clock, 0.34+0.034/1.5/3.6+0.028 ms cpu, 4->4->2 MB, 5 MB goal, 0 MB stacks, 0 MB globals, 8 P
gc 736 @55.010s 0%: 0.060+0.83+0.007 ms clock, 0.48+0.13/1.3/2.7+0.056 ms cpu, 4->4->2 MB, 4 MB goal, 0 MB stacks, 0 MB globals, 8 P
gc 737 @55.086s 0%: 0.039+0.93+0.004 ms clock, 0.31+0.032/1.5/3.6+0.034 ms cpu, 4->4->2 MB, 5 MB goal, 0 MB stacks, 0 MB globals, 8 P
gc 738 @55.162s 0%: 0.038+0.76+0.013 ms clock, 0.30+0.034/1.2/2.9+0.11 ms cpu, 4->4->2 MB, 4 MB goal, 0 MB stacks, 0 MB globals, 8 P
gc 739 @55.239s 0%: 0.056+1.2+0.061 ms clock, 0.44+0.039/1.6/1.0+0.49 ms cpu, 4->4->2 MB, 5 MB goal, 0 MB stacks, 0 MB globals, 8 P
gc 740 @55.317s 0%: 0.047+0.79+0.009 ms clock, 0.38+0.037/1.1/2.5+0.076 ms cpu, 4->4->2 MB, 5 MB goal, 0 MB stacks, 0 MB globals, 8 P
gc 741 @55.399s 0%: 0.038+1.0+0.002 ms clock, 0.30+0.034/2.0/4.5+0.023 ms cpu, 4->4->1 MB, 4 MB goal, 0 MB stacks, 0 MB globals, 8 P
gc 742 @55.469s 0%: 0.041+0.85+0.005 ms clock, 0.33+0.034/1.4/3.1+0.040 ms cpu, 3->4->2 MB, 4 MB goal, 0 MB stacks, 0 MB globals, 8 P
gc 743 @55.543s 0%: 0.072+0.87+0.003 ms clock, 0.58+0.042/1.3/2.9+0.029 ms cpu, 4->4->2 MB, 5 MB goal, 0 MB stacks, 0 MB globals, 8 P
gc 744 @55.579s 0%: 0.035+0.93+0.029 ms clock, 0.28+0.027/1.7/4.1+0.23 ms cpu, 4->4->2 MB, 4 MB goal, 0 MB stacks, 0 MB globals, 8 P
gc 745 @55.654s 0%: 0.038+1.0+0.036 ms clock, 0.31+0.034/1.7/4.0+0.29 ms cpu, 4->4->1 MB, 5 MB goal, 0 MB stacks, 0 MB globals, 8 P
gc 746 @55.722s 0%: 0.039+0.77+0.022 ms clock, 0.31+0.037/1.1/2.4+0.18 ms cpu, 4->4->2 MB, 4 MB goal, 0 MB stacks, 0 MB globals, 8 P
gc 747 @55.807s 0%: 0.042+1.0+0.016 ms clock, 0.34+0.030/1.7/4.3+0.12 ms cpu, 4->4->2 MB, 5 MB goal, 0 MB stacks, 0 MB globals, 8 P
gc 748 @55.888s 0%: 0.047+0.92+0.004 ms clock, 0.38+0.033/1.6/3.6+0.034 ms cpu, 4->4->1 MB, 5 MB goal, 0 MB stacks, 0 MB globals, 8 P
gc 749 @55.961s 0%: 0.062+1.0+0.003 ms clock, 0.49+0.035/1.8/4.6+0.028 ms cpu, 4->4->2 MB, 4 MB goal, 0 MB stacks, 0 MB globals, 8 P
gc 750 @56.044s 0%: 0.040+0.68+0.004 ms clock, 0.32+0.035/1.0/2.4+0.039 ms cpu, 4->4->1 MB, 5 MB goal, 0 MB stacks, 0 MB globals, 8 P
gc 751 @56.112s 0%: 0.030+1.0+0.003 ms clock, 0.24+0.029/1.9/4.5+0.030 ms cpu, 4->4->2 MB, 4 MB goal, 0 MB stacks, 0 MB globals, 8 P
gc 752 @56.196s 0%: 0.035+0.75+0.003 ms clock, 0.28+0.032/1.3/2.8+0.028 ms cpu, 4->4->1 MB, 4 MB goal, 0 MB stacks, 0 MB globals, 8 P
gc 753 @56.264s 0%: 0.039+0.96+0.002 ms clock, 0.31+0.032/1.7/4.1+0.022 ms cpu, 4->4->2 MB, 4 MB goal, 0 MB stacks, 0 MB globals, 8 P
gc 754 @56.340s 0%: 0.052+0.80+0.004 ms clock, 0.41+0.035/1.3/2.9+0.032 ms cpu, 4->4->1 MB, 4 MB goal, 0 MB stacks, 0 MB globals, 8 P
gc 755 @56.415s 0%: 0.045+0.85+0.004 ms clock, 0.36+0.029/1.4/3.6+0.037 ms cpu, 4->4->1 MB, 4 MB goal, 0 MB stacks, 0 MB globals, 8 P
gc 756 @56.485s 0%: 0.039+1.2+0.018 ms clock, 0.31+0.029/2.1/4.9+0.14 ms cpu, 4->4->2 MB, 4 MB goal, 0 MB stacks, 0 MB globals, 8 P
gc 757 @56.566s 0%: 0.072+1.0+0.028 ms clock, 0.57+1.3/1.5/0.30+0.22 ms cpu, 4->5->2 MB, 5 MB goal, 0 MB stacks, 0 MB globals, 8 P
gc 758 @56.636s 0%: 0.036+1.9+0.11 ms clock, 0.28+0.055/2.2/4.8+0.91 ms cpu, 4->4->2 MB, 5 MB goal, 0 MB stacks, 0 MB globals, 8 P
gc 759 @56.718s 0%: 0.036+1.0+0.015 ms clock, 0.29+0.033/1.8/4.4+0.12 ms cpu, 4->4->2 MB, 5 MB goal, 0 MB stacks, 0 MB globals, 8 P
gc 760 @56.795s 0%: 0.045+1.0+0.014 ms clock, 0.36+0.032/1.8/4.3+0.11 ms cpu, 4->4->1 MB, 4 MB goal, 0 MB stacks, 0 MB globals, 8 P
gc 761 @56.878s 0%: 0.037+1.2+0.020 ms clock, 0.30+0.036/2.1/5.2+0.16 ms cpu, 3->4->1 MB, 4 MB goal, 0 MB stacks, 0 MB globals, 8 P
gc 762 @56.960s 0%: 0.043+1.0+0.011 ms clock, 0.34+0.036/1.8/4.4+0.088 ms cpu, 3->4->2 MB, 4 MB goal, 0 MB stacks, 0 MB globals, 8 P
gc 763 @57.035s 0%: 0.037+0.72+0.004 ms clock, 0.30+0.032/1.0/2.4+0.037 ms cpu, 4->4->2 MB, 4 MB goal, 0 MB stacks, 0 MB globals, 8 P
gc 764 @57.110s 0%: 0.030+1.0+0.033 ms clock, 0.24+0.033/1.8/4.5+0.26 ms cpu, 4->4->2 MB, 5 MB goal, 0 MB stacks, 0 MB globals, 8 P
gc 765 @57.190s 0%: 0.037+0.74+0.031 ms clock, 0.29+0.035/1.2/2.8+0.24 ms cpu, 4->4->1 MB, 5 MB goal, 0 MB stacks, 0 MB globals, 8 P
gc 766 @57.248s 0%: 0.12+1.4+0.059 ms clock, 1.0+0.043/1.6/0.73+0.47 ms cpu, 3->4->2 MB, 4 MB goal, 0 MB stacks, 0 MB globals, 8 P
gc 767 @57.319s 0%: 0.035+0.81+0.018 ms clock, 0.28+0.040/1.3/3.1+0.14 ms cpu, 4->4->1 MB, 5 MB goal, 0 MB stacks, 0 MB globals, 8 P
gc 768 @57.397s 0%: 0.041+1.0+0.015 ms clock, 0.32+0.033/1.8/4.3+0.12 ms cpu, 4->4->1 MB, 4 MB goal, 0 MB stacks, 0 MB globals, 8 P
gc 769 @57.475s 0%: 0.039+0.79+0.005 ms clock, 0.31+0.033/1.3/3.0+0.040 ms cpu, 4->4->1 MB, 4 MB goal, 0 MB stacks, 0 MB globals, 8 P
gc 770 @57.543s 0%: 0.047+0.79+0.027 ms clock, 0.38+0.034/1.2/2.8+0.22 ms cpu, 4->4->2 MB, 4 MB goal, 0 MB stacks, 0 MB globals, 8 P
gc 771 @57.584s 0%: 0.044+0.80+0.034 ms clock, 0.35+0.035/1.3/2.7+0.27 ms cpu, 4->4->2 MB, 5 MB goal, 0 MB stacks, 0 MB globals, 8 P
gc 772 @57.663s 0%: 0.038+0.84+0.009 ms clock, 0.30+0.034/1.5/3.3+0.075 ms cpu, 4->4->2 MB, 5 MB goal, 0 MB stacks, 0 MB globals, 8 P
gc 773 @57.747s 0%: 0.042+1.0+0.011 ms clock, 0.33+0.033/1.9/4.4+0.093 ms cpu, 4->4->1 MB, 5 MB goal, 0 MB stacks, 0 MB globals, 8 P
gc 774 @57.824s 0%: 0.041+0.95+0.018 ms clock, 0.33+0.033/1.7/3.7+0.15 ms cpu, 4->4->2 MB, 4 MB goal, 0 MB stacks, 0 MB globals, 8 P
gc 775 @57.905s 0%: 0.047+1.0+0.028 ms clock, 0.38+0.035/1.7/4.1+0.22 ms cpu, 4->4->1 MB, 5 MB goal, 0 MB stacks, 0 MB globals, 8 P
gc 776 @57.977s 0%: 0.030+0.92+0.005 ms clock, 0.24+0.039/1.7/4.1+0.040 ms cpu, 4->4->2 MB, 4 MB goal, 0 MB stacks, 0 MB globals, 8 P
gc 777 @58.059s 0%: 0.046+0.90+0.005 ms clock, 0.37+0.035/1.6/3.7+0.042 ms cpu, 4->4->1 MB, 4 MB goal, 0 MB stacks, 0 MB globals, 8 P
gc 778 @58.134s 0%: 0.049+0.88+0.033 ms clock, 0.39+0.025/1.5/3.5+0.26 ms cpu, 3->4->2 MB, 4 MB goal, 0 MB stacks, 0 MB globals, 8 P
gc 779 @58.214s 0%: 0.044+0.80+0.003 ms clock, 0.35+0.033/1.3/2.3+0.031 ms cpu, 4->4->1 MB, 4 MB goal, 0 MB stacks, 0 MB globals, 8 P
gc 780 @58.292s 0%: 0.038+0.89+0.025 ms clock, 0.31+0.041/1.6/3.4+0.20 ms cpu, 3->4->1 MB, 4 MB goal, 0 MB stacks, 0 MB globals, 8 P
gc 781 @58.363s 0%: 0.046+0.96+0.026 ms clock, 0.36+0.034/1.5/2.6+0.21 ms cpu, 3->4->2 MB, 4 MB goal, 0 MB stacks, 0 MB globals, 8 P
gc 782 @58.434s 0%: 0.045+0.75+0.005 ms clock, 0.36+0.033/1.3/3.0+0.046 ms cpu, 4->4->2 MB, 4 MB goal, 0 MB stacks, 0 MB globals, 8 P
gc 783 @58.523s 0%: 0.043+1.0+0.020 ms clock, 0.34+0.033/1.8/4.3+0.16 ms cpu, 4->4->2 MB, 4 MB goal, 0 MB stacks, 0 MB globals, 8 P
gc 784 @58.573s 0%: 0.15+0.79+0.005 ms clock, 1.2+1.4/1.4/1.1+0.043 ms cpu, 4->4->2 MB, 5 MB goal, 0 MB stacks, 0 MB globals, 8 P
gc 785 @58.662s 0%: 0.039+0.85+0.013 ms clock, 0.31+0.032/1.5/3.2+0.10 ms cpu, 4->4->2 MB, 5 MB goal, 0 MB stacks, 0 MB globals, 8 P
gc 786 @58.743s 0%: 0.035+0.74+0.030 ms clock, 0.28+0.027/1.2/2.7+0.24 ms cpu, 4->4->1 MB, 5 MB goal, 0 MB stacks, 0 MB globals, 8 P
gc 787 @58.812s 0%: 0.039+0.70+0.004 ms clock, 0.31+0.036/1.1/2.8+0.034 ms cpu, 3->4->2 MB, 4 MB goal, 0 MB stacks, 0 MB globals, 8 P
gc 788 @58.880s 0%: 0.058+1.0+0.024 ms clock, 0.46+0.042/1.8/4.3+0.19 ms cpu, 4->4->2 MB, 4 MB goal, 0 MB stacks, 0 MB globals, 8 P
gc 789 @58.966s 0%: 0.042+0.66+0.045 ms clock, 0.33+0.037/1.0/1.8+0.36 ms cpu, 4->4->1 MB, 5 MB goal, 0 MB stacks, 0 MB globals, 8 P
gc 790 @59.031s 0%: 0.041+1.1+0.10 ms clock, 0.33+0.035/1.2/3.1+0.86 ms cpu, 3->4->2 MB, 4 MB goal, 0 MB stacks, 0 MB globals, 8 P
gc 791 @59.099s 0%: 0.037+0.67+0.003 ms clock, 0.29+0.032/1.1/2.4+0.030 ms cpu, 4->4->2 MB, 5 MB goal, 0 MB stacks, 0 MB globals, 8 P
gc 792 @59.170s 0%: 0.086+0.93+0.009 ms clock, 0.69+0.037/1.6/3.4+0.075 ms cpu, 4->4->2 MB, 4 MB goal, 0 MB stacks, 0 MB globals, 8 P
gc 793 @59.240s 0%: 0.035+1.0+0.003 ms clock, 0.28+0.034/1.9/4.3+0.026 ms cpu, 4->4->2 MB, 4 MB goal, 0 MB stacks, 0 MB globals, 8 P
gc 794 @59.329s 0%: 0.042+1.1+0.004 ms clock, 0.34+0.084/2.0/4.8+0.034 ms cpu, 4->4->2 MB, 5 MB goal, 0 MB stacks, 0 MB globals, 8 P
gc 795 @59.398s 0%: 0.038+0.95+0.058 ms clock, 0.31+0.033/1.7/3.9+0.46 ms cpu, 4->4->2 MB, 4 MB goal, 0 MB stacks, 0 MB globals, 8 P
gc 796 @59.478s 0%: 0.038+0.83+0.010 ms clock, 0.30+0.043/1.4/2.3+0.083 ms cpu, 4->4->2 MB, 5 MB goal, 0 MB stacks, 0 MB globals, 8 P
gc 797 @59.557s 0%: 0.087+0.82+0.029 ms clock, 0.70+0.040/1.3/2.6+0.23 ms cpu, 4->4->1 MB, 4 MB goal, 0 MB stacks, 0 MB globals, 8 P
gc 798 @59.591s 0%: 0.024+0.83+0.003 ms clock, 0.19+0.029/1.4/3.4+0.026 ms cpu, 4->4->2 MB, 4 MB goal, 0 MB stacks, 0 MB globals, 8 P
gc 799 @59.669s 0%: 0.045+0.84+0.004 ms clock, 0.36+0.034/1.5/3.2+0.035 ms cpu, 4->4->2 MB, 5 MB goal, 0 MB stacks, 0 MB globals, 8 P
gc 800 @59.749s 0%: 0.044+1.0+0.011 ms clock, 0.35+0.035/1.7/3.9+0.095 ms cpu, 4->4->1 MB, 4 MB goal, 0 MB stacks, 0 MB globals, 8 P
gc 801 @59.830s 0%: 0.041+0.80+0.012 ms clock, 0.32+0.031/1.3/2.4+0.10 ms cpu, 4->4->2 MB, 4 MB goal, 0 MB stacks, 0 MB globals, 8 P
gc 802 @59.910s 0%: 0.081+0.87+0.004 ms clock, 0.65+0.038/1.6/2.5+0.034 ms cpu, 4->4->1 MB, 5 MB goal, 0 MB stacks, 0 MB globals, 8 P
gc 803 @59.986s 0%: 0.050+0.74+0.004 ms clock, 0.40+0.036/1.3/2.9+0.033 ms cpu, 4->4->1 MB, 4 MB goal, 0 MB stacks, 0 MB globals, 8 P
gc 804 @60.029s 0%: 0.047+1.0+0.013 ms clock, 0.37+0.035/1.7/3.9+0.10 ms cpu, 3->4->2 MB, 4 MB goal, 0 MB stacks, 0 MB globals, 8 P
gc 805 @60.097s 0%: 0.042+1.0+0.027 ms clock, 0.34+0.034/1.8/4.5+0.22 ms cpu, 4->4->2 MB, 5 MB goal, 0 MB stacks, 0 MB globals, 8 P
gc 806 @60.179s 0%: 0.044+0.74+0.029 ms clock, 0.35+0.033/1.2/2.7+0.23 ms cpu, 4->4->2 MB, 5 MB goal, 0 MB stacks, 0 MB globals, 8 P
gc 807 @60.254s 0%: 0.051+0.87+0.030 ms clock, 0.40+0.098/1.5/3.7+0.24 ms cpu, 4->4->1 MB, 5 MB goal, 0 MB stacks, 0 MB globals, 8 P
gc 808 @60.321s 0%: 0.043+0.94+0.020 ms clock, 0.34+0.032/1.6/3.7+0.16 ms cpu, 4->4->2 MB, 4 MB goal, 0 MB stacks, 0 MB globals, 8 P
gc 809 @60.395s 0%: 0.041+0.92+0.035 ms clock, 0.33+0.034/1.5/2.7+0.28 ms cpu, 4->4->1 MB, 5 MB goal, 0 MB stacks, 0 MB globals, 8 P
gc 810 @60.474s 0%: 0.037+1.0+0.021 ms clock, 0.29+0.033/1.6/4.0+0.17 ms cpu, 4->4->2 MB, 4 MB goal, 0 MB stacks, 0 MB globals, 8 P
gc 811 @60.550s 0%: 0.10+0.89+0.038 ms clock, 0.80+0.17/1.4/2.5+0.30 ms cpu, 4->4->2 MB, 5 MB goal, 0 MB stacks, 0 MB globals, 8 P
gc 812 @60.591s 0%: 0.045+1.0+0.008 ms clock, 0.36+0.044/1.9/4.3+0.069 ms cpu, 4->4->2 MB, 4 MB goal, 0 MB stacks, 0 MB globals, 8 P
gc 813 @60.673s 0%: 0.033+0.81+0.018 ms clock, 0.27+0.028/1.4/3.1+0.14 ms cpu, 4->4->2 MB, 5 MB goal, 0 MB stacks, 0 MB globals, 8 P
gc 814 @60.751s 0%: 0.037+0.84+0.025 ms clock, 0.30+0.031/1.4/3.1+0.20 ms cpu, 4->4->1 MB, 5 MB goal, 0 MB stacks, 0 MB globals, 8 P
gc 815 @60.827s 0%: 0.037+0.69+0.007 ms clock, 0.29+0.034/1.1/2.5+0.056 ms cpu, 3->4->2 MB, 4 MB goal, 0 MB stacks, 0 MB globals, 8 P
gc 816 @60.903s 0%: 0.044+0.94+0.007 ms clock, 0.35+0.033/1.6/3.7+0.061 ms cpu, 4->4->2 MB, 4 MB goal, 0 MB stacks, 0 MB globals, 8 P
gc 817 @60.982s 0%: 0.041+0.68+0.038 ms clock, 0.32+0.039/1.2/2.3+0.30 ms cpu, 4->4->2 MB, 4 MB goal, 0 MB stacks, 0 MB globals, 8 P
gc 818 @61.051s 0%: 0.041+0.83+0.071 ms clock, 0.32+0.038/1.4/2.3+0.57 ms cpu, 4->4->2 MB, 5 MB goal, 0 MB stacks, 0 MB globals, 8 P
gc 819 @61.135s 0%: 0.036+1.0+0.003 ms clock, 0.28+0.033/1.9/4.3+0.028 ms cpu, 4->4->2 MB, 5 MB goal, 0 MB stacks, 0 MB globals, 8 P
gc 820 @61.217s 0%: 0.035+1.0+0.003 ms clock, 0.28+0.029/1.9/4.8+0.026 ms cpu, 4->4->1 MB, 4 MB goal, 0 MB stacks, 0 MB globals, 8 P
gc 821 @61.296s 0%: 0.037+0.88+0.011 ms clock, 0.30+0.033/1.4/3.6+0.093 ms cpu, 4->4->2 MB, 4 MB goal, 0 MB stacks, 0 MB globals, 8 P
gc 822 @61.376s 0%: 0.099+1.3+0.061 ms clock, 0.79+0.087/1.8/0.68+0.49 ms cpu, 4->4->2 MB, 5 MB goal, 0 MB stacks, 0 MB globals, 8 P
gc 823 @61.440s 0%: 0.043+0.84+0.021 ms clock, 0.34+0.076/1.4/3.4+0.17 ms cpu, 4->4->2 MB, 5 MB goal, 0 MB stacks, 0 MB globals, 8 P
gc 824 @61.510s 0%: 0.046+0.86+0.003 ms clock, 0.37+0.035/1.6/3.7+0.026 ms cpu, 4->4->2 MB, 5 MB goal, 0 MB stacks, 0 MB globals, 8 P
gc 825 @61.580s 0%: 0.043+0.70+0.003 ms clock, 0.34+0.033/1.2/2.6+0.029 ms cpu, 4->4->2 MB, 4 MB goal, 0 MB stacks, 0 MB globals, 8 P
gc 826 @61.612s 0%: 0.027+0.80+0.005 ms clock, 0.22+0.024/1.4/3.2+0.044 ms cpu, 4->4->2 MB, 4 MB goal, 0 MB stacks, 0 MB globals, 8 P
gc 827 @61.705s 0%: 0.036+0.78+0.003 ms clock, 0.28+0.034/1.3/3.0+0.026 ms cpu, 4->4->2 MB, 5 MB goal, 0 MB stacks, 0 MB globals, 8 P
gc 828 @61.786s 0%: 0.037+0.93+0.004 ms clock, 0.29+0.037/1.7/3.7+0.033 ms cpu, 4->4->2 MB, 4 MB goal, 0 MB stacks, 0 MB globals, 8 P
gc 829 @61.875s 0%: 0.046+1.0+0.019 ms clock, 0.37+0.035/1.8/4.2+0.15 ms cpu, 4->4->1 MB, 5 MB goal, 0 MB stacks, 0 MB globals, 8 P
gc 830 @61.945s 0%: 0.043+0.91+0.022 ms clock, 0.34+0.038/1.5/3.6+0.18 ms cpu, 4->4->1 MB, 4 MB goal, 0 MB stacks, 0 MB globals, 8 P
gc 831 @62.022s 0%: 0.033+0.75+0.021 ms clock, 0.27+0.037/1.2/2.0+0.17 ms cpu, 4->4->1 MB, 4 MB goal, 0 MB stacks, 0 MB globals, 8 P
gc 832 @62.105s 0%: 0.035+0.85+0.013 ms clock, 0.28+0.032/1.4/3.0+0.11 ms cpu, 3->4->1 MB, 4 MB goal, 0 MB stacks, 0 MB globals, 8 P
gc 833 @62.173s 0%: 0.032+1.0+0.007 ms clock, 0.25+0.032/2.0/4.5+0.060 ms cpu, 4->4->1 MB, 4 MB goal, 0 MB stacks, 0 MB globals, 8 P
gc 834 @62.243s 0%: 0.034+1.1+0.005 ms clock, 0.27+0.035/1.9/4.4+0.044 ms cpu, 4->4->2 MB, 4 MB goal, 0 MB stacks, 0 MB globals, 8 P
gc 835 @62.313s 0%: 0.033+0.86+0.023 ms clock, 0.26+0.029/1.3/2.9+0.18 ms cpu, 4->4->2 MB, 4 MB goal, 0 MB stacks, 0 MB globals, 8 P
gc 836 @62.391s 0%: 0.043+0.94+0.007 ms clock, 0.34+0.032/1.7/4.0+0.061 ms cpu, 4->4->2 MB, 4 MB goal, 0 MB stacks, 0 MB globals, 8 P
gc 837 @62.469s 0%: 0.044+0.62+0.020 ms clock, 0.35+0.036/1.0/2.0+0.16 ms cpu, 4->4->1 MB, 4 MB goal, 0 MB stacks, 0 MB globals, 8 P
gc 838 @62.521s 0%: 0.042+1.1+0.005 ms clock, 0.34+0.053/2.1/5.1+0.041 ms cpu, 3->4->2 MB, 4 MB goal, 0 MB stacks, 0 MB globals, 8 P
gc 839 @62.588s 0%: 0.15+1.0+0.004 ms clock, 1.2+3.0/1.4/0.049+0.039 ms cpu, 4->4->2 MB, 4 MB goal, 0 MB stacks, 0 MB globals, 8 P
gc 840 @62.671s 0%: 0.049+1.0+0.008 ms clock, 0.39+0.048/1.9/4.0+0.065 ms cpu, 4->4->2 MB, 5 MB goal, 0 MB stacks, 0 MB globals, 8 P
gc 841 @62.729s 0%: 0.079+0.72+0.008 ms clock, 0.63+0.042/1.2/0.84+0.069 ms cpu, 4->4->2 MB, 5 MB goal, 0 MB stacks, 0 MB globals, 8 P
gc 842 @62.812s 0%: 0.042+0.78+0.033 ms clock, 0.33+0.033/1.3/2.9+0.27 ms cpu, 4->4->1 MB, 4 MB goal, 0 MB stacks, 0 MB globals, 8 P
gc 843 @62.883s 0%: 0.029+1.0+0.003 ms clock, 0.23+0.042/1.5/0.72+0.029 ms cpu, 4->4->1 MB, 4 MB goal, 0 MB stacks, 0 MB globals, 8 P
gc 844 @62.961s 0%: 0.043+1.1+0.004 ms clock, 0.34+0.038/2.1/3.7+0.035 ms cpu, 4->4->2 MB, 4 MB goal, 0 MB stacks, 0 MB globals, 8 P
gc 845 @63.039s 0%: 0.073+0.88+0.014 ms clock, 0.58+0.041/1.5/3.4+0.11 ms cpu, 4->4->2 MB, 5 MB goal, 0 MB stacks, 0 MB globals, 8 P
gc 846 @63.117s 0%: 0.038+1.0+0.003 ms clock, 0.31+0.033/1.9/4.3+0.027 ms cpu, 4->4->2 MB, 5 MB goal, 0 MB stacks, 0 MB globals, 8 P
gc 847 @63.191s 0%: 0.041+0.78+0.003 ms clock, 0.32+0.042/1.4/3.2+0.029 ms cpu, 4->4->2 MB, 4 MB goal, 0 MB stacks, 0 MB globals, 8 P
gc 848 @63.265s 0%: 0.042+1.2+0.021 ms clock, 0.33+0.033/2.0/4.9+0.17 ms cpu, 4->4->1 MB, 4 MB goal, 0 MB stacks, 0 MB globals, 8 P
gc 849 @63.339s 0%: 0.043+1.0+0.018 ms clock, 0.34+0.031/1.7/3.9+0.14 ms cpu, 4->4->2 MB, 4 MB goal, 0 MB stacks, 0 MB globals, 8 P
gc 850 @63.423s 0%: 0.041+0.96+0.028 ms clock, 0.32+0.033/1.6/3.7+0.23 ms cpu, 4->4->2 MB, 5 MB goal, 0 MB stacks, 0 MB globals, 8 P
gc 851 @63.500s 0%: 0.038+1.0+0.003 ms clock, 0.30+0.034/1.9/4.5+0.027 ms cpu, 4->4->1 MB, 5 MB goal, 0 MB stacks, 0 MB globals, 8 P
gc 852 @63.577s 0%: 0.043+0.86+0.004 ms clock, 0.35+0.033/1.6/3.7+0.032 ms cpu, 4->4->1 MB, 4 MB goal, 0 MB stacks, 0 MB globals, 8 P
gc 853 @63.618s 0%: 0.068+1.0+0.003 ms clock, 0.54+0.036/1.9/4.5+0.028 ms cpu, 3->3->2 MB, 4 MB goal, 0 MB stacks, 0 MB globals, 8 P
gc 854 @63.697s 0%: 0.056+1.1+0.060 ms clock, 0.45+0.091/1.3/0.12+0.48 ms cpu, 4->4->2 MB, 5 MB goal, 0 MB stacks, 0 MB globals, 8 P
gc 855 @63.768s 0%: 0.041+1.0+0.018 ms clock, 0.33+0.037/1.8/4.1+0.14 ms cpu, 4->4->2 MB, 4 MB goal, 0 MB stacks, 0 MB globals, 8 P
gc 856 @63.856s 0%: 0.044+0.81+0.041 ms clock, 0.35+0.034/1.2/2.2+0.33 ms cpu, 4->4->2 MB, 5 MB goal, 0 MB stacks, 0 MB globals, 8 P
gc 857 @63.927s 0%: 0.041+0.85+0.036 ms clock, 0.32+0.033/1.3/2.2+0.29 ms cpu, 4->4->2 MB, 4 MB goal, 0 MB stacks, 0 MB globals, 8 P
gc 858 @64.008s 0%: 0.038+1.0+0.005 ms clock, 0.31+0.035/2.0/4.3+0.046 ms cpu, 4->4->2 MB, 5 MB goal, 0 MB stacks, 0 MB globals, 8 P
gc 859 @64.093s 0%: 0.038+0.85+0.022 ms clock, 0.30+0.035/1.4/2.7+0.17 ms cpu, 4->4->2 MB, 5 MB goal, 0 MB stacks, 0 MB globals, 8 P
gc 860 @64.168s 0%: 0.036+1.0+0.016 ms clock, 0.29+0.034/1.9/4.4+0.13 ms cpu, 4->4->2 MB, 5 MB goal, 0 MB stacks, 0 MB globals, 8 P
gc 861 @64.251s 0%: 0.047+1.4+0.025 ms clock, 0.38+0.12/1.5/0+0.20 ms cpu, 4->4->2 MB, 4 MB goal, 0 MB stacks, 0 MB globals, 8 P
gc 862 @64.324s 0%: 0.037+0.80+0.007 ms clock, 0.29+0.035/1.3/2.8+0.061 ms cpu, 4->4->2 MB, 5 MB goal, 0 MB stacks, 0 MB globals, 8 P
gc 863 @64.398s 0%: 0.040+1.0+0.031 ms clock, 0.32+0.033/1.8/3.9+0.25 ms cpu, 4->4->2 MB, 5 MB goal, 0 MB stacks, 0 MB globals, 8 P
gc 864 @64.468s 0%: 0.037+1.1+0.004 ms clock, 0.29+0.032/1.9/4.5+0.039 ms cpu, 4->4->1 MB, 4 MB goal, 0 MB stacks, 0 MB globals, 8 P
gc 865 @64.553s 0%: 0.039+1.0+0.013 ms clock, 0.31+0.034/1.8/4.1+0.10 ms cpu, 4->4->2 MB, 4 MB goal, 0 MB stacks, 0 MB globals, 8 P
gc 866 @64.595s 0%: 0.089+0.85+0.003 ms clock, 0.71+0.16/1.3/2.4+0.029 ms cpu, 4->4->2 MB, 4 MB goal, 0 MB stacks, 0 MB globals, 8 P
gc 867 @64.679s 0%: 0.041+0.79+0.018 ms clock, 0.33+0.033/1.2/3.0+0.14 ms cpu, 4->4->2 MB, 5 MB goal, 0 MB stacks, 0 MB globals, 8 P
gc 868 @64.750s 0%: 0.038+1.0+0.021 ms clock, 0.31+0.035/1.9/4.3+0.17 ms cpu, 4->4->2 MB, 4 MB goal, 0 MB stacks, 0 MB globals, 8 P
gc 869 @64.833s 0%: 0.041+0.99+0.003 ms clock, 0.32+0.034/1.8/4.3+0.030 ms cpu, 4->4->2 MB, 4 MB goal, 0 MB stacks, 0 MB globals, 8 P
gc 870 @64.914s 0%: 0.045+1.0+0.024 ms clock, 0.36+0.032/1.7/3.8+0.19 ms cpu, 4->4->2 MB, 5 MB goal, 0 MB stacks, 0 MB globals, 8 P
gc 871 @64.992s 0%: 0.042+0.97+0.010 ms clock, 0.33+0.037/1.6/3.4+0.082 ms cpu, 4->4->1 MB, 4 MB goal, 0 MB stacks, 0 MB globals, 8 P
gc 872 @65.034s 0%: 0.043+0.71+0.004 ms clock, 0.34+0.034/1.3/2.6+0.033 ms cpu, 4->4->2 MB, 4 MB goal, 0 MB stacks, 0 MB globals, 8 P
gc 873 @65.117s 0%: 0.042+1.0+0.008 ms clock, 0.33+0.036/1.9/4.2+0.069 ms cpu, 4->4->2 MB, 5 MB goal, 0 MB stacks, 0 MB globals, 8 P
gc 874 @65.196s 0%: 0.034+1.0+0.030 ms clock, 0.27+0.033/1.7/4.1+0.24 ms cpu, 4->4->2 MB, 5 MB goal, 0 MB stacks, 0 MB globals, 8 P
gc 875 @65.273s 0%: 0.043+1.0+0.006 ms clock, 0.34+0.037/2.0/4.4+0.053 ms cpu, 4->4->2 MB, 4 MB goal, 0 MB stacks, 0 MB globals, 8 P
gc 876 @65.349s 0%: 0.047+0.75+0.038 ms clock, 0.37+0.037/1.2/2.5+0.31 ms cpu, 4->4->2 MB, 4 MB goal, 0 MB stacks, 0 MB globals, 8 P
gc 877 @65.423s 0%: 0.045+0.80+0.022 ms clock, 0.36+0.035/1.4/3.0+0.17 ms cpu, 4->4->2 MB, 4 MB goal, 0 MB stacks, 0 MB globals, 8 P
gc 878 @65.486s 0%: 0.036+0.71+0.003 ms clock, 0.28+0.031/1.3/2.8+0.027 ms cpu, 4->4->2 MB, 4 MB goal, 0 MB stacks, 0 MB globals, 8 P
gc 879 @65.565s 0%: 0.052+1.3+0.004 ms clock, 0.41+0.036/2.3/3.7+0.032 ms cpu, 4->4->2 MB, 4 MB goal, 0 MB stacks, 0 MB globals, 8 P
gc 880 @65.605s 0%: 0.045+0.87+0.013 ms clock, 0.36+0.036/1.5/3.3+0.10 ms cpu, 4->4->2 MB, 4 MB goal, 0 MB stacks, 0 MB globals, 8 P
gc 881 @65.683s 0%: 0.042+0.85+0.029 ms clock, 0.34+0.033/1.3/2.9+0.23 ms cpu, 4->4->2 MB, 5 MB goal, 0 MB stacks, 0 MB globals, 8 P
gc 882 @65.756s 0%: 0.036+0.79+0.011 ms clock, 0.29+0.032/1.2/2.6+0.093 ms cpu, 4->4->2 MB, 4 MB goal, 0 MB stacks, 0 MB globals, 8 P
gc 883 @65.830s 0%: 0.044+0.81+0.021 ms clock, 0.35+0.034/1.3/2.7+0.17 ms cpu, 4->4->2 MB, 5 MB goal, 0 MB stacks, 0 MB globals, 8 P
gc 884 @65.909s 0%: 0.041+1.0+0.018 ms clock, 0.33+0.034/1.7/3.8+0.14 ms cpu, 4->4->2 MB, 5 MB goal, 0 MB stacks, 0 MB globals, 8 P
gc 885 @65.989s 0%: 0.040+0.88+0.026 ms clock, 0.32+0.033/1.5/3.7+0.20 ms cpu, 4->4->1 MB, 4 MB goal, 0 MB stacks, 0 MB globals, 8 P
gc 886 @66.060s 0%: 0.048+0.84+0.008 ms clock, 0.39+0.036/1.3/2.5+0.067 ms cpu, 4->4->1 MB, 4 MB goal, 0 MB stacks, 0 MB globals, 8 P
gc 887 @66.140s 0%: 0.039+0.81+0.028 ms clock, 0.31+0.036/1.3/3.0+0.22 ms cpu, 3->4->2 MB, 4 MB goal, 0 MB stacks, 0 MB globals, 8 P
gc 888 @66.214s 0%: 0.040+0.86+0.012 ms clock, 0.32+0.032/1.5/3.6+0.10 ms cpu, 4->4->1 MB, 4 MB goal, 0 MB stacks, 0 MB globals, 8 P
gc 889 @66.282s 0%: 0.038+0.88+0.008 ms clock, 0.30+0.053/1.4/3.1+0.071 ms cpu, 4->4->2 MB, 4 MB goal, 0 MB stacks, 0 MB globals, 8 P
gc 890 @66.368s 0%: 0.036+0.87+0.017 ms clock, 0.28+0.035/1.4/3.0+0.13 ms cpu, 4->4->1 MB, 5 MB goal, 0 MB stacks, 0 MB globals, 8 P
gc 891 @66.434s 0%: 0.041+1.0+0.004 ms clock, 0.33+0.032/1.7/4.0+0.032 ms cpu, 4->4->2 MB, 4 MB goal, 0 MB stacks, 0 MB globals, 8 P
gc 892 @66.525s 0%: 0.041+1.1+0.003 ms clock, 0.32+0.032/2.1/4.8+0.030 ms cpu, 4->4->2 MB, 5 MB goal, 0 MB stacks, 0 MB globals, 8 P
gc 893 @66.603s 0%: 0.099+0.81+0.003 ms clock, 0.79+1.3/1.4/1.6+0.030 ms cpu, 4->4->2 MB, 5 MB goal, 0 MB stacks, 0 MB globals, 8 P
gc 894 @66.688s 0%: 0.040+0.79+0.004 ms clock, 0.32+0.034/1.3/3.0+0.033 ms cpu, 4->4->1 MB, 5 MB goal, 0 MB stacks, 0 MB globals, 8 P
gc 895 @66.752s 0%: 0.050+0.84+0.003 ms clock, 0.40+0.036/1.5/3.0+0.025 ms cpu, 4->4->1 MB, 4 MB goal, 0 MB stacks, 0 MB globals, 8 P
gc 896 @66.825s 0%: 0.040+0.84+0.003 ms clock, 0.32+0.034/1.5/3.4+0.026 ms cpu, 3->4->2 MB, 4 MB goal, 0 MB stacks, 0 MB globals, 8 P
gc 897 @66.911s 0%: 0.041+0.84+0.032 ms clock, 0.32+0.033/1.4/3.2+0.25 ms cpu, 4->4->2 MB, 4 MB goal, 0 MB stacks, 0 MB globals, 8 P
gc 898 @66.988s 0%: 0.039+1.0+0.003 ms clock, 0.31+0.033/1.8/4.3+0.024 ms cpu, 4->4->1 MB, 5 MB goal, 0 MB stacks, 0 MB globals, 8 P
gc 899 @67.057s 0%: 0.037+0.84+0.026 ms clock, 0.29+0.033/1.4/2.8+0.21 ms cpu, 4->4->1 MB, 4 MB goal, 0 MB stacks, 0 MB globals, 8 P
gc 900 @67.091s 0%: 0.043+0.74+0.024 ms clock, 0.34+0.082/1.2/2.8+0.19 ms cpu, 4->4->2 MB, 4 MB goal, 0 MB stacks, 0 MB globals, 8 P
gc 901 @67.172s 0%: 0.040+1.1+0.023 ms clock, 0.32+0.033/1.8/3.8+0.18 ms cpu, 4->4->1 MB, 5 MB goal, 0 MB stacks, 0 MB globals, 8 P
gc 902 @67.244s 0%: 0.041+0.99+0.031 ms clock, 0.33+0.033/1.7/3.7+0.25 ms cpu, 4->4->2 MB, 4 MB goal, 0 MB stacks, 0 MB globals, 8 P
gc 903 @67.311s 0%: 0.041+0.89+0.049 ms clock, 0.33+0.034/1.4/3.3+0.39 ms cpu, 4->4->1 MB, 5 MB goal, 0 MB stacks, 0 MB globals, 8 P
gc 904 @67.381s 0%: 0.061+1.0+0.008 ms clock, 0.49+0.034/2.0/4.6+0.068 ms cpu, 4->4->2 MB, 4 MB goal, 0 MB stacks, 0 MB globals, 8 P
gc 905 @67.465s 0%: 0.047+1.2+0.017 ms clock, 0.38+0.034/2.1/4.9+0.13 ms cpu, 4->4->1 MB, 4 MB goal, 0 MB stacks, 0 MB globals, 8 P
gc 906 @67.539s 0%: 0.038+0.86+0.003 ms clock, 0.30+0.034/1.5/3.0+0.028 ms cpu, 4->4->2 MB, 4 MB goal, 0 MB stacks, 0 MB globals, 8 P
gc 907 @67.606s 0%: 0.10+0.88+0.014 ms clock, 0.84+0.91/1.5/1.3+0.11 ms cpu, 4->4->2 MB, 5 MB goal, 0 MB stacks, 0 MB globals, 8 P
gc 908 @67.687s 0%: 0.039+1.1+0.032 ms clock, 0.31+0.032/1.8/4.6+0.25 ms cpu, 4->4->2 MB, 4 MB goal, 0 MB stacks, 0 MB globals, 8 P
gc 909 @67.769s 0%: 0.036+0.99+0.003 ms clock, 0.29+0.034/1.8/4.0+0.028 ms cpu, 4->4->2 MB, 5 MB goal, 0 MB stacks, 0 MB globals, 8 P
gc 910 @67.847s 0%: 0.035+0.69+0.005 ms clock, 0.28+0.053/1.1/1.9+0.042 ms cpu, 4->4->1 MB, 4 MB goal, 0 MB stacks, 0 MB globals, 8 P
gc 911 @67.927s 0%: 0.035+1.0+0.013 ms clock, 0.28+0.030/1.8/3.6+0.11 ms cpu, 3->4->1 MB, 4 MB goal, 0 MB stacks, 0 MB globals, 8 P
gc 912 @67.999s 0%: 0.039+0.84+0.003 ms clock, 0.31+0.031/1.4/3.1+0.025 ms cpu, 3->4->1 MB, 4 MB goal, 0 MB stacks, 0 MB globals, 8 P
gc 913 @68.081s 0%: 0.049+1.1+0.030 ms clock, 0.39+0.040/1.9/4.5+0.24 ms cpu, 3->4->2 MB, 4 MB goal, 0 MB stacks, 0 MB globals, 8 P
gc 914 @68.157s 0%: 0.034+1.1+0.044 ms clock, 0.27+0.033/2.0/4.5+0.35 ms cpu, 4->4->1 MB, 4 MB goal, 0 MB stacks, 0 MB globals, 8 P
gc 915 @68.234s 0%: 0.058+0.83+0.031 ms clock, 0.47+0.035/1.4/2.9+0.25 ms cpu, 4->4->1 MB, 4 MB goal, 0 MB stacks, 0 MB globals, 8 P
gc 916 @68.301s 0%: 0.039+0.88+0.012 ms clock, 0.31+0.033/1.4/2.9+0.10 ms cpu, 3->4->1 MB, 4 MB goal, 0 MB stacks, 0 MB globals, 8 P
gc 917 @68.367s 0%: 0.038+0.67+0.005 ms clock, 0.31+0.032/1.1/2.3+0.041 ms cpu, 3->4->2 MB, 4 MB goal, 0 MB stacks, 0 MB globals, 8 P
gc 918 @68.427s 0%: 0.041+0.67+0.005 ms clock, 0.33+0.034/1.1/2.4+0.047 ms cpu, 4->4->2 MB, 4 MB goal, 0 MB stacks, 0 MB globals, 8 P
gc 919 @68.500s 0%: 0.042+0.83+0.011 ms clock, 0.33+0.034/1.3/3.2+0.088 ms cpu, 4->4->1 MB, 4 MB goal, 0 MB stacks, 0 MB globals, 8 P
gc 920 @68.565s 0%: 0.040+1.0+0.029 ms clock, 0.32+0.032/1.7/3.9+0.23 ms cpu, 3->4->1 MB, 4 MB goal, 0 MB stacks, 0 MB globals, 8 P
gc 921 @68.611s 0%: 0.093+0.70+0.003 ms clock, 0.74+0.025/1.2/1.6+0.029 ms cpu, 4->4->2 MB, 4 MB goal, 0 MB stacks, 0 MB globals, 8 P
gc 922 @68.688s 0%: 0.039+0.92+0.040 ms clock, 0.31+0.034/1.6/3.8+0.32 ms cpu, 4->4->1 MB, 4 MB goal, 0 MB stacks, 0 MB globals, 8 P
gc 923 @68.743s 0%: 0.14+0.84+0.038 ms clock, 1.1+0.57/1.4/1.1+0.30 ms cpu, 3->4->2 MB, 4 MB goal, 0 MB stacks, 0 MB globals, 8 P
gc 924 @68.820s 0%: 0.044+1.0+0.010 ms clock, 0.35+0.034/1.8/4.1+0.082 ms cpu, 4->4->1 MB, 5 MB goal, 0 MB stacks, 0 MB globals, 8 P
gc 925 @68.903s 0%: 0.042+0.72+0.004 ms clock, 0.34+0.032/1.2/2.8+0.037 ms cpu, 3->4->1 MB, 4 MB goal, 0 MB stacks, 0 MB globals, 8 P
gc 926 @68.976s 0%: 0.072+1.0+0.003 ms clock, 0.58+0.034/1.9/4.3+0.029 ms cpu, 3->4->2 MB, 4 MB goal, 0 MB stacks, 0 MB globals, 8 P
gc 927 @69.053s 0%: 0.039+0.83+0.012 ms clock, 0.31+0.035/1.4/2.8+0.10 ms cpu, 4->4->1 MB, 5 MB goal, 0 MB stacks, 0 MB globals, 8 P
gc 928 @69.096s 0%: 0.041+0.90+0.013 ms clock, 0.33+0.034/1.6/3.8+0.10 ms cpu, 3->3->2 MB, 4 MB goal, 0 MB stacks, 0 MB globals, 8 P
gc 929 @69.177s 0%: 0.041+1.0+0.015 ms clock, 0.32+0.034/1.7/4.1+0.12 ms cpu, 4->4->2 MB, 4 MB goal, 0 MB stacks, 0 MB globals, 8 P
gc 930 @69.259s 0%: 0.12+1.6+0.004 ms clock, 0.98+0.036/2.1/0.24+0.035 ms cpu, 4->4->1 MB, 4 MB goal, 0 MB stacks, 0 MB globals, 8 P
gc 931 @69.320s 0%: 0.040+0.83+0.013 ms clock, 0.32+0.033/1.3/3.0+0.10 ms cpu, 3->4->2 MB, 4 MB goal, 0 MB stacks, 0 MB globals, 8 P
gc 932 @69.389s 0%: 0.051+0.76+0.023 ms clock, 0.40+0.044/1.1/2.5+0.18 ms cpu, 4->4->2 MB, 5 MB goal, 0 MB stacks, 0 MB globals, 8 P
gc 933 @69.468s 0%: 0.039+0.90+0.042 ms clock, 0.31+0.032/1.6/3.4+0.33 ms cpu, 4->4->1 MB, 5 MB goal, 0 MB stacks, 0 MB globals, 8 P
gc 934 @69.531s 0%: 0.036+0.75+0.038 ms clock, 0.29+0.033/1.1/2.5+0.30 ms cpu, 3->4->2 MB, 4 MB goal, 0 MB stacks, 0 MB globals, 8 P
gc 935 @69.610s 0%: 0.035+0.74+0.008 ms clock, 0.28+0.036/1.3/3.1+0.067 ms cpu, 4->4->1 MB, 5 MB goal, 0 MB stacks, 0 MB globals, 8 P
gc 936 @69.640s 0%: 0.035+0.70+0.007 ms clock, 0.28+0.027/1.1/2.3+0.062 ms cpu, 3->4->2 MB, 4 MB goal, 0 MB stacks, 0 MB globals, 8 P
gc 937 @69.725s 0%: 0.040+1.0+0.021 ms clock, 0.32+0.032/1.7/4.3+0.17 ms cpu, 4->4->1 MB, 5 MB goal, 0 MB stacks, 0 MB globals, 8 P
gc 938 @69.791s 0%: 0.042+0.85+0.023 ms clock, 0.33+0.032/1.5/3.0+0.18 ms cpu, 3->4->2 MB, 4 MB goal, 0 MB stacks, 0 MB globals, 8 P
gc 939 @69.869s 0%: 0.044+1.0+0.004 ms clock, 0.35+0.034/1.8/4.2+0.036 ms cpu, 4->4->1 MB, 5 MB goal, 0 MB stacks, 0 MB globals, 8 P
gc 940 @69.944s 0%: 0.035+0.71+0.005 ms clock, 0.28+0.037/1.1/2.6+0.045 ms cpu, 3->4->2 MB, 4 MB goal, 0 MB stacks, 0 MB globals, 8 P
gc 941 @70.009s 0%: 0.063+0.84+0.003 ms clock, 0.51+0.38/1.4/1.1+0.029 ms cpu, 4->4->2 MB, 5 MB goal, 0 MB stacks, 0 MB globals, 8 P
gc 942 @70.093s 0%: 0.039+1.0+0.008 ms clock, 0.31+0.033/1.7/4.0+0.069 ms cpu, 4->4->2 MB, 5 MB goal, 0 MB stacks, 0 MB globals, 8 P
gc 943 @70.180s 0%: 0.039+0.75+0.004 ms clock, 0.31+0.034/1.3/2.9+0.035 ms cpu, 4->4->1 MB, 5 MB goal, 0 MB stacks, 0 MB globals, 8 P
gc 944 @70.241s 0%: 0.15+1.0+0.026 ms clock, 1.2+1.8/1.5/0.002+0.21 ms cpu, 4->4->2 MB, 4 MB goal, 0 MB stacks, 0 MB globals, 8 P
gc 945 @70.308s 0%: 0.044+1.1+0.003 ms clock, 0.35+0.037/2.0/4.6+0.030 ms cpu, 4->4->2 MB, 5 MB goal, 0 MB stacks, 0 MB globals, 8 P
gc 946 @70.396s 0%: 0.059+0.90+0.038 ms clock, 0.47+0.034/1.3/3.0+0.30 ms cpu, 4->4->2 MB, 5 MB goal, 0 MB stacks, 0 MB globals, 8 P
gc 947 @70.473s 0%: 0.036+0.78+0.019 ms clock, 0.29+0.053/1.1/2.3+0.15 ms cpu, 4->4->1 MB, 4 MB goal, 0 MB stacks, 0 MB globals, 8 P
gc 948 @70.550s 0%: 0.041+1.0+0.057 ms clock, 0.33+0.035/1.8/3.6+0.46 ms cpu, 4->4->2 MB, 4 MB goal, 0 MB stacks, 0 MB globals, 8 P
gc 949 @70.618s 0%: 0.096+0.90+0.022 ms clock, 0.77+1.7/1.4/0.094+0.17 ms cpu, 4->4->2 MB, 5 MB goal, 0 MB stacks, 0 MB globals, 8 P
gc 950 @70.700s 0%: 0.044+0.75+0.019 ms clock, 0.35+0.036/1.3/2.7+0.15 ms cpu, 4->4->2 MB, 5 MB goal, 0 MB stacks, 0 MB globals, 8 P
gc 951 @70.783s 0%: 0.040+1.0+0.009 ms clock, 0.32+0.034/1.7/3.9+0.072 ms cpu, 4->4->2 MB, 5 MB goal, 0 MB stacks, 0 MB globals, 8 P
gc 952 @70.862s 0%: 0.042+0.84+0.003 ms clock, 0.34+0.037/1.3/2.7+0.030 ms cpu, 4->4->1 MB, 4 MB goal, 0 MB stacks, 0 MB globals, 8 P
gc 953 @70.935s 0%: 0.033+0.79+0.013 ms clock, 0.27+0.027/1.3/2.7+0.10 ms cpu, 4->4->1 MB, 4 MB goal, 0 MB stacks, 0 MB globals, 8 P
gc 954 @71.013s 0%: 0.038+1.1+0.030 ms clock, 0.31+0.036/2.0/4.2+0.24 ms cpu, 4->4->2 MB, 4 MB goal, 0 MB stacks, 0 MB globals, 8 P
gc 955 @71.095s 0%: 0.038+0.77+0.007 ms clock, 0.30+0.033/1.3/3.0+0.061 ms cpu, 4->4->2 MB, 5 MB goal, 0 MB stacks, 0 MB globals, 8 P
gc 956 @71.174s 0%: 0.037+0.85+0.022 ms clock, 0.29+0.035/1.4/3.1+0.17 ms cpu, 4->4->1 MB, 4 MB goal, 0 MB stacks, 0 MB globals, 8 P
gc 957 @71.249s 0%: 0.077+0.86+0.036 ms clock, 0.62+0.037/1.3/2.9+0.29 ms cpu, 4->4->2 MB, 4 MB goal, 0 MB stacks, 0 MB globals, 8 P
gc 958 @71.313s 0%: 0.047+0.86+0.003 ms clock, 0.38+0.035/1.5/2.5+0.030 ms cpu, 4->4->2 MB, 4 MB goal, 0 MB stacks, 0 MB globals, 8 P
gc 959 @71.386s 0%: 0.057+0.87+0.003 ms clock, 0.46+0.037/1.5/3.7+0.028 ms cpu, 4->4->1 MB, 4 MB goal, 0 MB stacks, 0 MB globals, 8 P
gc 960 @71.463s 0%: 0.039+0.97+0.012 ms clock, 0.31+0.035/1.7/3.9+0.10 ms cpu, 3->4->2 MB, 4 MB goal, 0 MB stacks, 0 MB globals, 8 P
gc 961 @71.547s 0%: 0.049+0.93+0.002 ms clock, 0.39+0.033/1.7/4.0+0.023 ms cpu, 4->4->2 MB, 4 MB goal, 0 MB stacks, 0 MB globals, 8 P
gc 962 @71.621s 0%: 0.099+0.84+0.012 ms clock, 0.79+1.9/1.5/0.90+0.10 ms cpu, 4->4->2 MB, 4 MB goal, 0 MB stacks, 0 MB globals, 8 P
gc 963 @71.911s 0%: 0.061+0.94+0.039 ms clock, 0.49+0.65/1.4/1.3+0.31 ms cpu, 4->4->1 MB, 5 MB goal, 0 MB stacks, 0 MB globals, 8 P
gc 964 @71.980s 0%: 0.042+0.79+0.020 ms clock, 0.33+0.034/1.2/2.6+0.16 ms cpu, 3->4->1 MB, 4 MB goal, 0 MB stacks, 0 MB globals, 8 P
gc 965 @72.044s 0%: 0.040+1.1+0.033 ms clock, 0.32+0.033/1.8/4.1+0.26 ms cpu, 3->4->1 MB, 4 MB goal, 0 MB stacks, 0 MB globals, 8 P
gc 966 @72.116s 0%: 0.041+1.0+0.025 ms clock, 0.33+0.036/1.7/3.8+0.20 ms cpu, 3->4->1 MB, 4 MB goal, 0 MB stacks, 0 MB globals, 8 P
gc 967 @72.187s 0%: 0.058+1.0+0.004 ms clock, 0.47+0.033/1.8/4.1+0.033 ms cpu, 3->3->1 MB, 4 MB goal, 0 MB stacks, 0 MB globals, 8 P
gc 968 @72.263s 0%: 0.052+1.8+0.004 ms clock, 0.42+0.036/2.3/1.0+0.033 ms cpu, 3->4->1 MB, 4 MB goal, 0 MB stacks, 0 MB globals, 8 P
gc 969 @72.327s 0%: 0.039+0.85+0.068 ms clock, 0.31+0.047/1.3/2.5+0.55 ms cpu, 3->4->1 MB, 4 MB goal, 0 MB stacks, 0 MB globals, 8 P
gc 970 @72.400s 0%: 0.040+0.93+0.003 ms clock, 0.32+0.034/1.6/4.1+0.030 ms cpu, 3->4->1 MB, 4 MB goal, 0 MB stacks, 0 MB globals, 8 P
gc 971 @72.465s 0%: 0.044+1.1+0.003 ms clock, 0.35+0.035/2.1/4.4+0.029 ms cpu, 3->3->1 MB, 4 MB goal, 0 MB stacks, 0 MB globals, 8 P
gc 972 @72.542s 0%: 0.035+1.0+0.018 ms clock, 0.28+0.030/1.8/4.0+0.14 ms cpu, 3->4->1 MB, 4 MB goal, 0 MB stacks, 0 MB globals, 8 P
gc 973 @72.613s 0%: 0.042+0.87+0.017 ms clock, 0.33+0.044/1.3/3.2+0.14 ms cpu, 3->4->1 MB, 4 MB goal, 0 MB stacks, 0 MB globals, 8 P
gc 974 @72.640s 0%: 0.031+0.63+0.004 ms clock, 0.25+0.027/1.0/2.1+0.036 ms cpu, 3->3->1 MB, 4 MB goal, 0 MB stacks, 0 MB globals, 8 P
gc 975 @72.719s 0%: 0.044+1.1+0.007 ms clock, 0.35+0.033/2.0/4.6+0.058 ms cpu, 3->4->1 MB, 4 MB goal, 0 MB stacks, 0 MB globals, 8 P
gc 976 @72.783s 0%: 0.047+1.0+0.005 ms clock, 0.38+0.034/1.7/4.3+0.045 ms cpu, 3->4->1 MB, 4 MB goal, 0 MB stacks, 0 MB globals, 8 P
gc 977 @72.861s 0%: 0.031+0.66+0.010 ms clock, 0.25+0.025/1.1/2.4+0.087 ms cpu, 3->4->1 MB, 4 MB goal, 0 MB stacks, 0 MB globals, 8 P
gc 978 @72.935s 0%: 0.037+0.68+0.003 ms clock, 0.30+0.035/1.1/2.3+0.031 ms cpu, 3->4->1 MB, 4 MB goal, 0 MB stacks, 0 MB globals, 8 P
gc 979 @73.000s 0%: 0.088+0.92+0.029 ms clock, 0.70+0.039/1.5/3.4+0.23 ms cpu, 3->4->1 MB, 4 MB goal, 0 MB stacks, 0 MB globals, 8 P
gc 980 @73.059s 0%: 0.045+0.71+0.003 ms clock, 0.36+0.027/1.2/2.3+0.028 ms cpu, 3->3->1 MB, 4 MB goal, 0 MB stacks, 0 MB globals, 8 P
gc 981 @73.135s 0%: 0.045+0.93+0.015 ms clock, 0.36+0.034/1.6/4.0+0.12 ms cpu, 3->4->1 MB, 4 MB goal, 0 MB stacks, 0 MB globals, 8 P
gc 982 @73.215s 0%: 0.037+0.72+0.004 ms clock, 0.30+0.034/1.3/2.9+0.035 ms cpu, 3->4->1 MB, 4 MB goal, 0 MB stacks, 0 MB globals, 8 P
gc 983 @73.293s 0%: 0.044+0.78+0.003 ms clock, 0.35+0.034/1.4/2.9+0.026 ms cpu, 3->4->1 MB, 4 MB goal, 0 MB stacks, 0 MB globals, 8 P
gc 984 @73.360s 0%: 0.033+0.74+0.019 ms clock, 0.26+0.021/1.1/2.9+0.15 ms cpu, 3->4->1 MB, 4 MB goal, 0 MB stacks, 0 MB globals, 8 P
gc 985 @73.432s 0%: 0.040+1.1+0.037 ms clock, 0.32+0.034/2.0/4.8+0.29 ms cpu, 3->4->1 MB, 4 MB goal, 0 MB stacks, 0 MB globals, 8 P
gc 986 @73.500s 0%: 0.041+0.79+0.035 ms clock, 0.33+0.058/1.2/2.5+0.28 ms cpu, 3->3->1 MB, 4 MB goal, 0 MB stacks, 0 MB globals, 8 P
gc 987 @73.560s 0%: 0.036+1.0+0.003 ms clock, 0.29+0.037/1.8/3.9+0.024 ms cpu, 3->4->1 MB, 4 MB goal, 0 MB stacks, 0 MB globals, 8 P
gc 988 @73.628s 0%: 0.094+0.91+0.003 ms clock, 0.75+2.3/1.6/0.44+0.030 ms cpu, 3->4->2 MB, 4 MB goal, 0 MB stacks, 0 MB globals, 8 P
gc 989 @73.718s 0%: 0.040+0.74+0.009 ms clock, 0.32+0.040/1.2/2.1+0.074 ms cpu, 4->4->1 MB, 5 MB goal, 0 MB stacks, 0 MB globals, 8 P
gc 990 @73.780s 0%: 0.13+0.82+0.003 ms clock, 1.0+1.0/1.4/0.19+0.027 ms cpu, 4->4->2 MB, 4 MB goal, 0 MB stacks, 0 MB globals, 8 P
gc 991 @73.824s 0%: 0.032+0.84+0.002 ms clock, 0.26+0.032/1.4/3.2+0.022 ms cpu, 4->4->2 MB, 4 MB goal, 0 MB stacks, 0 MB globals, 8 P
gc 992 @73.902s 0%: 0.045+1.3+0.004 ms clock, 0.36+0.30/2.4/5.1+0.033 ms cpu, 4->4->1 MB, 4 MB goal, 0 MB stacks, 0 MB globals, 8 P
gc 993 @73.979s 0%: 0.058+0.89+0.035 ms clock, 0.46+0.037/1.4/2.8+0.28 ms cpu, 3->4->1 MB, 4 MB goal, 0 MB stacks, 0 MB globals, 8 P
gc 994 @74.048s 0%: 0.038+0.81+0.016 ms clock, 0.30+0.034/1.2/3.2+0.13 ms cpu, 3->4->1 MB, 4 MB goal, 0 MB stacks, 0 MB globals, 8 P
gc 995 @74.114s 0%: 0.037+0.91+0.004 ms clock, 0.29+0.034/1.6/4.0+0.035 ms cpu, 4->4->2 MB, 4 MB goal, 0 MB stacks, 0 MB globals, 8 P
gc 996 @74.190s 0%: 0.041+0.82+0.010 ms clock, 0.33+0.034/1.3/3.1+0.081 ms cpu, 4->4->2 MB, 5 MB goal, 0 MB stacks, 0 MB globals, 8 P
gc 997 @74.266s 0%: 0.048+1.0+0.004 ms clock, 0.38+0.035/1.7/4.0+0.038 ms cpu, 4->4->2 MB, 4 MB goal, 0 MB stacks, 0 MB globals, 8 P
gc 998 @74.346s 0%: 0.046+0.81+0.002 ms clock, 0.36+0.034/1.4/3.7+0.022 ms cpu, 4->4->2 MB, 4 MB goal, 0 MB stacks, 0 MB globals, 8 P
gc 999 @74.421s 0%: 0.042+0.84+0.024 ms clock, 0.34+0.036/1.4/3.3+0.19 ms cpu, 4->4->1 MB, 4 MB goal, 0 MB stacks, 0 MB globals, 8 P
gc 1000 @74.490s 0%: 0.040+0.82+0.009 ms clock, 0.32+0.036/1.4/3.0+0.079 ms cpu, 3->4->1 MB, 4 MB goal, 0 MB stacks, 0 MB globals, 8 P
gc 1001 @74.568s 0%: 0.043+0.99+0.019 ms clock, 0.34+0.033/1.8/4.1+0.15 ms cpu, 4->4->1 MB, 4 MB goal, 0 MB stacks, 0 MB globals, 8 P
gc 1002 @74.632s 0%: 0.17+0.84+0.028 ms clock, 1.3+1.0/1.4/1.0+0.22 ms cpu, 4->4->2 MB, 4 MB goal, 0 MB stacks, 0 MB globals, 8 P
gc 1003 @74.707s 0%: 0.039+1.0+0.022 ms clock, 0.31+0.032/1.8/4.4+0.17 ms cpu, 4->4->2 MB, 5 MB goal, 0 MB stacks, 0 MB globals, 8 P
gc 1004 @74.785s 0%: 0.036+0.91+0.008 ms clock, 0.29+0.032/1.6/3.5+0.066 ms cpu, 4->4->1 MB, 4 MB goal, 0 MB stacks, 0 MB globals, 8 P
gc 1005 @74.864s 0%: 0.037+0.83+0.003 ms clock, 0.29+0.032/1.4/2.8+0.029 ms cpu, 3->4->1 MB, 4 MB goal, 0 MB stacks, 0 MB globals, 8 P
gc 1006 @74.932s 0%: 0.042+1.0+0.004 ms clock, 0.33+0.034/2.0/4.5+0.038 ms cpu, 4->4->1 MB, 4 MB goal, 0 MB stacks, 0 MB globals, 8 P
gc 1007 @75.009s 0%: 0.047+1.1+0.004 ms clock, 0.38+1.0/1.8/1.7+0.036 ms cpu, 4->4->2 MB, 4 MB goal, 0 MB stacks, 0 MB globals, 8 P
gc 1008 @75.081s 0%: 0.037+0.72+0.003 ms clock, 0.30+0.031/1.2/2.8+0.030 ms cpu, 4->4->1 MB, 5 MB goal, 0 MB stacks, 0 MB globals, 8 P
gc 1009 @75.147s 0%: 0.070+1.0+0.031 ms clock, 0.56+0.031/1.8/4.3+0.25 ms cpu, 3->4->2 MB, 4 MB goal, 0 MB stacks, 0 MB globals, 8 P
gc 1010 @75.232s 0%: 0.041+1.1+0.023 ms clock, 0.33+0.033/1.9/4.4+0.18 ms cpu, 4->4->1 MB, 5 MB goal, 0 MB stacks, 0 MB globals, 8 P
gc 1011 @75.301s 0%: 0.045+0.86+0.003 ms clock, 0.36+0.034/1.6/3.5+0.028 ms cpu, 4->4->2 MB, 4 MB goal, 0 MB stacks, 0 MB globals, 8 P
gc 1012 @75.379s 0%: 0.039+0.93+0.003 ms clock, 0.31+0.034/1.6/3.5+0.027 ms cpu, 4->4->2 MB, 4 MB goal, 0 MB stacks, 0 MB globals, 8 P
gc 1013 @75.448s 0%: 0.061+1.0+0.006 ms clock, 0.49+0.038/1.8/3.4+0.048 ms cpu, 4->4->2 MB, 5 MB goal, 0 MB stacks, 0 MB globals, 8 P
gc 1014 @75.515s 0%: 0.041+1.1+0.003 ms clock, 0.33+0.033/1.8/4.7+0.031 ms cpu, 4->4->2 MB, 5 MB goal, 0 MB stacks, 0 MB globals, 8 P
gc 1015 @75.602s 0%: 0.036+0.88+0.012 ms clock, 0.29+0.034/1.4/3.2+0.10 ms cpu, 4->5->2 MB, 5 MB goal, 0 MB stacks, 0 MB globals, 8 P
gc 1016 @75.647s 0%: 0.029+0.89+0.023 ms clock, 0.23+0.030/1.6/3.6+0.19 ms cpu, 4->4->2 MB, 5 MB goal, 0 MB stacks, 0 MB globals, 8 P
gc 1017 @75.715s 0%: 0.033+1.0+0.003 ms clock, 0.26+0.029/1.9/4.6+0.026 ms cpu, 4->4->2 MB, 5 MB goal, 0 MB stacks, 0 MB globals, 8 P
gc 1018 @75.763s 0%: 0.21+0.91+0.012 ms clock, 1.6+0.56/1.6/2.2+0.10 ms cpu, 4->4->2 MB, 4 MB goal, 0 MB stacks, 0 MB globals, 8 P
gc 1019 @75.842s 0%: 0.059+0.90+0.003 ms clock, 0.47+0.049/1.7/2.8+0.026 ms cpu, 4->4->2 MB, 5 MB goal, 0 MB stacks, 0 MB globals, 8 P
gc 1020 @75.919s 0%: 0.047+0.93+0.013 ms clock, 0.38+0.043/1.4/2.6+0.10 ms cpu, 4->4->1 MB, 5 MB goal, 0 MB stacks, 0 MB globals, 8 P
gc 1021 @75.991s 0%: 0.037+0.86+0.020 ms clock, 0.30+0.033/1.3/3.3+0.16 ms cpu, 4->4->1 MB, 4 MB goal, 0 MB stacks, 0 MB globals, 8 P
gc 1022 @76.051s 0%: 0.043+0.97+0.004 ms clock, 0.34+0.13/1.7/3.0+0.032 ms cpu, 4->4->2 MB, 4 MB goal, 0 MB stacks, 0 MB globals, 8 P
gc 1023 @76.131s 0%: 0.038+1.1+0.008 ms clock, 0.30+0.033/2.0/4.6+0.068 ms cpu, 4->4->2 MB, 4 MB goal, 0 MB stacks, 0 MB globals, 8 P
gc 1024 @76.209s 0%: 0.053+0.84+0.007 ms clock, 0.42+0.034/1.3/3.1+0.060 ms cpu, 4->4->1 MB, 4 MB goal, 0 MB stacks, 0 MB globals, 8 P
gc 1025 @76.287s 0%: 0.037+1.1+0.008 ms clock, 0.29+0.035/2.0/4.9+0.070 ms cpu, 4->4->1 MB, 4 MB goal, 0 MB stacks, 0 MB globals, 8 P
gc 1026 @76.371s 0%: 0.037+0.92+0.004 ms clock, 0.30+0.033/1.6/3.6+0.034 ms cpu, 3->4->1 MB, 4 MB goal, 0 MB stacks, 0 MB globals, 8 P
gc 1027 @76.453s 0%: 0.040+0.87+0.067 ms clock, 0.32+0.033/1.4/2.7+0.54 ms cpu, 4->4->2 MB, 4 MB goal, 0 MB stacks, 0 MB globals, 8 P
gc 1028 @76.527s 0%: 0.040+1.0+0.003 ms clock, 0.32+0.033/1.9/4.4+0.028 ms cpu, 4->4->2 MB, 4 MB goal, 0 MB stacks, 0 MB globals, 8 P
gc 1029 @76.602s 0%: 0.052+0.65+0.003 ms clock, 0.42+0.032/1.1/1.6+0.028 ms cpu, 4->4->1 MB, 4 MB goal, 0 MB stacks, 0 MB globals, 8 P
gc 1030 @76.639s 0%: 0.14+0.82+0.018 ms clock, 1.1+0.46/1.1/1.5+0.14 ms cpu, 4->4->2 MB, 4 MB goal, 0 MB stacks, 0 MB globals, 8 P
gc 1031 @76.717s 0%: 0.043+1.0+0.014 ms clock, 0.34+0.048/1.8/4.3+0.11 ms cpu, 4->4->2 MB, 5 MB goal, 0 MB stacks, 0 MB globals, 8 P
gc 1032 @76.804s 0%: 0.045+1.0+0.022 ms clock, 0.36+0.033/1.8/4.0+0.18 ms cpu, 4->4->1 MB, 5 MB goal, 0 MB stacks, 0 MB globals, 8 P
gc 1033 @76.885s 0%: 0.039+0.93+0.020 ms clock, 0.31+0.031/1.6/3.9+0.16 ms cpu, 4->4->1 MB, 4 MB goal, 0 MB stacks, 0 MB globals, 8 P
gc 1034 @76.959s 0%: 0.037+0.79+0.020 ms clock, 0.30+0.034/1.2/2.5+0.16 ms cpu, 4->4->1 MB, 4 MB goal, 0 MB stacks, 0 MB globals, 8 P
gc 1035 @77.037s 0%: 0.040+0.87+0.003 ms clock, 0.32+0.032/1.1/2.0+0.028 ms cpu, 4->4->2 MB, 4 MB goal, 0 MB stacks, 0 MB globals, 8 P
gc 1036 @77.116s 0%: 0.038+0.70+0.004 ms clock, 0.30+0.034/1.2/2.2+0.035 ms cpu, 4->4->1 MB, 4 MB goal, 0 MB stacks, 0 MB globals, 8 P
gc 1037 @77.187s 0%: 0.039+0.69+0.004 ms clock, 0.31+0.033/1.1/1.8+0.039 ms cpu, 3->4->2 MB, 4 MB goal, 0 MB stacks, 0 MB globals, 8 P
gc 1038 @77.264s 0%: 0.16+1.9+0.17 ms clock, 1.2+0.070/2.5/1.1+1.4 ms cpu, 4->4->2 MB, 4 MB goal, 0 MB stacks, 0 MB globals, 8 P
gc 1039 @77.340s 0%: 0.044+0.85+0.031 ms clock, 0.35+0.033/1.4/3.1+0.25 ms cpu, 4->4->1 MB, 4 MB goal, 0 MB stacks, 0 MB globals, 8 P
gc 1040 @77.411s 0%: 0.070+1.5+0.006 ms clock, 0.56+0.043/1.5/1.0+0.055 ms cpu, 4->4->2 MB, 4 MB goal, 0 MB stacks, 0 MB globals, 8 P
gc 1041 @77.480s 0%: 0.039+0.97+0.009 ms clock, 0.31+0.033/1.5/3.4+0.079 ms cpu, 4->4->2 MB, 5 MB goal, 0 MB stacks, 0 MB globals, 8 P
gc 1042 @77.559s 0%: 0.065+0.90+0.026 ms clock, 0.52+0.035/1.4/2.7+0.21 ms cpu, 4->4->1 MB, 5 MB goal, 0 MB stacks, 0 MB globals, 8 P
gc 1043 @77.620s 0%: 0.043+0.98+0.015 ms clock, 0.34+0.036/1.7/4.1+0.12 ms cpu, 3->4->2 MB, 4 MB goal, 0 MB stacks, 0 MB globals, 8 P
gc 1044 @77.666s 0%: 0.034+0.95+0.003 ms clock, 0.27+0.029/1.6/3.9+0.029 ms cpu, 4->4->2 MB, 5 MB goal, 0 MB stacks, 0 MB globals, 8 P
gc 1045 @77.747s 0%: 0.041+1.0+0.010 ms clock, 0.33+0.035/1.7/4.3+0.087 ms cpu, 4->4->2 MB, 5 MB goal, 0 MB stacks, 0 MB globals, 8 P
gc 1046 @77.823s 0%: 0.039+0.79+0.005 ms clock, 0.31+0.034/1.3/2.4+0.043 ms cpu, 4->4->1 MB, 5 MB goal, 0 MB stacks, 0 MB globals, 8 P
gc 1047 @77.904s 0%: 0.037+0.87+0.009 ms clock, 0.29+0.032/1.5/3.2+0.072 ms cpu, 4->4->1 MB, 4 MB goal, 0 MB stacks, 0 MB globals, 8 P
gc 1048 @77.985s 0%: 0.041+0.83+0.016 ms clock, 0.32+0.033/1.2/3.0+0.12 ms cpu, 3->4->1 MB, 4 MB goal, 0 MB stacks, 0 MB globals, 8 P
gc 1049 @78.062s 0%: 0.045+1.0+0.005 ms clock, 0.36+0.035/1.9/4.4+0.045 ms cpu, 3->4->1 MB, 4 MB goal, 0 MB stacks, 0 MB globals, 8 P
gc 1050 @78.124s 0%: 0.041+1.0+0.005 ms clock, 0.32+0.033/1.8/4.3+0.047 ms cpu, 3->4->2 MB, 4 MB goal, 0 MB stacks, 0 MB globals, 8 P
gc 1051 @78.210s 0%: 0.037+1.1+0.020 ms clock, 0.29+0.033/1.9/4.4+0.16 ms cpu, 4->4->2 MB, 5 MB goal, 0 MB stacks, 0 MB globals, 8 P
gc 1052 @78.286s 0%: 0.042+0.85+0.003 ms clock, 0.34+0.037/1.4/3.2+0.029 ms cpu, 4->4->1 MB, 4 MB goal, 0 MB stacks, 0 MB globals, 8 P
gc 1053 @78.368s 0%: 0.038+0.82+0.003 ms clock, 0.30+0.034/1.5/3.6+0.028 ms cpu, 3->4->1 MB, 4 MB goal, 0 MB stacks, 0 MB globals, 8 P
gc 1054 @78.431s 0%: 0.041+0.91+0.016 ms clock, 0.33+0.033/1.5/2.9+0.13 ms cpu, 3->4->2 MB, 4 MB goal, 0 MB stacks, 0 MB globals, 8 P
gc 1055 @78.512s 0%: 0.043+0.71+0.003 ms clock, 0.35+0.033/1.3/3.0+0.027 ms cpu, 4->4->2 MB, 5 MB goal, 0 MB stacks, 0 MB globals, 8 P
gc 1056 @78.592s 0%: 0.044+0.87+0.005 ms clock, 0.35+0.033/1.5/3.4+0.042 ms cpu, 4->4->2 MB, 4 MB goal, 0 MB stacks, 0 MB globals, 8 P
gc 1057 @78.647s 0%: 0.21+0.78+0.003 ms clock, 1.6+0.85/1.4/1.7+0.027 ms cpu, 4->4->2 MB, 4 MB goal, 0 MB stacks, 0 MB globals, 8 P
gc 1058 @78.725s 0%: 0.045+0.89+0.003 ms clock, 0.36+0.035/1.5/3.5+0.026 ms cpu, 4->4->2 MB, 5 MB goal, 0 MB stacks, 0 MB globals, 8 P
gc 1059 @78.808s 0%: 0.038+0.96+0.021 ms clock, 0.30+0.034/1.7/3.8+0.16 ms cpu, 4->4->2 MB, 5 MB goal, 0 MB stacks, 0 MB globals, 8 P
gc 1060 @78.881s 0%: 0.047+0.75+0.032 ms clock, 0.37+0.033/1.3/2.4+0.26 ms cpu, 4->4->1 MB, 5 MB goal, 0 MB stacks, 0 MB globals, 8 P
gc 1061 @78.947s 0%: 0.041+1.0+0.003 ms clock, 0.33+0.033/2.0/4.3+0.026 ms cpu, 4->4->2 MB, 4 MB goal, 0 MB stacks, 0 MB globals, 8 P
gc 1062 @79.034s 0%: 0.035+0.70+0.010 ms clock, 0.28+0.035/1.2/2.8+0.083 ms cpu, 4->4->1 MB, 4 MB goal, 0 MB stacks, 0 MB globals, 8 P
gc 1063 @79.117s 0%: 0.036+0.70+0.018 ms clock, 0.28+0.032/1.1/2.6+0.14 ms cpu, 4->4->1 MB, 4 MB goal, 0 MB stacks, 0 MB globals, 8 P
gc 1064 @79.189s 0%: 0.044+0.93+0.003 ms clock, 0.35+0.033/1.7/4.1+0.029 ms cpu, 4->4->1 MB, 4 MB goal, 0 MB stacks, 0 MB globals, 8 P
gc 1065 @79.271s 0%: 0.046+0.89+0.029 ms clock, 0.37+0.035/1.4/2.8+0.23 ms cpu, 4->4->1 MB, 4 MB goal, 0 MB stacks, 0 MB globals, 8 P
gc 1066 @79.339s 0%: 0.043+1.0+0.013 ms clock, 0.34+0.035/1.8/4.0+0.10 ms cpu, 4->4->2 MB, 4 MB goal, 0 MB stacks, 0 MB globals, 8 P
gc 1067 @79.424s 0%: 0.039+1.0+0.023 ms clock, 0.31+0.033/1.8/4.5+0.18 ms cpu, 4->4->2 MB, 5 MB goal, 0 MB stacks, 0 MB globals, 8 P
gc 1068 @79.496s 0%: 0.036+1.0+0.003 ms clock, 0.29+0.033/1.9/4.8+0.030 ms cpu, 4->4->2 MB, 5 MB goal, 0 MB stacks, 0 MB globals, 8 P
gc 1069 @79.567s 0%: 0.039+1.0+0.023 ms clock, 0.31+0.034/1.7/3.7+0.18 ms cpu, 4->4->2 MB, 4 MB goal, 0 MB stacks, 0 MB globals, 8 P
gc 1070 @79.651s 0%: 0.073+0.94+0.064 ms clock, 0.58+2.2/1.5/0.41+0.51 ms cpu, 4->5->2 MB, 5 MB goal, 0 MB stacks, 0 MB globals, 8 P
gc 1071 @79.743s 0%: 0.045+1.0+0.017 ms clock, 0.36+0.041/1.8/3.9+0.14 ms cpu, 4->4->2 MB, 5 MB goal, 0 MB stacks, 0 MB globals, 8 P
gc 1072 @79.823s 0%: 0.041+0.66+0.009 ms clock, 0.33+0.033/1.0/2.3+0.077 ms cpu, 4->4->2 MB, 5 MB goal, 0 MB stacks, 0 MB globals, 8 P
gc 1073 @79.896s 0%: 0.041+0.74+0.004 ms clock, 0.32+0.037/1.1/2.7+0.033 ms cpu, 4->4->1 MB, 5 MB goal, 0 MB stacks, 0 MB globals, 8 P
gc 1074 @79.978s 0%: 0.038+0.93+0.035 ms clock, 0.30+0.034/1.6/3.6+0.28 ms cpu, 4->4->1 MB, 4 MB goal, 0 MB stacks, 0 MB globals, 8 P
gc 1075 @80.027s 0%: 0.045+0.79+0.010 ms clock, 0.36+0.032/1.3/2.4+0.082 ms cpu, 4->4->2 MB, 4 MB goal, 0 MB stacks, 0 MB globals, 8 P
gc 1076 @80.103s 0%: 0.040+0.92+0.003 ms clock, 0.32+0.033/1.6/4.1+0.026 ms cpu, 4->4->1 MB, 5 MB goal, 0 MB stacks, 0 MB globals, 8 P
gc 1077 @80.186s 0%: 0.041+1.0+0.014 ms clock, 0.33+0.034/1.7/4.1+0.11 ms cpu, 4->4->2 MB, 4 MB goal, 0 MB stacks, 0 MB globals, 8 P
gc 1078 @80.263s 0%: 0.095+3.9+0.004 ms clock, 0.76+0.043/1.2/2.3+0.032 ms cpu, 4->4->2 MB, 4 MB goal, 0 MB stacks, 0 MB globals, 8 P
gc 1079 @80.335s 0%: 0.046+0.88+0.019 ms clock, 0.37+0.034/1.6/3.7+0.15 ms cpu, 4->4->2 MB, 5 MB goal, 0 MB stacks, 0 MB globals, 8 P
gc 1080 @80.413s 0%: 0.034+0.92+0.003 ms clock, 0.27+0.032/1.7/4.1+0.028 ms cpu, 4->4->2 MB, 5 MB goal, 0 MB stacks, 0 MB globals, 8 P
gc 1081 @80.484s 0%: 0.042+1.0+0.014 ms clock, 0.34+0.033/1.7/4.6+0.11 ms cpu, 4->4->2 MB, 5 MB goal, 0 MB stacks, 0 MB globals, 8 P
gc 1082 @80.563s 0%: 0.042+1.1+0.030 ms clock, 0.34+0.033/1.8/4.4+0.24 ms cpu, 4->4->1 MB, 4 MB goal, 0 MB stacks, 0 MB globals, 8 P
gc 1083 @80.637s 0%: 0.042+0.92+0.035 ms clock, 0.33+0.034/1.5/3.4+0.28 ms cpu, 4->4->1 MB, 4 MB goal, 0 MB stacks, 0 MB globals, 8 P
gc 1084 @80.679s 0%: 0.042+0.69+0.004 ms clock, 0.33+0.48/1.2/2.5+0.032 ms cpu, 4->4->2 MB, 4 MB goal, 0 MB stacks, 0 MB globals, 8 P
gc 1085 @80.761s 0%: 0.037+0.76+0.008 ms clock, 0.30+0.034/1.0/3.1+0.066 ms cpu, 4->4->2 MB, 5 MB goal, 0 MB stacks, 0 MB globals, 8 P
gc 1086 @80.846s 0%: 0.042+0.85+0.003 ms clock, 0.34+0.034/1.4/3.2+0.030 ms cpu, 4->4->2 MB, 5 MB goal, 0 MB stacks, 0 MB globals, 8 P
gc 1087 @80.929s 0%: 0.046+0.94+0.006 ms clock, 0.37+0.034/1.5/3.6+0.053 ms cpu, 4->4->2 MB, 4 MB goal, 0 MB stacks, 0 MB globals, 8 P
gc 1088 @81.002s 0%: 0.037+1.0+0.018 ms clock, 0.30+0.032/1.7/4.0+0.15 ms cpu, 4->4->2 MB, 5 MB goal, 0 MB stacks, 0 MB globals, 8 P
gc 1089 @81.081s 0%: 0.049+0.90+0.005 ms clock, 0.39+0.10/1.4/0.82+0.041 ms cpu, 4->4->2 MB, 5 MB goal, 0 MB stacks, 0 MB globals, 8 P
gc 1090 @81.139s 0%: 0.044+1.0+0.018 ms clock, 0.35+0.032/1.8/3.4+0.15 ms cpu, 4->4->2 MB, 4 MB goal, 0 MB stacks, 0 MB globals, 8 P
gc 1091 @81.227s 0%: 0.037+0.65+0.037 ms clock, 0.29+0.036/1.1/2.3+0.29 ms cpu, 4->4->2 MB, 5 MB goal, 0 MB stacks, 0 MB globals, 8 P
gc 1092 @81.290s 0%: 0.036+0.87+0.003 ms clock, 0.29+0.033/1.2/2.5+0.031 ms cpu, 4->4->2 MB, 4 MB goal, 0 MB stacks, 0 MB globals, 8 P
gc 1093 @81.376s 0%: 0.037+0.83+0.044 ms clock, 0.30+0.034/1.4/3.0+0.35 ms cpu, 4->4->2 MB, 5 MB goal, 0 MB stacks, 0 MB globals, 8 P
gc 1094 @81.447s 0%: 0.037+1.7+0.036 ms clock, 0.30+0.036/0.78/0.24+0.29 ms cpu, 4->4->1 MB, 4 MB goal, 0 MB stacks, 0 MB globals, 8 P
gc 1095 @81.518s 0%: 0.038+0.89+0.034 ms clock, 0.30+0.034/1.5/3.3+0.27 ms cpu, 4->4->2 MB, 4 MB goal, 0 MB stacks, 0 MB globals, 8 P
gc 1096 @81.586s 0%: 0.058+0.96+0.023 ms clock, 0.47+0.098/1.3/2.6+0.18 ms cpu, 4->4->2 MB, 5 MB goal, 0 MB stacks, 0 MB globals, 8 P
gc 1097 @81.660s 0%: 0.075+0.85+0.018 ms clock, 0.60+1.4/1.5/0.25+0.14 ms cpu, 4->4->2 MB, 4 MB goal, 0 MB stacks, 0 MB globals, 8 P
gc 1098 @81.750s 0%: 0.034+0.90+0.011 ms clock, 0.27+0.036/1.4/2.7+0.095 ms cpu, 4->4->2 MB, 5 MB goal, 0 MB stacks, 0 MB globals, 8 P
gc 1099 @81.821s 0%: 0.042+0.75+0.013 ms clock, 0.33+0.033/1.2/2.5+0.10 ms cpu, 4->4->2 MB, 5 MB goal, 0 MB stacks, 0 MB globals, 8 P
gc 1100 @81.891s 0%: 0.041+0.65+0.003 ms clock, 0.33+0.033/1.0/2.3+0.025 ms cpu, 4->4->1 MB, 4 MB goal, 0 MB stacks, 0 MB globals, 8 P
gc 1101 @81.956s 0%: 0.048+0.86+0.003 ms clock, 0.39+0.046/1.3/3.2+0.030 ms cpu, 3->4->1 MB, 4 MB goal, 0 MB stacks, 0 MB globals, 8 P
gc 1102 @82.025s 0%: 0.044+0.78+0.008 ms clock, 0.35+0.033/1.4/2.6+0.070 ms cpu, 4->4->2 MB, 4 MB goal, 0 MB stacks, 0 MB globals, 8 P
gc 1103 @82.102s 0%: 0.044+0.80+0.002 ms clock, 0.35+0.033/1.4/2.6+0.023 ms cpu, 4->4->2 MB, 5 MB goal, 0 MB stacks, 0 MB globals, 8 P
gc 1104 @82.185s 0%: 0.043+1.0+0.004 ms clock, 0.34+0/1.9/4.3+0.039 ms cpu, 4->4->2 MB, 5 MB goal, 0 MB stacks, 0 MB globals, 8 P
gc 1105 @82.260s 0%: 0.038+0.78+0.026 ms clock, 0.31+0.034/1.2/2.7+0.21 ms cpu, 4->4->1 MB, 5 MB goal, 0 MB stacks, 0 MB globals, 8 P
gc 1106 @82.331s 0%: 0.040+0.87+0.005 ms clock, 0.32+0.035/1.5/3.4+0.042 ms cpu, 4->4->2 MB, 4 MB goal, 0 MB stacks, 0 MB globals, 8 P
gc 1107 @82.411s 0%: 0.041+0.92+0.023 ms clock, 0.32+0.033/1.5/3.5+0.18 ms cpu, 4->4->2 MB, 4 MB goal, 0 MB stacks, 0 MB globals, 8 P
gc 1108 @82.485s 0%: 0.045+0.75+0.003 ms clock, 0.36+0.034/1.4/3.4+0.024 ms cpu, 4->4->2 MB, 4 MB goal, 0 MB stacks, 0 MB globals, 8 P
gc 1109 @82.562s 0%: 0.043+0.71+0.038 ms clock, 0.35+0.039/1.2/2.6+0.31 ms cpu, 4->4->2 MB, 5 MB goal, 0 MB stacks, 0 MB globals, 8 P
gc 1110 @82.637s 0%: 0.041+0.71+0.003 ms clock, 0.33+0.033/1.2/3.2+0.026 ms cpu, 4->4->2 MB, 5 MB goal, 0 MB stacks, 0 MB globals, 8 P
gc 1111 @82.671s 0%: 0.038+0.75+0.032 ms clock, 0.30+0.036/1.1/2.6+0.25 ms cpu, 4->4->2 MB, 4 MB goal, 0 MB stacks, 0 MB globals, 8 P
gc 1112 @82.752s 0%: 0.043+0.72+0.002 ms clock, 0.34+0.032/1.2/2.5+0.023 ms cpu, 4->4->2 MB, 5 MB goal, 0 MB stacks, 0 MB globals, 8 P
gc 1113 @82.827s 0%: 0.040+0.78+0.011 ms clock, 0.32+0.034/1.4/3.0+0.092 ms cpu, 4->4->2 MB, 4 MB goal, 0 MB stacks, 0 MB globals, 8 P
gc 1114 @82.915s 0%: 0.039+1.0+0.015 ms clock, 0.31+0.036/1.7/3.6+0.12 ms cpu, 4->4->2 MB, 5 MB goal, 0 MB stacks, 0 MB globals, 8 P
gc 1115 @82.989s 0%: 0.039+0.98+0.003 ms clock, 0.31+0.034/1.7/4.1+0.031 ms cpu, 4->4->2 MB, 4 MB goal, 0 MB stacks, 0 MB globals, 8 P
gc 1116 @83.064s 0%: 0.047+1.1+0.021 ms clock, 0.37+0.036/2.0/4.2+0.16 ms cpu, 4->4->2 MB, 4 MB goal, 0 MB stacks, 0 MB globals, 8 P
gc 1117 @83.141s 0%: 0.046+0.99+0.028 ms clock, 0.37+0.034/1.6/4.0+0.22 ms cpu, 4->4->2 MB, 5 MB goal, 0 MB stacks, 0 MB globals, 8 P
gc 1118 @83.227s 0%: 0.040+0.74+0.004 ms clock, 0.32+0.033/1.1/2.1+0.033 ms cpu, 4->4->1 MB, 5 MB goal, 0 MB stacks, 0 MB globals, 8 P
gc 1119 @83.287s 0%: 0.039+0.81+0.003 ms clock, 0.31+0.034/1.5/3.1+0.031 ms cpu, 3->3->1 MB, 4 MB goal, 0 MB stacks, 0 MB globals, 8 P
gc 1120 @83.364s 0%: 0.044+1.1+0.007 ms clock, 0.35+0.035/2.0/3.7+0.062 ms cpu, 4->4->1 MB, 4 MB goal, 0 MB stacks, 0 MB globals, 8 P
gc 1121 @83.451s 0%: 0.032+0.98+0.021 ms clock, 0.26+0.026/1.7/3.8+0.17 ms cpu, 3->4->2 MB, 4 MB goal, 0 MB stacks, 0 MB globals, 8 P
gc 1122 @83.524s 0%: 0.044+0.83+0.014 ms clock, 0.35+0.033/1.5/3.0+0.11 ms cpu, 4->4->2 MB, 4 MB goal, 0 MB stacks, 0 MB globals, 8 P
gc 1123 @83.601s 0%: 0.044+0.83+0.023 ms clock, 0.35+0.036/1.4/2.6+0.18 ms cpu, 4->4->1 MB, 4 MB goal, 0 MB stacks, 0 MB globals, 8 P
gc 1124 @83.668s 0%: 0.18+1.0+0.042 ms clock, 1.5+1.8/1.7/0.094+0.34 ms cpu, 4->4->2 MB, 4 MB goal, 0 MB stacks, 0 MB globals, 8 P
gc 1125 @83.748s 0%: 0.044+0.87+0.004 ms clock, 0.35+0.033/1.5/3.5+0.034 ms cpu, 4->4->2 MB, 5 MB goal, 0 MB stacks, 0 MB globals, 8 P
gc 1126 @83.827s 0%: 0.041+1.0+0.011 ms clock, 0.33+0.033/1.9/4.0+0.093 ms cpu, 4->4->2 MB, 5 MB goal, 0 MB stacks, 0 MB globals, 8 P
gc 1127 @83.893s 0%: 0.040+0.97+0.004 ms clock, 0.32+0.032/1.8/4.5+0.036 ms cpu, 4->4->2 MB, 4 MB goal, 0 MB stacks, 0 MB globals, 8 P
gc 1128 @83.969s 0%: 0.038+2.6+0.032 ms clock, 0.30+0.033/2.9/6.9+0.25 ms cpu, 4->4->2 MB, 4 MB goal, 0 MB stacks, 0 MB globals, 8 P
gc 1129 @84.042s 0%: 0.040+0.90+0.003 ms clock, 0.32+0.034/1.6/3.6+0.030 ms cpu, 4->4->1 MB, 4 MB goal, 0 MB stacks, 0 MB globals, 8 P
gc 1130 @84.116s 0%: 0.036+0.95+0.003 ms clock, 0.28+0.033/1.7/4.1+0.024 ms cpu, 3->4->2 MB, 4 MB goal, 0 MB stacks, 0 MB globals, 8 P
gc 1131 @84.194s 0%: 0.046+1.0+0.003 ms clock, 0.36+0.034/1.9/4.4+0.026 ms cpu, 4->4->1 MB, 4 MB goal, 0 MB stacks, 0 MB globals, 8 P
gc 1132 @84.273s 0%: 0.081+1.1+0.026 ms clock, 0.65+0.096/1.4/1.0+0.21 ms cpu, 3->4->1 MB, 4 MB goal, 0 MB stacks, 0 MB globals, 8 P
gc 1133 @84.342s 0%: 0.042+0.89+0.020 ms clock, 0.34+0.033/1.6/3.5+0.16 ms cpu, 3->4->1 MB, 4 MB goal, 0 MB stacks, 0 MB globals, 8 P
gc 1134 @84.416s 0%: 0.047+0.91+0.008 ms clock, 0.37+0.035/1.5/3.3+0.064 ms cpu, 3->4->1 MB, 4 MB goal, 0 MB stacks, 0 MB globals, 8 P
gc 1135 @84.495s 0%: 0.052+0.84+0.025 ms clock, 0.42+0.041/1.3/2.9+0.20 ms cpu, 3->4->1 MB, 4 MB goal, 0 MB stacks, 0 MB globals, 8 P
gc 1136 @84.569s 0%: 0.040+0.75+0.028 ms clock, 0.32+0.030/1.1/2.7+0.22 ms cpu, 4->4->1 MB, 4 MB goal, 0 MB stacks, 0 MB globals, 8 P
gc 1137 @84.653s 0%: 0.041+0.93+0.004 ms clock, 0.32+0.033/1.6/3.6+0.038 ms cpu, 4->4->2 MB, 4 MB goal, 0 MB stacks, 0 MB globals, 8 P
gc 1138 @84.696s 0%: 0.046+0.72+0.025 ms clock, 0.36+0.035/1.2/2.8+0.20 ms cpu, 4->4->2 MB, 4 MB goal, 0 MB stacks, 0 MB globals, 8 P
gc 1139 @84.774s 0%: 0.032+0.93+0.005 ms clock, 0.25+0.029/1.7/3.9+0.040 ms cpu, 4->4->2 MB, 5 MB goal, 0 MB stacks, 0 MB globals, 8 P
gc 1140 @84.856s 0%: 0.036+0.87+0.029 ms clock, 0.29+0.033/1.3/3.1+0.23 ms cpu, 4->4->2 MB, 5 MB goal, 0 MB stacks, 0 MB globals, 8 P
gc 1141 @84.934s 0%: 0.039+1.0+0.009 ms clock, 0.31+0.034/1.8/4.0+0.075 ms cpu, 4->4->2 MB, 4 MB goal, 0 MB stacks, 0 MB globals, 8 P
gc 1142 @85.002s 0%: 0.042+1.0+0.005 ms clock, 0.34+0.047/1.8/4.5+0.044 ms cpu, 4->4->2 MB, 5 MB goal, 0 MB stacks, 0 MB globals, 8 P
gc 1143 @85.059s 0%: 0.037+0.76+0.011 ms clock, 0.29+0.032/1.2/2.7+0.092 ms cpu, 4->4->2 MB, 5 MB goal, 0 MB stacks, 0 MB globals, 8 P
gc 1144 @85.127s 0%: 0.034+0.72+0.003 ms clock, 0.27+0.040/1.2/2.5+0.029 ms cpu, 4->4->1 MB, 4 MB goal, 0 MB stacks, 0 MB globals, 8 P
gc 1145 @85.203s 0%: 0.049+1.0+0.003 ms clock, 0.39+0.035/1.9/4.7+0.028 ms cpu, 4->4->1 MB, 4 MB goal, 0 MB stacks, 0 MB globals, 8 P
gc 1146 @85.279s 0%: 0.042+0.90+0.036 ms clock, 0.34+0.037/1.3/3.4+0.29 ms cpu, 4->4->1 MB, 4 MB goal, 0 MB stacks, 0 MB globals, 8 P
gc 1147 @85.346s 0%: 0.043+0.68+0.004 ms clock, 0.34+0.034/1.2/2.8+0.034 ms cpu, 3->4->1 MB, 4 MB goal, 0 MB stacks, 0 MB globals, 8 P
gc 1148 @85.420s 0%: 0.044+0.83+0.023 ms clock, 0.35+0.034/1.4/3.0+0.18 ms cpu, 3->3->1 MB, 4 MB goal, 0 MB stacks, 0 MB globals, 8 P
gc 1149 @85.492s 0%: 0.036+0.97+0.003 ms clock, 0.29+0.033/1.8/4.1+0.031 ms cpu, 3->4->2 MB, 4 MB goal, 0 MB stacks, 0 MB globals, 8 P
gc 1150 @85.567s 0%: 0.041+0.73+0.027 ms clock, 0.33+0.036/1.2/2.8+0.22 ms cpu, 4->4->1 MB, 4 MB goal, 0 MB stacks, 0 MB globals, 8 P
gc 1151 @85.643s 0%: 0.038+0.97+0.023 ms clock, 0.30+0.083/1.7/4.1+0.18 ms cpu, 4->4->2 MB, 4 MB goal, 0 MB stacks, 0 MB globals, 8 P
gc 1152 @85.680s 0%: 0.045+0.86+0.019 ms clock, 0.36+0.041/1.4/2.5+0.15 ms cpu, 4->4->2 MB, 5 MB goal, 0 MB stacks, 0 MB globals, 8 P
gc 1153 @85.760s 0%: 0.039+0.69+0.003 ms clock, 0.31+0.035/1.1/2.5+0.027 ms cpu, 4->4->2 MB, 5 MB goal, 0 MB stacks, 0 MB globals, 8 P
gc 1154 @85.833s 0%: 0.043+0.77+0.003 ms clock, 0.35+0.035/1.2/2.2+0.027 ms cpu, 4->4->2 MB, 4 MB goal, 0 MB stacks, 0 MB globals, 8 P
gc 1155 @85.921s 0%: 0.036+0.83+0.011 ms clock, 0.29+0.033/1.3/2.9+0.088 ms cpu, 4->4->1 MB, 5 MB goal, 0 MB stacks, 0 MB globals, 8 P
gc 1156 @85.991s 0%: 0.044+0.79+0.003 ms clock, 0.35+0.034/1.3/3.2+0.029 ms cpu, 3->4->1 MB, 4 MB goal, 0 MB stacks, 0 MB globals, 8 P
gc 1157 @86.066s 0%: 0.042+0.81+0.012 ms clock, 0.33+0.033/1.4/3.0+0.10 ms cpu, 3->4->1 MB, 4 MB goal, 0 MB stacks, 0 MB globals, 8 P
gc 1158 @86.149s 0%: 0.043+1.0+0.010 ms clock, 0.35+0.033/1.9/4.7+0.081 ms cpu, 3->4->2 MB, 4 MB goal, 0 MB stacks, 0 MB globals, 8 P
gc 1159 @86.231s 0%: 0.040+0.92+0.003 ms clock, 0.32+0.033/1.6/3.4+0.028 ms cpu, 4->4->1 MB, 4 MB goal, 0 MB stacks, 0 MB globals, 8 P
gc 1160 @86.304s 0%: 0.044+0.72+0.003 ms clock, 0.35+0.038/1.3/2.9+0.028 ms cpu, 4->4->2 MB, 4 MB goal, 0 MB stacks, 0 MB globals, 8 P
gc 1161 @86.380s 0%: 0.038+0.76+0.003 ms clock, 0.31+0.031/1.4/2.8+0.025 ms cpu, 4->4->1 MB, 4 MB goal, 0 MB stacks, 0 MB globals, 8 P
gc 1162 @86.454s 0%: 0.040+0.90+0.029 ms clock, 0.32+0.034/1.5/3.5+0.23 ms cpu, 3->4->2 MB, 4 MB goal, 0 MB stacks, 0 MB globals, 8 P
gc 1163 @86.534s 0%: 0.039+1.2+0.007 ms clock, 0.31+0.032/2.0/4.9+0.056 ms cpu, 4->4->2 MB, 4 MB goal, 0 MB stacks, 0 MB globals, 8 P
gc 1164 @86.606s 0%: 0.032+0.82+0.003 ms clock, 0.25+0.029/1.4/3.3+0.026 ms cpu, 4->4->2 MB, 4 MB goal, 0 MB stacks, 0 MB globals, 8 P
gc 1165 @86.680s 0%: 0.10+0.96+0.014 ms clock, 0.80+2.1/1.6/0.14+0.11 ms cpu, 4->4->2 MB, 5 MB goal, 0 MB stacks, 0 MB globals, 8 P
gc 1166 @86.756s 0%: 0.10+1.4+0.003 ms clock, 0.83+0.087/2.3/3.8+0.028 ms cpu, 4->4->2 MB, 5 MB goal, 0 MB stacks, 0 MB globals, 8 P
gc 1167 @86.824s 0%: 0.099+1.7+0.053 ms clock, 0.79+0.12/3.1/5.0+0.42 ms cpu, 4->4->2 MB, 5 MB goal, 0 MB stacks, 0 MB globals, 8 P
gc 1168 @86.935s 0%: 0.044+0.77+0.003 ms clock, 0.35+0.034/1.2/2.8+0.028 ms cpu, 4->4->2 MB, 4 MB goal, 0 MB stacks, 0 MB globals, 8 P
gc 1169 @87.018s 0%: 0.036+0.99+0.009 ms clock, 0.29+0.034/1.7/4.0+0.077 ms cpu, 4->4->2 MB, 5 MB goal, 0 MB stacks, 0 MB globals, 8 P
gc 1170 @87.096s 0%: 0.041+0.75+0.005 ms clock, 0.32+0.036/1.2/2.6+0.041 ms cpu, 4->4->1 MB, 5 MB goal, 0 MB stacks, 0 MB globals, 8 P
gc 1171 @87.175s 0%: 0.038+1.1+0.003 ms clock, 0.30+0.034/2.1/4.7+0.027 ms cpu, 3->4->2 MB, 4 MB goal, 0 MB stacks, 0 MB globals, 8 P
gc 1172 @87.259s 0%: 0.043+1.0+0.003 ms clock, 0.34+0.034/1.8/4.5+0.030 ms cpu, 4->4->1 MB, 4 MB goal, 0 MB stacks, 0 MB globals, 8 P
gc 1173 @87.334s 0%: 0.072+0.95+0.018 ms clock, 0.58+0.036/1.6/3.6+0.14 ms cpu, 4->4->2 MB, 4 MB goal, 0 MB stacks, 0 MB globals, 8 P
gc 1174 @87.418s 0%: 0.037+1.3+0.004 ms clock, 0.30+0.035/1.2/0.010+0.037 ms cpu, 4->4->1 MB, 4 MB goal, 0 MB stacks, 0 MB globals, 8 P
gc 1175 @87.475s 0%: 0.041+0.85+0.003 ms clock, 0.33+0.034/1.2/3.0+0.029 ms cpu, 3->4->2 MB, 4 MB goal, 0 MB stacks, 0 MB globals, 8 P
gc 1176 @87.554s 0%: 0.040+0.80+0.065 ms clock, 0.32+0.035/1.4/3.0+0.52 ms cpu, 4->4->1 MB, 5 MB goal, 0 MB stacks, 0 MB globals, 8 P
gc 1177 @87.633s 0%: 0.045+0.98+0.025 ms clock, 0.36+0.034/1.7/3.7+0.20 ms cpu, 3->4->2 MB, 4 MB goal, 0 MB stacks, 0 MB globals, 8 P
gc 1178 @87.684s 0%: 0.16+0.71+0.007 ms clock, 1.3+0.083/1.2/1.5+0.058 ms cpu, 4->4->2 MB, 5 MB goal, 0 MB stacks, 0 MB globals, 8 P
gc 1179 @87.760s 0%: 0.042+0.88+0.030 ms clock, 0.33+0.036/1.3/3.3+0.24 ms cpu, 4->4->2 MB, 5 MB goal, 0 MB stacks, 0 MB globals, 8 P
gc 1180 @87.882s 0%: 0.42+2.4+0.004 ms clock, 3.4+0.041/2.0/0.074+0.035 ms cpu, 4->4->2 MB, 5 MB goal, 0 MB stacks, 0 MB globals, 8 P
gc 1181 @87.970s 0%: 0.10+1.6+0.023 ms clock, 0.86+1.0/2.7/0.10+0.18 ms cpu, 4->4->2 MB, 5 MB goal, 0 MB stacks, 0 MB globals, 8 P
gc 1182 @88.050s 0%: 0.050+0.91+0.041 ms clock, 0.40+0.098/1.2/1.5+0.33 ms cpu, 4->4->2 MB, 5 MB goal, 0 MB stacks, 0 MB globals, 8 P
gc 1183 @88.092s 0%: 0.043+2.9+0.009 ms clock, 0.34+0.076/3.5/6.7+0.077 ms cpu, 4->4->2 MB, 5 MB goal, 0 MB stacks, 0 MB globals, 8 P
gc 1184 @88.161s 0%: 0.066+2.3+0.052 ms clock, 0.53+0.14/3.0/6.6+0.41 ms cpu, 4->4->2 MB, 5 MB goal, 0 MB stacks, 0 MB globals, 8 P
gc 1185 @88.249s 0%: 0.050+0.85+0.003 ms clock, 0.40+0.036/1.5/3.4+0.030 ms cpu, 4->4->2 MB, 5 MB goal, 0 MB stacks, 0 MB globals, 8 P
gc 1186 @88.364s 0%: 0.036+0.91+0.003 ms clock, 0.28+0.035/1.5/3.7+0.026 ms cpu, 4->5->2 MB, 5 MB goal, 0 MB stacks, 0 MB globals, 8 P
gc 1187 @88.446s 0%: 0.073+0.99+0.004 ms clock, 0.58+0.035/1.8/3.8+0.036 ms cpu, 4->4->2 MB, 5 MB goal, 0 MB stacks, 0 MB globals, 8 P
gc 1188 @88.525s 0%: 0.037+0.92+0.004 ms clock, 0.29+0.033/1.6/3.6+0.034 ms cpu, 4->4->2 MB, 5 MB goal, 0 MB stacks, 0 MB globals, 8 P
gc 1189 @88.605s 0%: 0.048+0.86+0.005 ms clock, 0.38+0.044/1.4/3.0+0.046 ms cpu, 4->4->2 MB, 4 MB goal, 0 MB stacks, 0 MB globals, 8 P
gc 1190 @88.673s 0%: 0.044+1.4+0.003 ms clock, 0.35+0.036/2.7/5.7+0.029 ms cpu, 4->4->2 MB, 5 MB goal, 0 MB stacks, 0 MB globals, 8 P
gc 1191 @88.727s 0%: 0.040+1.0+0.011 ms clock, 0.32+0.070/1.5/3.4+0.090 ms cpu, 4->4->2 MB, 5 MB goal, 0 MB stacks, 0 MB globals, 8 P
gc 1192 @88.819s 0%: 0.036+0.82+0.003 ms clock, 0.29+0.046/1.4/2.9+0.027 ms cpu, 4->4->2 MB, 5 MB goal, 0 MB stacks, 0 MB globals, 8 P
gc 1193 @88.897s 0%: 0.039+0.84+0.058 ms clock, 0.31+0.033/1.2/2.7+0.46 ms cpu, 4->4->2 MB, 5 MB goal, 0 MB stacks, 0 MB globals, 8 P
gc 1194 @88.981s 0%: 0.041+0.82+0.023 ms clock, 0.33+0.087/1.4/3.3+0.18 ms cpu, 4->4->2 MB, 5 MB goal, 0 MB stacks, 0 MB globals, 8 P
gc 1195 @89.050s 0%: 0.046+0.95+0.035 ms clock, 0.36+0.039/1.7/2.4+0.28 ms cpu, 4->4->2 MB, 5 MB goal, 0 MB stacks, 0 MB globals, 8 P
gc 1196 @89.085s 0%: 0.041+0.79+0.003 ms clock, 0.33+0.091/1.4/3.4+0.028 ms cpu, 4->4->2 MB, 5 MB goal, 0 MB stacks, 0 MB globals, 8 P
gc 1197 @89.164s 0%: 0.040+0.92+0.030 ms clock, 0.32+0.056/1.4/3.1+0.24 ms cpu, 4->4->2 MB, 5 MB goal, 0 MB stacks, 0 MB globals, 8 P
gc 1198 @89.244s 0%: 0.095+1.7+0.037 ms clock, 0.76+0.046/2.4/2.2+0.30 ms cpu, 4->4->2 MB, 5 MB goal, 0 MB stacks, 0 MB globals, 8 P
gc 1199 @89.314s 0%: 0.088+1.0+0.032 ms clock, 0.70+0.082/1.7/2.6+0.25 ms cpu, 4->4->2 MB, 5 MB goal, 0 MB stacks, 0 MB globals, 8 P
gc 1200 @89.386s 0%: 0.032+1.0+0.004 ms clock, 0.25+0.042/1.7/3.0+0.032 ms cpu, 4->4->2 MB, 5 MB goal, 0 MB stacks, 0 MB globals, 8 P
gc 1201 @89.476s 0%: 0.14+1.0+0.003 ms clock, 1.1+0.042/1.7/2.3+0.027 ms cpu, 4->4->2 MB, 5 MB goal, 0 MB stacks, 0 MB globals, 8 P
gc 1202 @89.559s 0%: 0.065+1.0+0.003 ms clock, 0.52+0.042/1.7/3.8+0.026 ms cpu, 4->4->2 MB, 5 MB goal, 0 MB stacks, 0 MB globals, 8 P
gc 1203 @89.642s 0%: 0.038+0.87+0.005 ms clock, 0.30+0.049/1.5/3.6+0.045 ms cpu, 4->4->2 MB, 5 MB goal, 0 MB stacks, 0 MB globals, 8 P
gc 1204 @89.692s 0%: 0.082+0.84+0.027 ms clock, 0.65+0.53/1.5/2.1+0.21 ms cpu, 4->4->2 MB, 5 MB goal, 0 MB stacks, 0 MB globals, 8 P
gc 1205 @89.798s 0%: 0.043+1.0+0.014 ms clock, 0.34+0.049/1.8/3.8+0.11 ms cpu, 4->4->2 MB, 5 MB goal, 0 MB stacks, 0 MB globals, 8 P
gc 1206 @89.874s 0%: 0.045+1.1+0.004 ms clock, 0.36+0.039/2.0/4.5+0.035 ms cpu, 4->4->2 MB, 5 MB goal, 0 MB stacks, 0 MB globals, 8 P
gc 1207 @89.927s 0%: 0.043+1.3+0.006 ms clock, 0.34+0.037/2.0/4.8+0.052 ms cpu, 4->4->2 MB, 5 MB goal, 0 MB stacks, 0 MB globals, 8 P
gc 1208 @90.007s 0%: 0.047+0.83+0.004 ms clock, 0.38+0.039/1.4/2.8+0.039 ms cpu, 4->4->2 MB, 5 MB goal, 0 MB stacks, 0 MB globals, 8 P
gc 1209 @90.051s 0%: 0.038+0.84+0.004 ms clock, 0.31+0.034/1.3/3.0+0.033 ms cpu, 4->4->2 MB, 5 MB goal, 0 MB stacks, 0 MB globals, 8 P
gc 1210 @90.131s 0%: 0.036+0.75+0.065 ms clock, 0.29+0.038/1.1/2.3+0.52 ms cpu, 4->4->2 MB, 5 MB goal, 0 MB stacks, 0 MB globals, 8 P
gc 1211 @90.208s 0%: 0.048+0.97+0.027 ms clock, 0.38+0.042/1.6/3.5+0.21 ms cpu, 4->4->2 MB, 5 MB goal, 0 MB stacks, 0 MB globals, 8 P
gc 1212 @90.291s 0%: 0.045+0.83+0.033 ms clock, 0.36+0.052/1.3/3.0+0.27 ms cpu, 4->4->2 MB, 5 MB goal, 0 MB stacks, 0 MB globals, 8 P
gc 1213 @90.372s 0%: 0.046+0.72+0.064 ms clock, 0.37+0.042/1.0/1.8+0.51 ms cpu, 4->4->2 MB, 5 MB goal, 0 MB stacks, 0 MB globals, 8 P
gc 1214 @90.448s 0%: 0.039+0.82+0.004 ms clock, 0.31+0.034/1.4/3.1+0.033 ms cpu, 4->4->2 MB, 5 MB goal, 0 MB stacks, 0 MB globals, 8 P
gc 1215 @90.526s 0%: 0.041+1.0+0.022 ms clock, 0.32+0.033/1.9/4.5+0.18 ms cpu, 4->4->2 MB, 5 MB goal, 0 MB stacks, 0 MB globals, 8 P
gc 1216 @90.597s 0%: 0.041+1.0+0.012 ms clock, 0.33+0.033/1.8/4.1+0.099 ms cpu, 4->4->2 MB, 4 MB goal, 0 MB stacks, 0 MB globals, 8 P
gc 1217 @90.688s 0%: 0.051+1.0+0.006 ms clock, 0.40+0.034/1.7/3.7+0.050 ms cpu, 4->4->2 MB, 5 MB goal, 0 MB stacks, 0 MB globals, 8 P
gc 1218 @90.744s 0%: 0.085+0.81+0.006 ms clock, 0.68+0.46/1.2/2.8+0.051 ms cpu, 4->4->2 MB, 5 MB goal, 0 MB stacks, 0 MB globals, 8 P
gc 1219 @90.832s 0%: 0.045+0.96+0.003 ms clock, 0.36+0/1.7/3.8+0.027 ms cpu, 4->5->2 MB, 5 MB goal, 0 MB stacks, 0 MB globals, 8 P
gc 1220 @90.916s 0%: 0.041+0.85+0.005 ms clock, 0.33+0.042/1.4/3.1+0.040 ms cpu, 4->4->2 MB, 5 MB goal, 0 MB stacks, 0 MB globals, 8 P
gc 1221 @90.987s 0%: 0.037+0.90+0.003 ms clock, 0.29+0.034/1.5/3.3+0.028 ms cpu, 4->4->2 MB, 5 MB goal, 0 MB stacks, 0 MB globals, 8 P
gc 1222 @91.068s 0%: 0.038+1.0+0.010 ms clock, 0.30+0.12/1.9/4.6+0.086 ms cpu, 4->4->2 MB, 5 MB goal, 0 MB stacks, 0 MB globals, 8 P
gc 1223 @91.153s 0%: 0.036+0.80+0.008 ms clock, 0.29+0.033/1.3/2.9+0.070 ms cpu, 4->4->2 MB, 5 MB goal, 0 MB stacks, 0 MB globals, 8 P
gc 1224 @91.235s 0%: 0.038+1.0+0.019 ms clock, 0.30+0.033/1.8/4.4+0.15 ms cpu, 4->4->2 MB, 5 MB goal, 0 MB stacks, 0 MB globals, 8 P
gc 1225 @91.316s 0%: 0.043+1.0+0.003 ms clock, 0.34+0.033/1.9/4.2+0.029 ms cpu, 4->4->2 MB, 5 MB goal, 0 MB stacks, 0 MB globals, 8 P
gc 1226 @91.397s 0%: 0.039+1.0+0.026 ms clock, 0.31+0.033/1.6/4.0+0.21 ms cpu, 4->4->2 MB, 5 MB goal, 0 MB stacks, 0 MB globals, 8 P
gc 1227 @91.483s 0%: 0.058+0.78+0.024 ms clock, 0.46+0.036/1.2/3.0+0.19 ms cpu, 4->4->2 MB, 5 MB goal, 0 MB stacks, 0 MB globals, 8 P
gc 1228 @91.561s 0%: 0.044+0.92+0.006 ms clock, 0.35+0.033/1.5/3.6+0.048 ms cpu, 4->4->2 MB, 5 MB goal, 0 MB stacks, 0 MB globals, 8 P
gc 1229 @91.639s 0%: 0.039+1.1+0.023 ms clock, 0.31+0.033/2.0/4.9+0.18 ms cpu, 4->4->2 MB, 5 MB goal, 0 MB stacks, 0 MB globals, 8 P
gc 1230 @91.699s 0%: 0.12+0.71+0.004 ms clock, 1.0+1.1/1.2/1.1+0.037 ms cpu, 4->4->2 MB, 5 MB goal, 0 MB stacks, 0 MB globals, 8 P
gc 1231 @91.793s 0%: 0.043+1.0+0.004 ms clock, 0.34+0.036/1.9/4.1+0.035 ms cpu, 4->5->2 MB, 5 MB goal, 0 MB stacks, 0 MB globals, 8 P
gc 1232 @91.870s 0%: 0.045+1.0+0.011 ms clock, 0.36+0.033/1.8/4.0+0.095 ms cpu, 4->4->2 MB, 5 MB goal, 0 MB stacks, 0 MB globals, 8 P
gc 1233 @91.941s 0%: 0.039+0.86+0.003 ms clock, 0.31+0.032/1.4/3.0+0.024 ms cpu, 4->4->2 MB, 5 MB goal, 0 MB stacks, 0 MB globals, 8 P
gc 1234 @92.033s 0%: 0.036+1.0+0.026 ms clock, 0.29+0.033/1.7/4.3+0.20 ms cpu, 4->5->2 MB, 5 MB goal, 0 MB stacks, 0 MB globals, 8 P
gc 1235 @92.117s 0%: 0.038+1.0+0.018 ms clock, 0.30+0.034/1.8/4.0+0.15 ms cpu, 4->5->2 MB, 5 MB goal, 0 MB stacks, 0 MB globals, 8 P
gc 1236 @92.197s 0%: 0.042+1.1+0.004 ms clock, 0.33+0.034/2.1/4.6+0.032 ms cpu, 4->4->2 MB, 5 MB goal, 0 MB stacks, 0 MB globals, 8 P
gc 1237 @92.287s 0%: 0.073+2.2+0.004 ms clock, 0.59+0.084/1.8/1.1+0.035 ms cpu, 4->4->2 MB, 5 MB goal, 0 MB stacks, 0 MB globals, 8 P
gc 1238 @92.364s 0%: 0.040+1.0+0.019 ms clock, 0.32+0.033/1.8/4.1+0.15 ms cpu, 4->4->2 MB, 5 MB goal, 0 MB stacks, 0 MB globals, 8 P
gc 1239 @92.452s 0%: 0.038+0.81+0.016 ms clock, 0.31+0.080/1.2/1.9+0.12 ms cpu, 4->4->2 MB, 5 MB goal, 0 MB stacks, 0 MB globals, 8 P
gc 1240 @92.525s 0%: 0.053+1.2+0.040 ms clock, 0.42+0.035/2.1/4.0+0.32 ms cpu, 4->4->2 MB, 4 MB goal, 0 MB stacks, 0 MB globals, 8 P
gc 1241 @92.594s 0%: 0.041+0.92+0.059 ms clock, 0.33+0.11/1.5/2.7+0.47 ms cpu, 4->4->2 MB, 5 MB goal, 0 MB stacks, 0 MB globals, 8 P
gc 1242 @92.670s 0%: 0.051+0.83+0.025 ms clock, 0.40+0.058/1.4/3.2+0.20 ms cpu, 4->4->2 MB, 5 MB goal, 0 MB stacks, 0 MB globals, 8 P
gc 1243 @92.723s 0%: 0.055+0.94+0.003 ms clock, 0.44+0.033/1.6/3.9+0.025 ms cpu, 4->4->2 MB, 5 MB goal, 0 MB stacks, 0 MB globals, 8 P
gc 1244 @92.810s 0%: 0.041+0.88+0.024 ms clock, 0.33+0.034/1.4/3.2+0.19 ms cpu, 4->4->2 MB, 5 MB goal, 0 MB stacks, 0 MB globals, 8 P
gc 1245 @92.895s 0%: 0.039+0.77+0.028 ms clock, 0.31+0.075/1.2/2.8+0.22 ms cpu, 4->4->2 MB, 5 MB goal, 0 MB stacks, 0 MB globals, 8 P
gc 1246 @92.970s 0%: 0.040+0.86+0.003 ms clock, 0.32+0.033/1.4/3.2+0.030 ms cpu, 4->4->2 MB, 5 MB goal, 0 MB stacks, 0 MB globals, 8 P
gc 1247 @93.059s 0%: 0.045+0.85+0.032 ms clock, 0.36+0.037/1.4/2.5+0.26 ms cpu, 4->4->2 MB, 5 MB goal, 0 MB stacks, 0 MB globals, 8 P
gc 1248 @93.132s 0%: 0.038+1.0+0.008 ms clock, 0.30+0.034/1.9/4.1+0.065 ms cpu, 4->4->2 MB, 5 MB goal, 0 MB stacks, 0 MB globals, 8 P
gc 1249 @93.206s 0%: 0.049+0.96+0.003 ms clock, 0.39+0.036/1.6/3.7+0.030 ms cpu, 4->4->2 MB, 5 MB goal, 0 MB stacks, 0 MB globals, 8 P
gc 1250 @93.293s 0%: 2.2+4.1+0.040 ms clock, 17+0.24/2.0/1.5+0.32 ms cpu, 4->4->2 MB, 5 MB goal, 0 MB stacks, 0 MB globals, 8 P
gc 1251 @93.380s 0%: 0.047+1.2+0.049 ms clock, 0.38+0.17/1.9/4.6+0.39 ms cpu, 4->4->2 MB, 5 MB goal, 0 MB stacks, 0 MB globals, 8 P
gc 1252 @93.455s 0%: 0.041+0.81+0.021 ms clock, 0.33+0.034/1.3/3.2+0.17 ms cpu, 4->4->2 MB, 5 MB goal, 0 MB stacks, 0 MB globals, 8 P
gc 1253 @93.529s 0%: 0.044+0.84+0.019 ms clock, 0.35+0.036/1.3/3.2+0.15 ms cpu, 4->4->2 MB, 5 MB goal, 0 MB stacks, 0 MB globals, 8 P
gc 1254 @93.611s 0%: 0.048+1.0+0.019 ms clock, 0.38+0.036/1.9/4.3+0.15 ms cpu, 4->4->2 MB, 5 MB goal, 0 MB stacks, 0 MB globals, 8 P
gc 1255 @93.695s 0%: 0.040+0.91+0.003 ms clock, 0.32+0.035/1.6/3.8+0.026 ms cpu, 4->5->2 MB, 5 MB goal, 0 MB stacks, 0 MB globals, 8 P
gc 1256 @93.740s 0%: 0.041+1.0+0.021 ms clock, 0.32+0.035/1.9/4.5+0.16 ms cpu, 4->4->2 MB, 5 MB goal, 0 MB stacks, 0 MB globals, 8 P
gc 1257 @93.827s 0%: 0.041+0.97+0.037 ms clock, 0.33+0.037/1.7/3.9+0.30 ms cpu, 4->4->2 MB, 5 MB goal, 0 MB stacks, 0 MB globals, 8 P
gc 1258 @93.917s 0%: 0.042+0.96+0.003 ms clock, 0.34+0.067/1.7/3.9+0.026 ms cpu, 4->4->2 MB, 5 MB goal, 0 MB stacks, 0 MB globals, 8 P
gc 1259 @93.999s 0%: 0.047+0.83+0.026 ms clock, 0.38+0.036/1.4/3.1+0.21 ms cpu, 4->4->2 MB, 5 MB goal, 0 MB stacks, 0 MB globals, 8 P
gc 1260 @94.082s 0%: 0.032+0.81+0.017 ms clock, 0.26+0.025/1.4/3.0+0.13 ms cpu, 4->4->2 MB, 5 MB goal, 0 MB stacks, 0 MB globals, 8 P
gc 1261 @94.171s 0%: 0.046+0.99+0.017 ms clock, 0.37+0.039/1.7/3.8+0.13 ms cpu, 4->4->2 MB, 5 MB goal, 0 MB stacks, 0 MB globals, 8 P
gc 1262 @94.243s 0%: 0.037+1.1+0.004 ms clock, 0.30+0.034/2.0/4.6+0.036 ms cpu, 4->4->2 MB, 5 MB goal, 0 MB stacks, 0 MB globals, 8 P
gc 1263 @94.320s 0%: 0.036+0.92+0.012 ms clock, 0.29+0.033/1.5/3.5+0.10 ms cpu, 4->4->2 MB, 5 MB goal, 0 MB stacks, 0 MB globals, 8 P
gc 1264 @94.409s 0%: 0.046+0.89+0.019 ms clock, 0.37+0.035/1.4/3.1+0.15 ms cpu, 4->4->2 MB, 5 MB goal, 0 MB stacks, 0 MB globals, 8 P
gc 1265 @94.476s 0%: 0.034+1.0+0.021 ms clock, 0.27+0.035/1.8/4.2+0.17 ms cpu, 4->4->2 MB, 5 MB goal, 0 MB stacks, 0 MB globals, 8 P
gc 1266 @94.556s 0%: 0.038+0.91+0.002 ms clock, 0.31+0.034/1.5/3.8+0.022 ms cpu, 4->4->2 MB, 5 MB goal, 0 MB stacks, 0 MB globals, 8 P
gc 1267 @94.639s 0%: 0.047+0.86+0.003 ms clock, 0.37+0.035/1.5/2.8+0.031 ms cpu, 4->4->2 MB, 5 MB goal, 0 MB stacks, 0 MB globals, 8 P
gc 1268 @94.720s 0%: 0.041+0.83+0.020 ms clock, 0.33+0.034/1.3/3.2+0.16 ms cpu, 4->4->2 MB, 5 MB goal, 0 MB stacks, 0 MB globals, 8 P
gc 1269 @94.796s 0%: 0.046+0.83+0.004 ms clock, 0.37+0.039/1.4/3.1+0.038 ms cpu, 4->4->2 MB, 4 MB goal, 0 MB stacks, 0 MB globals, 8 P
gc 1270 @94.882s 0%: 0.044+0.87+0.027 ms clock, 0.35+0.035/1.5/3.1+0.22 ms cpu, 4->4->2 MB, 5 MB goal, 0 MB stacks, 0 MB globals, 8 P
gc 1271 @94.965s 0%: 0.038+0.94+0.003 ms clock, 0.31+0.033/1.7/4.4+0.031 ms cpu, 4->4->2 MB, 5 MB goal, 0 MB stacks, 0 MB globals, 8 P
gc 1272 @95.027s 0%: 0.034+1.0+0.005 ms clock, 0.27+0.034/1.6/3.1+0.041 ms cpu, 4->4->2 MB, 5 MB goal, 0 MB stacks, 0 MB globals, 8 P
gc 1273 @95.104s 0%: 0.040+1.0+0.018 ms clock, 0.32+0.034/1.9/4.3+0.14 ms cpu, 4->4->2 MB, 5 MB goal, 0 MB stacks, 0 MB globals, 8 P
gc 1274 @95.184s 0%: 0.053+0.82+0.003 ms clock, 0.42+0.032/1.3/3.5+0.030 ms cpu, 4->4->2 MB, 5 MB goal, 0 MB stacks, 0 MB globals, 8 P
gc 1275 @95.252s 0%: 0.042+1.0+0.011 ms clock, 0.34+0.033/1.9/4.4+0.090 ms cpu, 4->4->2 MB, 5 MB goal, 0 MB stacks, 0 MB globals, 8 P
gc 1276 @95.329s 0%: 0.035+1.0+0.009 ms clock, 0.28+0.033/1.8/4.1+0.077 ms cpu, 4->4->2 MB, 5 MB goal, 0 MB stacks, 0 MB globals, 8 P
gc 1277 @95.410s 0%: 0.035+0.84+0.027 ms clock, 0.28+0.037/1.4/3.1+0.22 ms cpu, 4->4->2 MB, 5 MB goal, 0 MB stacks, 0 MB globals, 8 P
gc 1278 @95.491s 0%: 0.040+0.71+0.006 ms clock, 0.32+0.040/1.2/2.4+0.051 ms cpu, 4->4->2 MB, 5 MB goal, 0 MB stacks, 0 MB globals, 8 P
gc 1279 @95.568s 0%: 0.046+0.83+0.009 ms clock, 0.37+0.039/1.4/3.4+0.077 ms cpu, 4->4->2 MB, 4 MB goal, 0 MB stacks, 0 MB globals, 8 P
gc 1280 @95.628s 0%: 0.045+1.0+0.025 ms clock, 0.36+0.035/1.7/3.6+0.20 ms cpu, 4->4->2 MB, 5 MB goal, 0 MB stacks, 0 MB globals, 8 P
gc 1281 @95.710s 0%: 0.041+0.95+0.003 ms clock, 0.32+0.033/1.7/4.1+0.030 ms cpu, 4->4->2 MB, 5 MB goal, 0 MB stacks, 0 MB globals, 8 P
gc 1282 @95.751s 0%: 0.041+0.77+0.019 ms clock, 0.33+0.037/1.2/2.7+0.15 ms cpu, 4->4->2 MB, 5 MB goal, 0 MB stacks, 0 MB globals, 8 P
gc 1283 @95.841s 0%: 0.040+0.86+0.018 ms clock, 0.32+0.087/1.5/3.2+0.14 ms cpu, 4->4->2 MB, 5 MB goal, 0 MB stacks, 0 MB globals, 8 P
gc 1284 @95.928s 0%: 0.046+2.0+0.035 ms clock, 0.37+0.68/3.4/2.9+0.28 ms cpu, 4->4->2 MB, 5 MB goal, 0 MB stacks, 0 MB globals, 8 P
gc 1285 @96.021s 0%: 0.044+0.85+0.024 ms clock, 0.35+0.032/1.4/3.1+0.19 ms cpu, 4->4->2 MB, 5 MB goal, 0 MB stacks, 0 MB globals, 8 P
gc 1286 @96.091s 0%: 0.034+0.83+0.003 ms clock, 0.27+0.029/1.4/2.9+0.028 ms cpu, 4->4->2 MB, 5 MB goal, 0 MB stacks, 0 MB globals, 8 P
gc 1287 @96.170s 0%: 0.044+0.76+0.018 ms clock, 0.35+0.036/1.3/2.6+0.14 ms cpu, 4->4->2 MB, 5 MB goal, 0 MB stacks, 0 MB globals, 8 P
gc 1288 @96.250s 0%: 0.047+0.85+0.003 ms clock, 0.38+0.034/1.4/3.6+0.029 ms cpu, 4->4->2 MB, 5 MB goal, 0 MB stacks, 0 MB globals, 8 P
gc 1289 @96.332s 0%: 0.043+1.0+0.022 ms clock, 0.34+0.035/1.7/4.1+0.18 ms cpu, 4->4->2 MB, 5 MB goal, 0 MB stacks, 0 MB globals, 8 P
gc 1290 @96.417s 0%: 0.037+1.0+0.003 ms clock, 0.29+0.034/1.8/4.0+0.028 ms cpu, 4->4->2 MB, 5 MB goal, 0 MB stacks, 0 MB globals, 8 P
gc 1291 @96.495s 0%: 0.037+0.84+0.003 ms clock, 0.29+0.034/1.4/2.9+0.030 ms cpu, 4->4->2 MB, 5 MB goal, 0 MB stacks, 0 MB globals, 8 P
gc 1292 @96.571s 0%: 0.033+0.73+0.004 ms clock, 0.26+0.027/1.4/2.8+0.032 ms cpu, 4->4->2 MB, 5 MB goal, 0 MB stacks, 0 MB globals, 8 P
gc 1293 @96.654s 0%: 0.038+0.83+0.003 ms clock, 0.30+0.033/1.3/3.0+0.028 ms cpu, 4->4->2 MB, 5 MB goal, 0 MB stacks, 0 MB globals, 8 P
gc 1294 @96.718s 0%: 0.13+0.88+0.026 ms clock, 1.0+1.9/1.5/0.63+0.21 ms cpu, 4->4->2 MB, 5 MB goal, 0 MB stacks, 0 MB globals, 8 P
gc 1295 @96.799s 0%: 0.046+1.0+0.004 ms clock, 0.36+0.047/1.8/4.1+0.036 ms cpu, 4->4->2 MB, 5 MB goal, 0 MB stacks, 0 MB globals, 8 P
gc 1296 @96.881s 0%: 0.039+0.91+0.010 ms clock, 0.31+0.033/1.6/3.7+0.082 ms cpu, 4->4->2 MB, 5 MB goal, 0 MB stacks, 0 MB globals, 8 P
gc 1297 @96.959s 0%: 0.041+0.79+0.022 ms clock, 0.33+0.033/1.3/3.1+0.17 ms cpu, 4->4->2 MB, 5 MB goal, 0 MB stacks, 0 MB globals, 8 P
gc 1298 @97.038s 0%: 0.040+0.96+0.033 ms clock, 0.32+0.034/1.5/3.6+0.26 ms cpu, 4->4->2 MB, 5 MB goal, 0 MB stacks, 0 MB globals, 8 P
gc 1299 @97.118s 0%: 0.041+0.84+0.005 ms clock, 0.33+0.033/1.4/2.9+0.046 ms cpu, 4->4->2 MB, 5 MB goal, 0 MB stacks, 0 MB globals, 8 P
gc 1300 @97.197s 0%: 0.036+1.2+0.029 ms clock, 0.28+0.034/2.1/4.8+0.23 ms cpu, 4->4->2 MB, 5 MB goal, 0 MB stacks, 0 MB globals, 8 P
gc 1301 @97.272s 0%: 0.036+0.95+0.002 ms clock, 0.28+0.033/1.6/3.6+0.023 ms cpu, 4->4->2 MB, 5 MB goal, 0 MB stacks, 0 MB globals, 8 P
gc 1302 @97.348s 0%: 0.042+1.0+0.005 ms clock, 0.33+0.039/1.9/4.1+0.044 ms cpu, 4->4->2 MB, 5 MB goal, 0 MB stacks, 0 MB globals, 8 P
gc 1303 @97.438s 0%: 0.040+1.1+0.026 ms clock, 0.32+0.035/2.1/4.4+0.21 ms cpu, 4->4->2 MB, 5 MB goal, 0 MB stacks, 0 MB globals, 8 P
gc 1304 @97.528s 0%: 0.038+0.88+0.016 ms clock, 0.31+0.033/1.4/3.3+0.13 ms cpu, 4->4->2 MB, 5 MB goal, 0 MB stacks, 0 MB globals, 8 P
gc 1305 @97.608s 0%: 0.049+1.0+0.011 ms clock, 0.39+0.036/1.7/3.9+0.095 ms cpu, 4->5->2 MB, 5 MB goal, 0 MB stacks, 0 MB globals, 8 P
gc 1306 @97.692s 0%: 0.048+0.78+0.012 ms clock, 0.38+0.036/1.3/3.1+0.096 ms cpu, 4->4->2 MB, 5 MB goal, 0 MB stacks, 0 MB globals, 8 P
gc 1307 @97.740s 0%: 0.045+0.80+0.003 ms clock, 0.36+0.041/1.3/2.8+0.031 ms cpu, 4->4->2 MB, 5 MB goal, 0 MB stacks, 0 MB globals, 8 P
gc 1308 @97.831s 0%: 0.041+0.88+0.022 ms clock, 0.32+0.033/1.4/2.5+0.18 ms cpu, 4->4->2 MB, 5 MB goal, 0 MB stacks, 0 MB globals, 8 P
gc 1309 @97.920s 0%: 0.044+0.81+0.023 ms clock, 0.35+0.035/1.3/3.0+0.18 ms cpu, 4->4->2 MB, 5 MB goal, 0 MB stacks, 0 MB globals, 8 P
gc 1310 @97.992s 0%: 0.050+0.70+0.023 ms clock, 0.40+0.052/1.3/2.3+0.18 ms cpu, 4->4->2 MB, 5 MB goal, 0 MB stacks, 0 MB globals, 8 P
gc 1311 @98.066s 0%: 0.044+0.91+0.078 ms clock, 0.35+0.062/1.1/2.3+0.62 ms cpu, 4->4->2 MB, 5 MB goal, 0 MB stacks, 0 MB globals, 8 P
gc 1312 @98.150s 0%: 0.045+0.85+0.026 ms clock, 0.36+0.033/1.4/3.5+0.20 ms cpu, 4->4->2 MB, 5 MB goal, 0 MB stacks, 0 MB globals, 8 P
gc 1313 @98.237s 0%: 0.043+1.1+0.006 ms clock, 0.34+0.033/1.9/4.6+0.048 ms cpu, 4->4->2 MB, 5 MB goal, 0 MB stacks, 0 MB globals, 8 P
gc 1314 @98.317s 0%: 0.040+1.1+0.023 ms clock, 0.32+0.034/2.0/4.8+0.18 ms cpu, 4->4->2 MB, 5 MB goal, 0 MB stacks, 0 MB globals, 8 P
gc 1315 @98.404s 0%: 0.040+0.93+0.003 ms clock, 0.32+0.034/1.7/3.6+0.027 ms cpu, 4->4->2 MB, 5 MB goal, 0 MB stacks, 0 MB globals, 8 P
gc 1316 @98.495s 0%: 0.042+0.77+0.038 ms clock, 0.33+0.033/1.3/2.9+0.30 ms cpu, 4->4->2 MB, 5 MB goal, 0 MB stacks, 0 MB globals, 8 P
gc 1317 @98.575s 0%: 0.040+0.85+0.003 ms clock, 0.32+0.033/1.5/3.6+0.025 ms cpu, 4->4->2 MB, 5 MB goal, 0 MB stacks, 0 MB globals, 8 P
gc 1318 @98.663s 0%: 0.11+1.1+0.045 ms clock, 0.89+0.082/1.6/0.80+0.36 ms cpu, 4->4->2 MB, 5 MB goal, 0 MB stacks, 0 MB globals, 8 P
gc 1319 @98.726s 0%: 0.13+0.71+0.014 ms clock, 1.0+0.45/1.1/1.0+0.11 ms cpu, 4->4->2 MB, 5 MB goal, 0 MB stacks, 0 MB globals, 8 P
gc 1320 @98.812s 0%: 0.047+1.0+0.019 ms clock, 0.38+0.037/1.9/4.6+0.15 ms cpu, 4->5->2 MB, 5 MB goal, 0 MB stacks, 0 MB globals, 8 P
gc 1321 @98.892s 0%: 0.045+0.69+0.003 ms clock, 0.36+0.037/1.2/2.4+0.031 ms cpu, 4->4->2 MB, 5 MB goal, 0 MB stacks, 0 MB globals, 8 P
gc 1322 @98.970s 0%: 0.039+1.1+0.004 ms clock, 0.31+0.034/2.0/4.7+0.032 ms cpu, 4->4->2 MB, 5 MB goal, 0 MB stacks, 0 MB globals, 8 P
gc 1323 @99.053s 0%: 0.039+0.82+0.017 ms clock, 0.31+0.035/1.4/2.7+0.13 ms cpu, 4->4->2 MB, 5 MB goal, 0 MB stacks, 0 MB globals, 8 P
gc 1324 @99.095s 0%: 0.025+0.76+0.004 ms clock, 0.20+0.053/1.4/3.2+0.038 ms cpu, 4->4->2 MB, 5 MB goal, 0 MB stacks, 0 MB globals, 8 P
gc 1325 @99.174s 0%: 0.066+0.74+0.022 ms clock, 0.53+0.039/1.2/2.8+0.18 ms cpu, 4->4->2 MB, 5 MB goal, 0 MB stacks, 0 MB globals, 8 P
gc 1326 @99.252s 0%: 0.036+1.6+0.003 ms clock, 0.29+0.98/2.9/2.6+0.026 ms cpu, 4->4->2 MB, 5 MB goal, 0 MB stacks, 0 MB globals, 8 P
gc 1327 @99.326s 0%: 0.035+0.85+0.017 ms clock, 0.28+0.033/1.3/3.2+0.13 ms cpu, 4->4->2 MB, 5 MB goal, 0 MB stacks, 0 MB globals, 8 P
gc 1328 @99.404s 0%: 0.039+1.0+0.012 ms clock, 0.31+0.030/1.8/4.5+0.10 ms cpu, 4->4->2 MB, 5 MB goal, 0 MB stacks, 0 MB globals, 8 P
gc 1329 @99.489s 0%: 0.043+0.86+0.004 ms clock, 0.34+0.037/1.6/3.3+0.036 ms cpu, 4->4->2 MB, 5 MB goal, 0 MB stacks, 0 MB globals, 8 P
gc 1330 @99.577s 0%: 0.037+1.0+0.028 ms clock, 0.30+0.032/1.8/3.9+0.22 ms cpu, 4->5->2 MB, 5 MB goal, 0 MB stacks, 0 MB globals, 8 P
gc 1331 @99.663s 0%: 0.035+0.82+0.045 ms clock, 0.28+0.032/1.3/3.2+0.36 ms cpu, 4->4->2 MB, 5 MB goal, 0 MB stacks, 0 MB globals, 8 P
gc 1332 @99.730s 0%: 0.090+0.87+0.016 ms clock, 0.72+1.8/1.5/0.65+0.12 ms cpu, 4->4->2 MB, 5 MB goal, 0 MB stacks, 0 MB globals, 8 P
gc 1333 @99.815s 0%: 0.045+0.71+0.004 ms clock, 0.36+0.033/1.3/2.8+0.032 ms cpu, 4->4->2 MB, 5 MB goal, 0 MB stacks, 0 MB globals, 8 P
gc 1334 @99.892s 0%: 0.047+0.84+0.018 ms clock, 0.37+0.035/1.3/3.1+0.15 ms cpu, 4->4->2 MB, 5 MB goal, 0 MB stacks, 0 MB globals, 8 P
gc 1335 @99.970s 0%: 0.038+0.83+0.003 ms clock, 0.30+0.034/1.2/3.1+0.024 ms cpu, 4->4->2 MB, 5 MB goal, 0 MB stacks, 0 MB globals, 8 P
gc 1336 @100.016s 0%: 0.050+0.64+0.003 ms clock, 0.40+0.052/1.0/1.9+0.029 ms cpu, 4->4->2 MB, 5 MB goal, 0 MB stacks, 0 MB globals, 8 P
gc 1337 @100.099s 0%: 0.051+0.92+0.005 ms clock, 0.41+0.037/1.4/2.9+0.040 ms cpu, 4->4->2 MB, 5 MB goal, 0 MB stacks, 0 MB globals, 8 P
gc 1338 @100.180s 0%: 0.040+1.0+0.024 ms clock, 0.32+0.028/1.9/4.4+0.19 ms cpu, 4->4->2 MB, 5 MB goal, 0 MB stacks, 0 MB globals, 8 P
gc 1339 @100.267s 0%: 0.046+1.0+0.020 ms clock, 0.37+0.034/1.9/4.3+0.16 ms cpu, 4->4->2 MB, 5 MB goal, 0 MB stacks, 0 MB globals, 8 P
gc 1340 @100.344s 0%: 0.053+0.87+0.014 ms clock, 0.43+0.034/1.6/3.5+0.11 ms cpu, 4->4->2 MB, 5 MB goal, 0 MB stacks, 0 MB globals, 8 P
gc 1341 @100.421s 0%: 0.037+0.73+0.003 ms clock, 0.29+0.033/1.3/2.8+0.030 ms cpu, 4->4->2 MB, 5 MB goal, 0 MB stacks, 0 MB globals, 8 P
gc 1342 @100.490s 0%: 0.033+0.79+0.028 ms clock, 0.26+0.037/1.3/2.5+0.22 ms cpu, 4->4->2 MB, 5 MB goal, 0 MB stacks, 0 MB globals, 8 P
gc 1343 @100.565s 0%: 0.037+0.97+0.030 ms clock, 0.30+0.029/1.5/3.5+0.24 ms cpu, 4->4->2 MB, 5 MB goal, 0 MB stacks, 0 MB globals, 8 P
gc 1344 @100.639s 0%: 0.038+0.91+0.006 ms clock, 0.30+0.033/1.6/3.8+0.052 ms cpu, 4->4->2 MB, 5 MB goal, 0 MB stacks, 0 MB globals, 8 P
gc 1345 @100.723s 0%: 0.084+1.0+0.005 ms clock, 0.67+0.043/1.9/4.6+0.041 ms cpu, 4->4->2 MB, 5 MB goal, 0 MB stacks, 0 MB globals, 8 P
gc 1346 @100.767s 0%: 0.042+0.82+0.002 ms clock, 0.33+0.034/1.5/3.6+0.022 ms cpu, 4->4->2 MB, 5 MB goal, 0 MB stacks, 0 MB globals, 8 P
gc 1347 @100.855s 0%: 0.055+1.0+0.013 ms clock, 0.44+0.033/1.7/4.1+0.10 ms cpu, 4->4->2 MB, 5 MB goal, 0 MB stacks, 0 MB globals, 8 P
gc 1348 @100.938s 0%: 0.038+1.0+0.010 ms clock, 0.30+0.033/1.8/4.0+0.082 ms cpu, 4->4->2 MB, 5 MB goal, 0 MB stacks, 0 MB globals, 8 P
gc 1349 @101.021s 0%: 0.052+1.0+0.003 ms clock, 0.42+0.035/1.9/4.6+0.030 ms cpu, 4->4->2 MB, 5 MB goal, 0 MB stacks, 0 MB globals, 8 P
gc 1350 @101.108s 0%: 0.040+0.84+0.024 ms clock, 0.32+0.034/1.5/3.0+0.19 ms cpu, 4->4->2 MB, 5 MB goal, 0 MB stacks, 0 MB globals, 8 P
gc 1351 @101.194s 0%: 0.043+1.1+0.039 ms clock, 0.35+0.034/1.9/4.8+0.31 ms cpu, 4->4->2 MB, 5 MB goal, 0 MB stacks, 0 MB globals, 8 P
gc 1352 @101.276s 0%: 0.039+0.75+0.003 ms clock, 0.31+0.031/1.4/3.0+0.026 ms cpu, 4->4->2 MB, 5 MB goal, 0 MB stacks, 0 MB globals, 8 P
gc 1353 @101.354s 0%: 0.045+1.0+0.009 ms clock, 0.36+0.044/1.9/4.3+0.078 ms cpu, 4->4->2 MB, 5 MB goal, 0 MB stacks, 0 MB globals, 8 P
gc 1354 @101.431s 0%: 0.039+0.92+0.028 ms clock, 0.31+0.058/1.6/3.4+0.22 ms cpu, 4->4->2 MB, 5 MB goal, 0 MB stacks, 0 MB globals, 8 P
gc 1355 @101.511s 0%: 0.042+0.76+0.004 ms clock, 0.33+0.033/1.4/3.0+0.032 ms cpu, 4->4->2 MB, 5 MB goal, 0 MB stacks, 0 MB globals, 8 P
gc 1356 @101.591s 0%: 0.073+0.81+0.028 ms clock, 0.58+0.053/1.4/3.0+0.22 ms cpu, 4->4->2 MB, 5 MB goal, 0 MB stacks, 0 MB globals, 8 P
gc 1357 @101.667s 0%: 0.034+1.0+0.030 ms clock, 0.27+0.027/1.8/4.3+0.24 ms cpu, 4->4->2 MB, 5 MB goal, 0 MB stacks, 0 MB globals, 8 P
gc 1358 @101.737s 0%: 0.13+0.84+0.023 ms clock, 1.0+2.0/1.4/0.17+0.18 ms cpu, 4->4->2 MB, 5 MB goal, 0 MB stacks, 0 MB globals, 8 P
gc 1359 @101.824s 0%: 0.036+1.0+0.003 ms clock, 0.29+0.037/1.9/4.4+0.026 ms cpu, 4->5->2 MB, 5 MB goal, 0 MB stacks, 0 MB globals, 8 P
gc 1360 @101.912s 0%: 0.036+0.76+0.003 ms clock, 0.29+0.034/1.2/2.6+0.030 ms cpu, 4->4->2 MB, 5 MB goal, 0 MB stacks, 0 MB globals, 8 P
gc 1361 @102.000s 0%: 0.044+0.97+0.003 ms clock, 0.35+0.035/1.8/4.2+0.027 ms cpu, 4->4->2 MB, 5 MB goal, 0 MB stacks, 0 MB globals, 8 P
gc 1362 @102.083s 0%: 0.032+0.88+0.019 ms clock, 0.26+0.026/1.5/3.7+0.15 ms cpu, 4->4->2 MB, 5 MB goal, 0 MB stacks, 0 MB globals, 8 P
gc 1363 @102.165s 0%: 0.047+0.89+0.010 ms clock, 0.38+0.035/1.5/3.5+0.083 ms cpu, 4->4->2 MB, 5 MB goal, 0 MB stacks, 0 MB globals, 8 P
gc 1364 @102.250s 0%: 0.048+0.79+0.057 ms clock, 0.38+0.046/1.3/3.0+0.45 ms cpu, 4->4->2 MB, 5 MB goal, 0 MB stacks, 0 MB globals, 8 P
gc 1365 @102.335s 0%: 0.043+1.0+0.003 ms clock, 0.35+0/1.9/4.0+0.031 ms cpu, 4->4->2 MB, 5 MB goal, 0 MB stacks, 0 MB globals, 8 P
gc 1366 @102.406s 0%: 0.12+1.0+0.049 ms clock, 1.0+1.7/1.7/0.48+0.39 ms cpu, 4->4->2 MB, 5 MB goal, 0 MB stacks, 0 MB globals, 8 P
gc 1367 @102.500s 0%: 0.042+1.0+0.033 ms clock, 0.34+0.034/1.9/4.2+0.26 ms cpu, 4->4->2 MB, 5 MB goal, 0 MB stacks, 0 MB globals, 8 P
gc 1368 @102.578s 0%: 0.082+1.4+0.073 ms clock, 0.65+0.096/2.4/1.9+0.58 ms cpu, 4->4->2 MB, 5 MB goal, 0 MB stacks, 0 MB globals, 8 P
gc 1369 @102.648s 0%: 0.054+1.0+0.004 ms clock, 0.43+0.035/1.6/2.9+0.039 ms cpu, 4->4->2 MB, 5 MB goal, 0 MB stacks, 0 MB globals, 8 P
gc 1370 @102.708s 0%: 0.098+1.2+0.025 ms clock, 0.78+0.042/2.1/3.2+0.20 ms cpu, 4->4->2 MB, 5 MB goal, 0 MB stacks, 0 MB globals, 8 P
gc 1371 @102.786s 0%: 0.10+3.6+0.040 ms clock, 0.81+0.066/0.002/1.4+0.32 ms cpu, 4->4->2 MB, 5 MB goal, 0 MB stacks, 0 MB globals, 8 P
gc 1372 @102.850s 0%: 0.041+0.92+0.026 ms clock, 0.33+0.034/1.5/3.5+0.20 ms cpu, 4->4->2 MB, 5 MB goal, 0 MB stacks, 0 MB globals, 8 P
gc 1373 @102.941s 0%: 0.042+1.0+0.029 ms clock, 0.33+0.033/1.8/3.7+0.23 ms cpu, 4->4->2 MB, 5 MB goal, 0 MB stacks, 0 MB globals, 8 P
gc 1374 @103.016s 0%: 0.084+0.77+0.003 ms clock, 0.67+0.072/1.3/2.2+0.025 ms cpu, 4->4->2 MB, 5 MB goal, 0 MB stacks, 0 MB globals, 8 P
gc 1375 @103.102s 0%: 0.041+0.73+0.004 ms clock, 0.32+0.033/1.2/2.9+0.034 ms cpu, 4->4->2 MB, 5 MB goal, 0 MB stacks, 0 MB globals, 8 P
gc 1376 @103.182s 0%: 0.069+0.90+0.016 ms clock, 0.55+0.036/1.4/2.0+0.13 ms cpu, 4->4->2 MB, 5 MB goal, 0 MB stacks, 0 MB globals, 8 P
gc 1377 @103.255s 0%: 0.037+0.82+0.018 ms clock, 0.30+0.035/1.4/3.1+0.14 ms cpu, 4->4->2 MB, 5 MB goal, 0 MB stacks, 0 MB globals, 8 P
gc 1378 @103.333s 0%: 0.072+1.0+0.023 ms clock, 0.57+0.039/1.9/4.2+0.19 ms cpu, 4->4->2 MB, 5 MB goal, 0 MB stacks, 0 MB globals, 8 P
gc 1379 @103.430s 0%: 0.036+1.1+0.033 ms clock, 0.28+0.034/2.0/4.8+0.26 ms cpu, 4->5->2 MB, 5 MB goal, 0 MB stacks, 0 MB globals, 8 P
gc 1380 @103.512s 0%: 0.037+0.89+0.003 ms clock, 0.29+0.031/1.6/3.1+0.026 ms cpu, 4->4->2 MB, 5 MB goal, 0 MB stacks, 0 MB globals, 8 P
gc 1381 @103.593s 0%: 0.040+0.83+0.032 ms clock, 0.32+0.034/1.3/3.1+0.26 ms cpu, 4->4->2 MB, 5 MB goal, 0 MB stacks, 0 MB globals, 8 P
gc 1382 @103.678s 0%: 0.041+0.96+0.012 ms clock, 0.33+0.031/1.7/3.9+0.096 ms cpu, 4->4->2 MB, 5 MB goal, 0 MB stacks, 0 MB globals, 8 P
gc 1383 @103.745s 0%: 0.12+0.91+0.006 ms clock, 1.0+0.99/1.6/0.91+0.054 ms cpu, 4->4->2 MB, 5 MB goal, 0 MB stacks, 0 MB globals, 8 P
gc 1384 @103.835s 0%: 0.040+0.80+0.019 ms clock, 0.32+0.037/1.3/2.2+0.15 ms cpu, 4->4->2 MB, 5 MB goal, 0 MB stacks, 0 MB globals, 8 P
gc 1385 @103.877s 0%: 0.038+0.75+0.004 ms clock, 0.31+0.54/1.2/2.0+0.034 ms cpu, 4->4->2 MB, 5 MB goal, 0 MB stacks, 0 MB globals, 8 P
gc 1386 @103.949s 0%: 0.037+0.91+0.010 ms clock, 0.30+0.037/1.4/3.1+0.081 ms cpu, 4->4->2 MB, 5 MB goal, 0 MB stacks, 0 MB globals, 8 P
gc 1387 @104.023s 0%: 0.055+1.0+0.015 ms clock, 0.44+0.036/1.9/4.3+0.12 ms cpu, 4->4->2 MB, 5 MB goal, 0 MB stacks, 0 MB globals, 8 P
gc 1388 @104.108s 0%: 0.055+0.88+0.004 ms clock, 0.44+0.036/1.5/3.5+0.036 ms cpu, 4->4->2 MB, 5 MB goal, 0 MB stacks, 0 MB globals, 8 P
gc 1389 @104.189s 0%: 0.049+1.0+0.018 ms clock, 0.39+0.095/1.8/3.7+0.15 ms cpu, 4->4->2 MB, 5 MB goal, 0 MB stacks, 0 MB globals, 8 P
gc 1390 @104.266s 0%: 0.042+0.85+0.003 ms clock, 0.34+0.034/1.4/3.2+0.027 ms cpu, 4->4->2 MB, 5 MB goal, 0 MB stacks, 0 MB globals, 8 P
gc 1391 @104.334s 0%: 0.038+1.0+0.010 ms clock, 0.30+0.034/1.8/4.1+0.086 ms cpu, 4->4->2 MB, 5 MB goal, 0 MB stacks, 0 MB globals, 8 P
gc 1392 @104.412s 0%: 0.041+1.1+0.004 ms clock, 0.33+0.035/2.0/4.8+0.032 ms cpu, 4->4->2 MB, 5 MB goal, 0 MB stacks, 0 MB globals, 8 P
gc 1393 @104.496s 0%: 0.040+0.87+0.007 ms clock, 0.32+0.041/1.4/2.9+0.057 ms cpu, 4->4->2 MB, 5 MB goal, 0 MB stacks, 0 MB globals, 8 P
gc 1394 @104.583s 0%: 0.040+0.68+0.003 ms clock, 0.32+0.029/1.1/2.0+0.028 ms cpu, 4->4->2 MB, 5 MB goal, 0 MB stacks, 0 MB globals, 8 P
gc 1395 @104.669s 0%: 0.041+0.82+0.014 ms clock, 0.32+0.033/1.4/3.1+0.11 ms cpu, 4->4->2 MB, 5 MB goal, 0 MB stacks, 0 MB globals, 8 P
gc 1396 @104.744s 0%: 0.035+1.0+0.028 ms clock, 0.28+0.034/1.7/4.5+0.23 ms cpu, 4->4->2 MB, 5 MB goal, 0 MB stacks, 0 MB globals, 8 P
gc 1397 @104.784s 0%: 0.041+0.90+0.003 ms clock, 0.33+0.030/1.6/3.6+0.024 ms cpu, 4->4->2 MB, 5 MB goal, 0 MB stacks, 0 MB globals, 8 P
gc 1398 @104.869s 0%: 0.043+1.0+0.004 ms clock, 0.34+0.032/1.8/4.6+0.038 ms cpu, 4->4->2 MB, 5 MB goal, 0 MB stacks, 0 MB globals, 8 P
gc 1399 @104.952s 0%: 0.043+1.0+0.005 ms clock, 0.34+0.034/1.9/4.8+0.044 ms cpu, 4->4->2 MB, 5 MB goal, 0 MB stacks, 0 MB globals, 8 P
gc 1400 @105.010s 0%: 0.073+0.80+0.017 ms clock, 0.58+0.13/1.3/2.7+0.14 ms cpu, 4->4->2 MB, 5 MB goal, 0 MB stacks, 0 MB globals, 8 P
gc 1401 @105.089s 0%: 0.038+0.81+0.011 ms clock, 0.30+0.033/1.3/2.6+0.088 ms cpu, 4->4->2 MB, 5 MB goal, 0 MB stacks, 0 MB globals, 8 P
gc 1402 @105.162s 0%: 0.037+0.72+0.004 ms clock, 0.30+0.034/1.3/2.9+0.032 ms cpu, 4->4->2 MB, 5 MB goal, 0 MB stacks, 0 MB globals, 8 P
gc 1403 @105.240s 0%: 0.037+0.73+0.003 ms clock, 0.29+0.033/1.2/2.5+0.026 ms cpu, 4->4->2 MB, 5 MB goal, 0 MB stacks, 0 MB globals, 8 P
gc 1404 @105.313s 0%: 0.034+1.1+0.003 ms clock, 0.27+0.033/2.1/4.8+0.028 ms cpu, 4->4->2 MB, 5 MB goal, 0 MB stacks, 0 MB globals, 8 P
gc 1405 @105.403s 0%: 0.046+0.85+0.020 ms clock, 0.37+0.035/1.4/2.8+0.16 ms cpu, 4->4->2 MB, 5 MB goal, 0 MB stacks, 0 MB globals, 8 P
gc 1406 @105.475s 0%: 0.041+0.82+0.019 ms clock, 0.33+0.036/1.2/3.3+0.15 ms cpu, 4->4->2 MB, 5 MB goal, 0 MB stacks, 0 MB globals, 8 P
gc 1407 @105.553s 0%: 0.039+1.0+0.003 ms clock, 0.31+0.033/2.0/4.4+0.027 ms cpu, 4->4->2 MB, 5 MB goal, 0 MB stacks, 0 MB globals, 8 P
gc 1408 @105.625s 0%: 0.035+1.0+0.004 ms clock, 0.28+0.037/1.9/4.4+0.034 ms cpu, 4->4->2 MB, 5 MB goal, 0 MB stacks, 0 MB globals, 8 P
gc 1409 @105.715s 0%: 0.045+1.0+0.003 ms clock, 0.36+0.033/1.9/4.7+0.030 ms cpu, 4->4->2 MB, 5 MB goal, 0 MB stacks, 0 MB globals, 8 P
gc 1410 @105.760s 0%: 0.032+1.0+0.018 ms clock, 0.26+0.027/1.8/4.2+0.15 ms cpu, 4->4->2 MB, 5 MB goal, 0 MB stacks, 0 MB globals, 8 P
gc 1411 @105.833s 0%: 0.038+0.83+0.027 ms clock, 0.30+0.033/1.3/3.1+0.22 ms cpu, 4->4->2 MB, 5 MB goal, 0 MB stacks, 0 MB globals, 8 P
gc 1412 @105.912s 0%: 0.045+1.0+0.003 ms clock, 0.36+0.036/1.9/4.5+0.028 ms cpu, 4->4->2 MB, 5 MB goal, 0 MB stacks, 0 MB globals, 8 P
gc 1413 @105.997s 0%: 0.033+0.99+0.003 ms clock, 0.27+0.031/1.7/3.0+0.028 ms cpu, 4->4->2 MB, 5 MB goal, 0 MB stacks, 0 MB globals, 8 P
gc 1414 @106.073s 0%: 0.037+0.94+0.029 ms clock, 0.29+0.033/1.5/3.6+0.23 ms cpu, 4->4->2 MB, 5 MB goal, 0 MB stacks, 0 MB globals, 8 P
gc 1415 @106.161s 0%: 0.040+1.0+0.018 ms clock, 0.32+0.036/1.8/3.9+0.14 ms cpu, 4->4->2 MB, 5 MB goal, 0 MB stacks, 0 MB globals, 8 P
gc 1416 @106.220s 0%: 0.096+0.78+0.022 ms clock, 0.76+0.15/1.2/0.81+0.17 ms cpu, 4->4->2 MB, 5 MB goal, 0 MB stacks, 0 MB globals, 8 P
gc 1417 @106.303s 0%: 0.055+1.0+0.021 ms clock, 0.44+0.12/1.4/0.011+0.16 ms cpu, 4->4->2 MB, 5 MB goal, 0 MB stacks, 0 MB globals, 8 P
gc 1418 @106.383s 0%: 0.042+0.67+0.003 ms clock, 0.34+0.033/1.2/2.1+0.031 ms cpu, 4->4->2 MB, 4 MB goal, 0 MB stacks, 0 MB globals, 8 P
gc 1419 @106.454s 0%: 0.037+0.81+0.013 ms clock, 0.29+0.033/1.2/2.9+0.10 ms cpu, 4->4->2 MB, 4 MB goal, 0 MB stacks, 0 MB globals, 8 P
gc 1420 @106.541s 0%: 0.039+1.0+0.005 ms clock, 0.31+0.034/1.7/4.2+0.046 ms cpu, 4->4->2 MB, 5 MB goal, 0 MB stacks, 0 MB globals, 8 P
gc 1421 @106.618s 0%: 0.038+0.82+0.005 ms clock, 0.30+0.035/1.3/2.8+0.040 ms cpu, 4->4->2 MB, 4 MB goal, 0 MB stacks, 0 MB globals, 8 P
gc 1422 @106.702s 0%: 0.036+0.75+0.003 ms clock, 0.28+0.032/1.3/2.7+0.030 ms cpu, 4->4->2 MB, 4 MB goal, 0 MB stacks, 0 MB globals, 8 P
gc 1423 @106.756s 0%: 0.15+0.86+0.004 ms clock, 1.2+0.31/1.4/2.0+0.032 ms cpu, 4->4->2 MB, 5 MB goal, 0 MB stacks, 0 MB globals, 8 P
gc 1424 @106.839s 0%: 0.039+0.91+0.006 ms clock, 0.31+0.034/1.5/3.5+0.055 ms cpu, 4->4->2 MB, 5 MB goal, 0 MB stacks, 0 MB globals, 8 P
gc 1425 @106.919s 0%: 0.032+0.97+0.003 ms clock, 0.25+0.028/1.7/4.4+0.031 ms cpu, 4->4->2 MB, 5 MB goal, 0 MB stacks, 0 MB globals, 8 P
gc 1426 @107.002s 0%: 0.034+1.1+0.003 ms clock, 0.27+0.030/2.0/4.3+0.028 ms cpu, 4->4->2 MB, 5 MB goal, 0 MB stacks, 0 MB globals, 8 P
gc 1427 @107.079s 0%: 0.039+0.95+0.005 ms clock, 0.31+0.032/1.8/4.0+0.046 ms cpu, 4->4->2 MB, 5 MB goal, 0 MB stacks, 0 MB globals, 8 P
gc 1428 @107.161s 0%: 0.040+0.71+0.004 ms clock, 0.32+0.033/1.2/2.6+0.039 ms cpu, 4->4->2 MB, 5 MB goal, 0 MB stacks, 0 MB globals, 8 P
gc 1429 @107.245s 0%: 0.040+1.0+0.005 ms clock, 0.32+0.033/1.9/4.5+0.043 ms cpu, 4->4->2 MB, 5 MB goal, 0 MB stacks, 0 MB globals, 8 P
gc 1430 @107.322s 0%: 0.038+0.77+0.003 ms clock, 0.31+0.033/1.4/3.6+0.025 ms cpu, 4->4->2 MB, 5 MB goal, 0 MB stacks, 0 MB globals, 8 P
gc 1431 @107.411s 0%: 0.039+0.85+0.025 ms clock, 0.31+0.036/1.3/3.1+0.20 ms cpu, 4->4->2 MB, 5 MB goal, 0 MB stacks, 0 MB globals, 8 P
gc 1432 @107.477s 0%: 0.072+0.80+0.016 ms clock, 0.58+0.034/1.3/3.0+0.12 ms cpu, 4->4->2 MB, 4 MB goal, 0 MB stacks, 0 MB globals, 8 P
gc 1433 @107.563s 0%: 0.038+0.95+0.028 ms clock, 0.30+0.032/1.7/4.4+0.22 ms cpu, 4->4->2 MB, 5 MB goal, 0 MB stacks, 0 MB globals, 8 P
gc 1434 @107.647s 0%: 0.044+0.79+0.036 ms clock, 0.35+0.036/1.1/2.2+0.28 ms cpu, 4->4->2 MB, 5 MB goal, 0 MB stacks, 0 MB globals, 8 P
gc 1435 @107.729s 0%: 0.039+0.88+0.003 ms clock, 0.31+0.21/1.6/3.7+0.027 ms cpu, 4->4->2 MB, 5 MB goal, 0 MB stacks, 0 MB globals, 8 P
gc 1436 @107.781s 0%: 0.038+0.85+0.029 ms clock, 0.31+0.028/1.3/3.0+0.23 ms cpu, 4->4->2 MB, 5 MB goal, 0 MB stacks, 0 MB globals, 8 P
gc 1437 @107.856s 0%: 0.040+0.75+0.047 ms clock, 0.32+0.033/1.0/2.4+0.37 ms cpu, 4->4->2 MB, 5 MB goal, 0 MB stacks, 0 MB globals, 8 P
gc 1438 @107.938s 0%: 0.041+0.94+0.004 ms clock, 0.33+0.034/1.7/4.1+0.037 ms cpu, 4->4->2 MB, 5 MB goal, 0 MB stacks, 0 MB globals, 8 P
gc 1439 @108.026s 0%: 0.049+0.99+0.021 ms clock, 0.39+0.53/1.8/2.2+0.17 ms cpu, 4->4->2 MB, 5 MB goal, 0 MB stacks, 0 MB globals, 8 P
gc 1440 @108.100s 0%: 0.036+1.0+0.015 ms clock, 0.29+0.034/1.5/3.7+0.12 ms cpu, 4->4->2 MB, 4 MB goal, 0 MB stacks, 0 MB globals, 8 P
gc 1441 @108.188s 0%: 0.041+0.89+0.003 ms clock, 0.33+0.068/1.6/3.7+0.029 ms cpu, 4->4->2 MB, 5 MB goal, 0 MB stacks, 0 MB globals, 8 P
gc 1442 @108.246s 0%: 0.027+1.0+0.044 ms clock, 0.22+0.034/1.6/2.4+0.35 ms cpu, 4->4->2 MB, 5 MB goal, 0 MB stacks, 0 MB globals, 8 P
gc 1443 @108.330s 0%: 0.11+2.1+0.052 ms clock, 0.95+0.089/2.2/5.3+0.42 ms cpu, 4->4->2 MB, 5 MB goal, 0 MB stacks, 0 MB globals, 8 P
gc 1444 @108.405s 0%: 0.039+1.1+0.003 ms clock, 0.31+0.034/2.1/5.2+0.031 ms cpu, 4->4->2 MB, 5 MB goal, 0 MB stacks, 0 MB globals, 8 P
gc 1445 @108.485s 0%: 0.040+0.72+0.003 ms clock, 0.32+0.035/1.2/2.7+0.030 ms cpu, 4->4->2 MB, 5 MB goal, 0 MB stacks, 0 MB globals, 8 P
gc 1446 @108.566s 0%: 0.057+1.0+0.040 ms clock, 0.45+0.036/1.5/3.4+0.32 ms cpu, 4->4->2 MB, 5 MB goal, 0 MB stacks, 0 MB globals, 8 P
gc 1447 @108.647s 0%: 0.043+0.85+0.029 ms clock, 0.34+0.035/1.4/3.0+0.23 ms cpu, 4->4->2 MB, 5 MB goal, 0 MB stacks, 0 MB globals, 8 P
gc 1448 @108.727s 0%: 0.042+0.92+0.006 ms clock, 0.34+0.033/1.6/3.8+0.055 ms cpu, 4->4->2 MB, 5 MB goal, 0 MB stacks, 0 MB globals, 8 P
gc 1449 @108.765s 0%: 0.039+0.64+0.004 ms clock, 0.31+0.032/1.1/2.2+0.037 ms cpu, 4->4->2 MB, 5 MB goal, 0 MB stacks, 0 MB globals, 8 P
gc 1450 @108.837s 0%: 0.063+0.85+0.008 ms clock, 0.50+0.055/1.2/2.0+0.065 ms cpu, 4->4->2 MB, 5 MB goal, 0 MB stacks, 0 MB globals, 8 P
gc 1451 @108.914s 0%: 0.039+0.88+0.018 ms clock, 0.31+0.036/1.5/3.0+0.14 ms cpu, 4->4->2 MB, 5 MB goal, 0 MB stacks, 0 MB globals, 8 P
gc 1452 @108.997s 0%: 0.031+0.79+0.017 ms clock, 0.25+0.041/1.2/2.7+0.14 ms cpu, 4->4->2 MB, 5 MB goal, 0 MB stacks, 0 MB globals, 8 P
gc 1453 @109.073s 0%: 0.039+0.71+0.003 ms clock, 0.31+0.034/1.2/2.7+0.027 ms cpu, 4->4->2 MB, 5 MB goal, 0 MB stacks, 0 MB globals, 8 P
gc 1454 @109.162s 0%: 0.039+1.0+0.003 ms clock, 0.31+0.034/1.8/4.3+0.028 ms cpu, 4->5->2 MB, 5 MB goal, 0 MB stacks, 0 MB globals, 8 P
gc 1455 @109.252s 0%: 0.038+0.82+0.003 ms clock, 0.30+0.034/1.3/2.8+0.027 ms cpu, 4->4->2 MB, 5 MB goal, 0 MB stacks, 0 MB globals, 8 P
gc 1456 @109.335s 0%: 0.082+3.2+0.010 ms clock, 0.65+0.087/1.7/0+0.082 ms cpu, 4->4->2 MB, 5 MB goal, 0 MB stacks, 0 MB globals, 8 P
gc 1457 @109.419s 0%: 0.041+0.99+0.013 ms clock, 0.33+0.033/1.5/3.9+0.10 ms cpu, 4->4->2 MB, 5 MB goal, 0 MB stacks, 0 MB globals, 8 P
gc 1458 @109.504s 0%: 0.046+0.98+0.007 ms clock, 0.37+0.036/1.7/3.9+0.057 ms cpu, 4->5->2 MB, 5 MB goal, 0 MB stacks, 0 MB globals, 8 P
gc 1459 @109.589s 0%: 0.045+1.0+0.023 ms clock, 0.36+0.032/1.9/4.4+0.18 ms cpu, 4->4->2 MB, 5 MB goal, 0 MB stacks, 0 MB globals, 8 P
gc 1460 @109.674s 0%: 0.037+0.74+0.003 ms clock, 0.29+0.034/1.3/2.6+0.028 ms cpu, 4->4->2 MB, 5 MB goal, 0 MB stacks, 0 MB globals, 8 P
gc 1461 @109.753s 0%: 0.042+1.0+0.016 ms clock, 0.34+0.033/1.8/4.5+0.13 ms cpu, 4->4->2 MB, 5 MB goal, 0 MB stacks, 0 MB globals, 8 P
gc 1462 @109.806s 0%: 0.073+1.4+0.15 ms clock, 0.58+0.085/1.9/0.46+1.2 ms cpu, 4->4->2 MB, 5 MB goal, 0 MB stacks, 0 MB globals, 8 P
gc 1463 @109.881s 0%: 0.040+1.1+0.006 ms clock, 0.32+0.034/2.0/4.9+0.054 ms cpu, 4->4->2 MB, 5 MB goal, 0 MB stacks, 0 MB globals, 8 P
gc 1464 @109.970s 0%: 0.046+0.77+0.031 ms clock, 0.37+0.036/1.3/2.6+0.24 ms cpu, 4->4->1 MB, 5 MB goal, 0 MB stacks, 0 MB globals, 8 P
gc 1465 @110.010s 0%: 0.043+1.0+0.003 ms clock, 0.34+0.11/1.8/4.3+0.024 ms cpu, 4->4->2 MB, 4 MB goal, 0 MB stacks, 0 MB globals, 8 P
gc 1466 @110.090s 0%: 0.038+1.0+0.003 ms clock, 0.31+0.032/1.8/4.4+0.028 ms cpu, 4->4->2 MB, 5 MB goal, 0 MB stacks, 0 MB globals, 8 P
gc 1467 @110.170s 0%: 0.042+0.97+0.005 ms clock, 0.34+0.042/1.7/4.0+0.045 ms cpu, 4->4->2 MB, 5 MB goal, 0 MB stacks, 0 MB globals, 8 P
gc 1468 @110.245s 0%: 0.044+0.86+0.009 ms clock, 0.35+0.049/1.3/2.3+0.077 ms cpu, 4->4->2 MB, 5 MB goal, 0 MB stacks, 0 MB globals, 8 P
gc 1469 @110.329s 0%: 0.036+0.78+0.003 ms clock, 0.28+0.034/1.3/2.7+0.029 ms cpu, 4->4->2 MB, 5 MB goal, 0 MB stacks, 0 MB globals, 8 P
gc 1470 @110.409s 0%: 0.039+1.0+0.004 ms clock, 0.31+0.034/1.9/4.6+0.038 ms cpu, 4->4->2 MB, 5 MB goal, 0 MB stacks, 0 MB globals, 8 P
gc 1471 @110.490s 0%: 0.044+1.0+0.032 ms clock, 0.35+0.036/1.9/4.6+0.26 ms cpu, 4->4->2 MB, 5 MB goal, 0 MB stacks, 0 MB globals, 8 P
gc 1472 @110.558s 0%: 0.036+1.1+0.022 ms clock, 0.29+0.032/1.9/4.7+0.18 ms cpu, 4->4->2 MB, 5 MB goal, 0 MB stacks, 0 MB globals, 8 P
gc 1473 @110.642s 0%: 0.045+1.0+0.003 ms clock, 0.36+0.033/2.0/4.1+0.028 ms cpu, 4->4->2 MB, 5 MB goal, 0 MB stacks, 0 MB globals, 8 P
gc 1474 @110.724s 0%: 0.043+1.0+0.003 ms clock, 0.35+0.033/1.8/4.2+0.029 ms cpu, 4->4->2 MB, 5 MB goal, 0 MB stacks, 0 MB globals, 8 P
gc 1475 @110.772s 0%: 0.099+0.89+0.020 ms clock, 0.79+0.34/1.6/2.6+0.16 ms cpu, 4->4->2 MB, 5 MB goal, 0 MB stacks, 0 MB globals, 8 P
gc 1476 @110.853s 0%: 0.032+0.81+0.026 ms clock, 0.26+0.031/1.3/2.9+0.21 ms cpu, 4->4->2 MB, 5 MB goal, 0 MB stacks, 0 MB globals, 8 P
gc 1477 @110.929s 0%: 0.048+0.81+0.023 ms clock, 0.39+0.036/1.4/2.8+0.18 ms cpu, 4->4->2 MB, 5 MB goal, 0 MB stacks, 0 MB globals, 8 P
gc 1478 @111.006s 0%: 0.036+0.90+0.003 ms clock, 0.29+0.034/1.6/4.0+0.028 ms cpu, 4->4->2 MB, 5 MB goal, 0 MB stacks, 0 MB globals, 8 P
gc 1479 @111.081s 0%: 0.066+0.99+0.005 ms clock, 0.52+0.038/1.6/3.7+0.045 ms cpu, 4->4->2 MB, 5 MB goal, 0 MB stacks, 0 MB globals, 8 P
gc 1480 @111.167s 0%: 0.036+0.88+0.016 ms clock, 0.29+0.034/1.5/3.2+0.13 ms cpu, 4->4->2 MB, 5 MB goal, 0 MB stacks, 0 MB globals, 8 P
gc 1481 @111.251s 0%: 0.042+0.94+0.004 ms clock, 0.33+0.032/1.7/3.9+0.032 ms cpu, 4->4->2 MB, 5 MB goal, 0 MB stacks, 0 MB globals, 8 P
gc 1482 @111.323s 0%: 0.043+0.91+0.017 ms clock, 0.34+0.035/1.5/3.4+0.13 ms cpu, 4->4->2 MB, 5 MB goal, 0 MB stacks, 0 MB globals, 8 P
gc 1483 @111.394s 0%: 0.060+0.80+0.003 ms clock, 0.48+0.034/1.4/3.1+0.029 ms cpu, 4->4->2 MB, 5 MB goal, 0 MB stacks, 0 MB globals, 8 P
gc 1484 @111.476s 0%: 0.040+1.0+0.022 ms clock, 0.32+0.035/1.8/4.0+0.18 ms cpu, 4->4->2 MB, 5 MB goal, 0 MB stacks, 0 MB globals, 8 P
gc 1485 @111.555s 0%: 0.038+0.89+0.009 ms clock, 0.31+0.032/1.5/3.8+0.078 ms cpu, 4->4->2 MB, 5 MB goal, 0 MB stacks, 0 MB globals, 8 P
gc 1486 @111.631s 0%: 0.045+0.83+0.005 ms clock, 0.36+0.034/1.5/3.3+0.047 ms cpu, 4->4->2 MB, 5 MB goal, 0 MB stacks, 0 MB globals, 8 P
gc 1487 @111.709s 0%: 0.044+0.78+0.019 ms clock, 0.35+0.033/1.3/3.2+0.15 ms cpu, 4->4->2 MB, 5 MB goal, 0 MB stacks, 0 MB globals, 8 P
gc 1488 @111.776s 0%: 0.10+0.92+0.004 ms clock, 0.80+1.1/1.6/0.96+0.036 ms cpu, 4->4->2 MB, 5 MB goal, 0 MB stacks, 0 MB globals, 8 P
gc 1489 @111.864s 0%: 0.038+0.74+0.003 ms clock, 0.30+0.033/1.2/2.7+0.025 ms cpu, 4->4->2 MB, 5 MB goal, 0 MB stacks, 0 MB globals, 8 P
gc 1490 @111.943s 0%: 0.041+0.80+0.030 ms clock, 0.33+0.034/1.2/3.0+0.24 ms cpu, 4->4->2 MB, 5 MB goal, 0 MB stacks, 0 MB globals, 8 P
gc 1491 @112.027s 0%: 0.054+0.93+0.053 ms clock, 0.43+0.038/1.5/2.8+0.42 ms cpu, 4->4->2 MB, 5 MB goal, 0 MB stacks, 0 MB globals, 8 P
gc 1492 @112.110s 0%: 0.042+0.80+0.051 ms clock, 0.34+0.037/1.2/2.7+0.40 ms cpu, 4->4->2 MB, 5 MB goal, 0 MB stacks, 0 MB globals, 8 P
gc 1493 @112.183s 0%: 0.057+1.1+0.004 ms clock, 0.46+0.059/1.9/4.4+0.034 ms cpu, 4->4->2 MB, 5 MB goal, 0 MB stacks, 0 MB globals, 8 P
gc 1494 @112.272s 0%: 0.065+1.8+0.010 ms clock, 0.52+0.086/1.8/0.049+0.087 ms cpu, 4->4->2 MB, 5 MB goal, 0 MB stacks, 0 MB globals, 8 P
gc 1495 @112.343s 0%: 0.044+1.0+0.013 ms clock, 0.35+0.045/1.5/2.5+0.11 ms cpu, 4->4->2 MB, 5 MB goal, 0 MB stacks, 0 MB globals, 8 P
gc 1496 @112.429s 0%: 0.040+0.81+0.038 ms clock, 0.32+0.035/1.3/2.9+0.30 ms cpu, 4->4->2 MB, 5 MB goal, 0 MB stacks, 0 MB globals, 8 P
gc 1497 @112.506s 0%: 0.044+0.83+0.003 ms clock, 0.35+0.035/1.5/2.9+0.031 ms cpu, 4->4->2 MB, 5 MB goal, 0 MB stacks, 0 MB globals, 8 P
gc 1498 @112.595s 0%: 0.040+1.1+0.003 ms clock, 0.32+0.034/2.0/4.7+0.025 ms cpu, 4->4->2 MB, 5 MB goal, 0 MB stacks, 0 MB globals, 8 P
gc 1499 @112.673s 0%: 0.083+0.80+0.026 ms clock, 0.66+0.042/1.2/3.0+0.21 ms cpu, 4->4->2 MB, 5 MB goal, 0 MB stacks, 0 MB globals, 8 P
gc 1500 @112.750s 0%: 0.036+0.77+0.020 ms clock, 0.28+0.034/1.3/3.0+0.16 ms cpu, 4->4->2 MB, 5 MB goal, 0 MB stacks, 0 MB globals, 8 P
gc 1501 @112.796s 0%: 0.046+0.94+0.003 ms clock, 0.36+0.035/1.7/3.9+0.030 ms cpu, 4->4->2 MB, 5 MB goal, 0 MB stacks, 0 MB globals, 8 P
gc 1502 @112.874s 0%: 0.045+1.0+0.003 ms clock, 0.36+0.032/1.8/4.1+0.027 ms cpu, 4->4->2 MB, 5 MB goal, 0 MB stacks, 0 MB globals, 8 P
gc 1503 @112.956s 0%: 0.040+0.94+0.006 ms clock, 0.32+0.037/1.6/3.7+0.054 ms cpu, 4->4->2 MB, 5 MB goal, 0 MB stacks, 0 MB globals, 8 P
gc 1504 @113.048s 0%: 0.038+1.0+0.013 ms clock, 0.30+0.033/1.9/4.4+0.10 ms cpu, 4->4->2 MB, 5 MB goal, 0 MB stacks, 0 MB globals, 8 P
gc 1505 @113.133s 0%: 0.042+0.93+0.004 ms clock, 0.33+0.033/1.6/3.6+0.038 ms cpu, 4->4->2 MB, 5 MB goal, 0 MB stacks, 0 MB globals, 8 P
gc 1506 @113.217s 0%: 0.036+1.0+0.004 ms clock, 0.28+0.033/1.7/4.0+0.033 ms cpu, 4->4->2 MB, 5 MB goal, 0 MB stacks, 0 MB globals, 8 P
gc 1507 @113.300s 0%: 0.13+1.5+0.004 ms clock, 1.1+0.078/2.2/4.2+0.035 ms cpu, 4->5->2 MB, 5 MB goal, 0 MB stacks, 0 MB globals, 8 P
gc 1508 @113.384s 0%: 0.037+0.79+0.008 ms clock, 0.29+0.034/1.3/3.1+0.071 ms cpu, 4->4->2 MB, 5 MB goal, 0 MB stacks, 0 MB globals, 8 P
gc 1509 @113.459s 0%: 0.044+0.73+0.003 ms clock, 0.35+0.034/1.2/2.6+0.031 ms cpu, 4->4->2 MB, 5 MB goal, 0 MB stacks, 0 MB globals, 8 P
gc 1510 @113.542s 0%: 0.041+0.92+0.017 ms clock, 0.33+0.033/1.5/3.8+0.14 ms cpu, 4->4->2 MB, 5 MB goal, 0 MB stacks, 0 MB globals, 8 P
gc 1511 @113.619s 0%: 0.045+0.86+0.026 ms clock, 0.36+0.033/1.3/3.0+0.20 ms cpu, 4->4->2 MB, 5 MB goal, 0 MB stacks, 0 MB globals, 8 P
gc 1512 @113.702s 0%: 0.042+0.59+0.013 ms clock, 0.33+0.034/0.99/2.3+0.10 ms cpu, 4->4->1 MB, 5 MB goal, 0 MB stacks, 0 MB globals, 8 P
gc 1513 @113.772s 0%: 0.039+0.81+0.003 ms clock, 0.31+0.034/1.3/2.6+0.027 ms cpu, 4->4->2 MB, 4 MB goal, 0 MB stacks, 0 MB globals, 8 P
gc 1514 @113.820s 0%: 0.035+1.1+0.004 ms clock, 0.28+0.034/1.9/4.6+0.037 ms cpu, 4->4->2 MB, 5 MB goal, 0 MB stacks, 0 MB globals, 8 P
gc 1515 @113.905s 0%: 0.049+0.91+0.032 ms clock, 0.39+0.040/1.5/3.0+0.26 ms cpu, 4->4->2 MB, 5 MB goal, 0 MB stacks, 0 MB globals, 8 P
gc 1516 @113.983s 0%: 0.039+0.73+0.003 ms clock, 0.31+0.033/1.2/2.8+0.031 ms cpu, 4->4->2 MB, 5 MB goal, 0 MB stacks, 0 MB globals, 8 P
gc 1517 @114.058s 0%: 0.042+0.63+0.011 ms clock, 0.33+0.033/1.0/2.1+0.088 ms cpu, 4->4->2 MB, 5 MB goal, 0 MB stacks, 0 MB globals, 8 P
gc 1518 @114.121s 0%: 0.038+1.0+0.029 ms clock, 0.30+0.035/1.8/4.1+0.23 ms cpu, 4->4->2 MB, 5 MB goal, 0 MB stacks, 0 MB globals, 8 P
gc 1519 @114.206s 0%: 0.046+0.83+0.025 ms clock, 0.37+0.033/1.3/3.1+0.20 ms cpu, 4->5->2 MB, 5 MB goal, 0 MB stacks, 0 MB globals, 8 P
gc 1520 @114.289s 0%: 0.036+0.86+0.012 ms clock, 0.29+0.033/1.4/2.7+0.10 ms cpu, 4->4->2 MB, 5 MB goal, 0 MB stacks, 0 MB globals, 8 P
gc 1521 @114.368s 0%: 0.042+1.0+0.009 ms clock, 0.33+0.033/1.7/3.9+0.077 ms cpu, 4->4->2 MB, 5 MB goal, 0 MB stacks, 0 MB globals, 8 P
gc 1522 @114.438s 0%: 0.062+0.83+0.014 ms clock, 0.49+0.039/1.3/3.3+0.11 ms cpu, 4->4->2 MB, 5 MB goal, 0 MB stacks, 0 MB globals, 8 P
gc 1523 @114.523s 0%: 0.042+0.70+0.004 ms clock, 0.34+0.036/1.1/2.3+0.032 ms cpu, 4->4->2 MB, 5 MB goal, 0 MB stacks, 0 MB globals, 8 P
gc 1524 @114.603s 0%: 0.069+1.0+0.004 ms clock, 0.55+0.080/1.7/2.4+0.038 ms cpu, 4->4->2 MB, 5 MB goal, 0 MB stacks, 0 MB globals, 8 P
gc 1525 @114.683s 0%: 0.041+0.87+0.023 ms clock, 0.33+0.035/1.5/3.0+0.19 ms cpu, 4->4->2 MB, 5 MB goal, 0 MB stacks, 0 MB globals, 8 P
gc 1526 @114.760s 0%: 0.038+1.0+0.022 ms clock, 0.30+0.033/1.7/4.5+0.17 ms cpu, 4->4->2 MB, 5 MB goal, 0 MB stacks, 0 MB globals, 8 P
gc 1527 @114.807s 0%: 0.045+0.79+0.011 ms clock, 0.36+0.030/1.3/2.8+0.088 ms cpu, 4->4->2 MB, 5 MB goal, 0 MB stacks, 0 MB globals, 8 P
gc 1528 @114.891s 0%: 0.034+0.69+0.003 ms clock, 0.27+0.036/1.2/2.6+0.025 ms cpu, 4->4->2 MB, 5 MB goal, 0 MB stacks, 0 MB globals, 8 P
gc 1529 @114.974s 0%: 0.040+0.95+0.032 ms clock, 0.32+0.032/1.5/3.7+0.25 ms cpu, 4->4->2 MB, 5 MB goal, 0 MB stacks, 0 MB globals, 8 P
gc 1530 @115.032s 0%: 0.035+0.75+0.006 ms clock, 0.28+0.033/1.3/2.9+0.053 ms cpu, 4->4->2 MB, 5 MB goal, 0 MB stacks, 0 MB globals, 8 P
gc 1531 @115.109s 0%: 0.036+1.0+0.003 ms clock, 0.29+0.033/2.0/4.5+0.028 ms cpu, 4->4->2 MB, 5 MB goal, 0 MB stacks, 0 MB globals, 8 P
gc 1532 @115.197s 0%: 0.040+0.78+0.029 ms clock, 0.32+0.050/1.3/2.6+0.23 ms cpu, 4->4->2 MB, 5 MB goal, 0 MB stacks, 0 MB globals, 8 P
gc 1533 @115.275s 0%: 0.042+0.98+0.027 ms clock, 0.33+0.033/1.6/4.2+0.21 ms cpu, 4->4->2 MB, 5 MB goal, 0 MB stacks, 0 MB globals, 8 P
gc 1534 @115.361s 0%: 0.041+1.0+0.004 ms clock, 0.33+0.033/1.9/4.1+0.038 ms cpu, 4->4->2 MB, 5 MB goal, 0 MB stacks, 0 MB globals, 8 P
gc 1535 @115.441s 0%: 0.050+1.0+0.009 ms clock, 0.40+0.032/1.9/4.5+0.077 ms cpu, 4->4->2 MB, 5 MB goal, 0 MB stacks, 0 MB globals, 8 P
gc 1536 @115.522s 0%: 0.039+0.73+0.023 ms clock, 0.31+0.039/1.2/2.6+0.18 ms cpu, 4->4->2 MB, 5 MB goal, 0 MB stacks, 0 MB globals, 8 P
gc 1537 @115.605s 0%: 0.044+0.70+0.003 ms clock, 0.35+0.034/1.1/2.4+0.030 ms cpu, 4->4->2 MB, 5 MB goal, 0 MB stacks, 0 MB globals, 8 P
gc 1538 @115.679s 0%: 0.044+1.0+0.003 ms clock, 0.35+0.033/1.8/4.3+0.030 ms cpu, 4->4->2 MB, 5 MB goal, 0 MB stacks, 0 MB globals, 8 P
gc 1539 @115.752s 0%: 0.13+1.1+0.037 ms clock, 1.0+2.3/1.8/0.002+0.29 ms cpu, 4->5->2 MB, 5 MB goal, 0 MB stacks, 0 MB globals, 8 P
gc 1540 @115.805s 0%: 0.048+0.87+0.013 ms clock, 0.38+0.61/1.5/2.9+0.10 ms cpu, 4->4->2 MB, 5 MB goal, 0 MB stacks, 0 MB globals, 8 P
gc 1541 @115.878s 0%: 0.048+0.85+0.018 ms clock, 0.38+0.036/1.4/2.0+0.14 ms cpu, 4->4->2 MB, 5 MB goal, 0 MB stacks, 0 MB globals, 8 P
gc 1542 @115.958s 0%: 0.051+1.1+0.058 ms clock, 0.41+0.036/1.8/3.9+0.47 ms cpu, 4->4->2 MB, 5 MB goal, 0 MB stacks, 0 MB globals, 8 P
gc 1543 @116.035s 0%: 0.059+0.74+0.017 ms clock, 0.47+0.044/1.2/2.1+0.14 ms cpu, 4->4->2 MB, 5 MB goal, 0 MB stacks, 0 MB globals, 8 P
gc 1544 @116.117s 0%: 0.12+0.80+0.029 ms clock, 1.0+0.038/1.2/0.79+0.23 ms cpu, 4->4->2 MB, 5 MB goal, 0 MB stacks, 0 MB globals, 8 P
gc 1545 @116.189s 0%: 0.051+0.76+0.006 ms clock, 0.40+0.038/1.3/2.5+0.053 ms cpu, 4->4->2 MB, 5 MB goal, 0 MB stacks, 0 MB globals, 8 P
gc 1546 @116.273s 0%: 0.037+0.96+0.020 ms clock, 0.30+0.038/1.4/3.0+0.16 ms cpu, 4->5->2 MB, 5 MB goal, 0 MB stacks, 0 MB globals, 8 P
gc 1547 @116.363s 0%: 0.031+1.2+0.005 ms clock, 0.25+0.034/2.2/4.3+0.044 ms cpu, 4->4->2 MB, 5 MB goal, 0 MB stacks, 0 MB globals, 8 P
gc 1548 @116.438s 0%: 0.029+2.3+0.008 ms clock, 0.23+0.034/2.9/4.8+0.069 ms cpu, 4->4->2 MB, 5 MB goal, 0 MB stacks, 0 MB globals, 8 P
gc 1549 @116.498s 0%: 0.040+0.84+0.009 ms clock, 0.32+0.034/1.4/2.9+0.078 ms cpu, 4->4->2 MB, 5 MB goal, 0 MB stacks, 0 MB globals, 8 P
gc 1550 @116.587s 0%: 0.041+1.1+0.004 ms clock, 0.33+0.033/2.0/4.7+0.032 ms cpu, 4->4->2 MB, 5 MB goal, 0 MB stacks, 0 MB globals, 8 P
gc 1551 @116.669s 0%: 0.063+0.99+0.053 ms clock, 0.50+0.039/1.5/3.3+0.42 ms cpu, 4->4->2 MB, 5 MB goal, 0 MB stacks, 0 MB globals, 8 P
gc 1552 @116.744s 0%: 0.051+0.68+0.021 ms clock, 0.41+0.039/1.1/2.1+0.17 ms cpu, 4->4->2 MB, 5 MB goal, 0 MB stacks, 0 MB globals, 8 P
gc 1553 @116.797s 0%: 0.14+0.65+0.003 ms clock, 1.1+0.030/1.2/1.4+0.028 ms cpu, 4->4->2 MB, 5 MB goal, 0 MB stacks, 0 MB globals, 8 P
gc 1554 @116.879s 0%: 0.028+1.4+0.17 ms clock, 0.23+0.048/2.5/3.7+1.3 ms cpu, 4->4->2 MB, 5 MB goal, 0 MB stacks, 0 MB globals, 8 P
gc 1555 @117.004s 0%: 0.039+0.89+0.008 ms clock, 0.31+0.034/1.6/3.6+0.069 ms cpu, 4->4->2 MB, 5 MB goal, 0 MB stacks, 0 MB globals, 8 P
gc 1556 @117.083s 0%: 0.063+1.0+0.005 ms clock, 0.51+0.043/1.7/1.6+0.046 ms cpu, 4->4->2 MB, 5 MB goal, 0 MB stacks, 0 MB globals, 8 P
gc 1557 @117.182s 0%: 0.038+1.2+0.065 ms clock, 0.30+0.036/2.0/4.7+0.52 ms cpu, 4->5->2 MB, 5 MB goal, 0 MB stacks, 0 MB globals, 8 P
gc 1558 @117.265s 0%: 0.042+0.78+0.026 ms clock, 0.34+0.036/1.3/3.0+0.21 ms cpu, 4->4->2 MB, 5 MB goal, 0 MB stacks, 0 MB globals, 8 P
gc 1559 @117.351s 0%: 0.044+1.0+0.019 ms clock, 0.35+0.11/1.7/3.8+0.15 ms cpu, 4->4->2 MB, 5 MB goal, 0 MB stacks, 0 MB globals, 8 P
gc 1560 @117.437s 0%: 0.040+1.0+0.003 ms clock, 0.32+0.034/2.0/4.3+0.026 ms cpu, 4->4->2 MB, 5 MB goal, 0 MB stacks, 0 MB globals, 8 P
gc 1561 @117.512s 0%: 0.039+0.74+0.022 ms clock, 0.31+0.034/1.3/2.9+0.18 ms cpu, 4->4->2 MB, 5 MB goal, 0 MB stacks, 0 MB globals, 8 P
gc 1562 @117.600s 0%: 0.039+0.79+0.027 ms clock, 0.31+0.049/1.3/3.1+0.22 ms cpu, 4->4->2 MB, 5 MB goal, 0 MB stacks, 0 MB globals, 8 P
gc 1563 @117.680s 0%: 0.039+0.80+0.016 ms clock, 0.31+0.032/1.3/3.1+0.13 ms cpu, 4->4->2 MB, 5 MB goal, 0 MB stacks, 0 MB globals, 8 P
gc 1564 @117.770s 0%: 0.042+0.72+0.005 ms clock, 0.34+0.034/1.2/2.4+0.041 ms cpu, 4->4->2 MB, 5 MB goal, 0 MB stacks, 0 MB globals, 8 P
gc 1565 @117.803s 0%: 0.044+0.66+0.040 ms clock, 0.35+0.033/1.1/2.6+0.32 ms cpu, 4->4->2 MB, 5 MB goal, 0 MB stacks, 0 MB globals, 8 P
gc 1566 @117.890s 0%: 0.10+2.5+0.004 ms clock, 0.84+0.075/4.5/5.8+0.033 ms cpu, 4->4->2 MB, 5 MB goal, 0 MB stacks, 0 MB globals, 8 P
gc 1567 @117.972s 0%: 0.060+0.97+0.007 ms clock, 0.48+0.089/1.4/2.6+0.056 ms cpu, 4->4->2 MB, 5 MB goal, 0 MB stacks, 0 MB globals, 8 P
gc 1568 @118.033s 0%: 0.038+0.97+0.039 ms clock, 0.30+0.037/1.6/4.2+0.31 ms cpu, 4->4->2 MB, 5 MB goal, 0 MB stacks, 0 MB globals, 8 P
gc 1569 @118.108s 0%: 0.043+0.79+0.023 ms clock, 0.35+0.040/1.3/3.0+0.18 ms cpu, 4->4->2 MB, 5 MB goal, 0 MB stacks, 0 MB globals, 8 P
gc 1570 @118.201s 0%: 0.039+0.73+0.004 ms clock, 0.31+0.034/1.4/3.0+0.033 ms cpu, 4->4->2 MB, 5 MB goal, 0 MB stacks, 0 MB globals, 8 P
gc 1571 @118.286s 0%: 0.056+0.71+0.013 ms clock, 0.45+0.037/1.1/2.2+0.10 ms cpu, 4->4->2 MB, 5 MB goal, 0 MB stacks, 0 MB globals, 8 P
gc 1572 @118.370s 0%: 0.072+0.95+0.019 ms clock, 0.57+0.041/1.5/2.8+0.15 ms cpu, 4->4->2 MB, 4 MB goal, 0 MB stacks, 0 MB globals, 8 P
gc 1573 @118.440s 0%: 0.042+0.77+0.014 ms clock, 0.34+0.090/1.2/2.6+0.11 ms cpu, 4->4->2 MB, 5 MB goal, 0 MB stacks, 0 MB globals, 8 P
gc 1574 @118.513s 0%: 0.041+0.88+0.004 ms clock, 0.33+0.035/1.4/3.4+0.037 ms cpu, 4->4->2 MB, 5 MB goal, 0 MB stacks, 0 MB globals, 8 P
gc 1575 @118.585s 0%: 0.037+0.72+0.004 ms clock, 0.30+0.033/1.1/2.4+0.034 ms cpu, 4->4->2 MB, 5 MB goal, 0 MB stacks, 0 MB globals, 8 P
gc 1576 @118.673s 0%: 0.049+1.0+0.012 ms clock, 0.39+0.035/1.8/4.2+0.10 ms cpu, 4->4->1 MB, 5 MB goal, 0 MB stacks, 0 MB globals, 8 P
gc 1577 @118.751s 0%: 0.041+0.94+0.003 ms clock, 0.33+0.033/1.7/3.8+0.026 ms cpu, 4->4->2 MB, 4 MB goal, 0 MB stacks, 0 MB globals, 8 P
gc 1578 @118.804s 0%: 0.10+0.79+0.038 ms clock, 0.85+0.092/1.4/1.5+0.31 ms cpu, 4->4->2 MB, 5 MB goal, 0 MB stacks, 0 MB globals, 8 P
gc 1579 @118.881s 0%: 0.039+0.99+0.017 ms clock, 0.31+0.034/1.8/4.1+0.14 ms cpu, 4->4->2 MB, 5 MB goal, 0 MB stacks, 0 MB globals, 8 P
gc 1580 @118.958s 0%: 0.044+0.80+0.021 ms clock, 0.35+0.033/1.3/2.7+0.17 ms cpu, 4->4->2 MB, 5 MB goal, 0 MB stacks, 0 MB globals, 8 P
gc 1581 @119.033s 0%: 0.039+4.4+0.012 ms clock, 0.31+0.032/1.8/4.6+0.096 ms cpu, 4->4->2 MB, 4 MB goal, 0 MB stacks, 0 MB globals, 8 P
gc 1582 @119.107s 0%: 0.037+0.75+0.003 ms clock, 0.30+0.034/1.3/3.0+0.030 ms cpu, 4->4->2 MB, 5 MB goal, 0 MB stacks, 0 MB globals, 8 P
gc 1583 @119.181s 0%: 0.037+0.90+0.003 ms clock, 0.30+0.043/1.6/3.7+0.030 ms cpu, 4->4->2 MB, 4 MB goal, 0 MB stacks, 0 MB globals, 8 P
gc 1584 @119.259s 0%: 0.043+0.90+0.003 ms clock, 0.34+0.033/1.6/3.8+0.027 ms cpu, 4->4->2 MB, 5 MB goal, 0 MB stacks, 0 MB globals, 8 P
gc 1585 @119.331s 0%: 0.046+0.81+0.016 ms clock, 0.37+0.32/1.3/2.6+0.13 ms cpu, 4->4->1 MB, 5 MB goal, 0 MB stacks, 0 MB globals, 8 P
gc 1586 @119.404s 0%: 0.044+0.87+0.003 ms clock, 0.35+0.040/1.5/2.9+0.030 ms cpu, 4->4->1 MB, 4 MB goal, 0 MB stacks, 0 MB globals, 8 P
gc 1587 @119.478s 0%: 0.062+0.71+0.003 ms clock, 0.49+0.035/1.2/2.5+0.026 ms cpu, 4->4->2 MB, 4 MB goal, 0 MB stacks, 0 MB globals, 8 P
gc 1588 @119.556s 0%: 0.039+1.0+0.021 ms clock, 0.31+0.034/1.8/4.0+0.16 ms cpu, 4->4->2 MB, 4 MB goal, 0 MB stacks, 0 MB globals, 8 P
gc 1589 @119.634s 0%: 0.041+1.0+0.008 ms clock, 0.32+0.036/1.7/4.4+0.065 ms cpu, 4->4->2 MB, 5 MB goal, 0 MB stacks, 0 MB globals, 8 P
gc 1590 @119.718s 0%: 0.038+0.62+0.003 ms clock, 0.31+0.033/1.1/2.3+0.024 ms cpu, 4->4->2 MB, 5 MB goal, 0 MB stacks, 0 MB globals, 8 P
gc 1591 @119.773s 0%: 0.038+1.0+0.004 ms clock, 0.30+0.033/2.0/4.6+0.034 ms cpu, 4->4->2 MB, 4 MB goal, 0 MB stacks, 0 MB globals, 8 P
gc 1592 @119.807s 0%: 0.086+0.77+0.003 ms clock, 0.69+0.082/1.3/2.1+0.025 ms cpu, 4->4->2 MB, 4 MB goal, 0 MB stacks, 0 MB globals, 8 P
gc 1593 @119.893s 0%: 0.036+0.82+0.003 ms clock, 0.28+0.033/1.5/3.6+0.030 ms cpu, 4->4->2 MB, 5 MB goal, 0 MB stacks, 0 MB globals, 8 P
gc 1594 @119.970s 0%: 0.039+1.1+0.030 ms clock, 0.31+0.037/2.0/4.6+0.24 ms cpu, 4->4->1 MB, 4 MB goal, 0 MB stacks, 0 MB globals, 8 P
gc 1595 @120.025s 0%: 0.038+0.79+0.010 ms clock, 0.30+0.029/1.3/3.1+0.083 ms cpu, 4->4->2 MB, 4 MB goal, 0 MB stacks, 0 MB globals, 8 P
gc 1596 @120.099s 0%: 0.036+0.81+0.015 ms clock, 0.29+0.034/1.3/3.2+0.12 ms cpu, 4->4->2 MB, 5 MB goal, 0 MB stacks, 0 MB globals, 8 P
gc 1597 @120.174s 0%: 0.045+0.81+0.041 ms clock, 0.36+0.037/1.3/3.1+0.32 ms cpu, 4->4->2 MB, 4 MB goal, 0 MB stacks, 0 MB globals, 8 P
gc 1598 @120.247s 0%: 0.039+3.2+0.10 ms clock, 0.31+0.049/1.0/0+0.87 ms cpu, 4->4->2 MB, 4 MB goal, 0 MB stacks, 0 MB globals, 8 P
gc 1599 @120.317s 0%: 0.050+0.85+0.041 ms clock, 0.40+0.034/1.3/2.8+0.33 ms cpu, 4->4->2 MB, 4 MB goal, 0 MB stacks, 0 MB globals, 8 P
gc 1600 @120.394s 0%: 0.036+0.74+0.028 ms clock, 0.28+0.039/1.3/2.9+0.22 ms cpu, 4->4->2 MB, 4 MB goal, 0 MB stacks, 0 MB globals, 8 P
gc 1601 @120.468s 0%: 0.043+0.96+0.006 ms clock, 0.34+0.033/1.7/3.9+0.048 ms cpu, 4->4->2 MB, 4 MB goal, 0 MB stacks, 0 MB globals, 8 P
gc 1602 @120.545s 0%: 0.037+1.0+0.003 ms clock, 0.30+0.035/1.9/4.5+0.030 ms cpu, 4->4->1 MB, 4 MB goal, 0 MB stacks, 0 MB globals, 8 P
gc 1603 @120.611s 0%: 0.041+1.0+0.003 ms clock, 0.33+0.053/1.9/4.8+0.026 ms cpu, 3->4->2 MB, 4 MB goal, 0 MB stacks, 0 MB globals, 8 P
gc 1604 @120.697s 0%: 0.040+1.0+0.019 ms clock, 0.32+0.035/1.8/4.4+0.15 ms cpu, 4->4->2 MB, 4 MB goal, 0 MB stacks, 0 MB globals, 8 P
gc 1605 @120.777s 0%: 0.042+0.76+0.003 ms clock, 0.34+0.035/1.3/3.1+0.024 ms cpu, 4->4->1 MB, 4 MB goal, 0 MB stacks, 0 MB globals, 8 P
gc 1606 @120.817s 0%: 0.058+0.75+0.007 ms clock, 0.47+0.042/1.2/2.3+0.060 ms cpu, 4->4->2 MB, 4 MB goal, 0 MB stacks, 0 MB globals, 8 P
gc 1607 @120.897s 0%: 0.040+0.69+0.003 ms clock, 0.32+0.034/1.3/2.8+0.030 ms cpu, 4->4->2 MB, 5 MB goal, 0 MB stacks, 0 MB globals, 8 P
gc 1608 @120.975s 0%: 0.046+0.73+0.003 ms clock, 0.36+0.035/1.2/2.1+0.027 ms cpu, 4->4->1 MB, 5 MB goal, 0 MB stacks, 0 MB globals, 8 P
gc 1609 @121.046s 0%: 0.077+0.80+0.025 ms clock, 0.61+0.035/1.4/3.0+0.20 ms cpu, 4->4->1 MB, 4 MB goal, 0 MB stacks, 0 MB globals, 8 P
gc 1610 @121.108s 0%: 0.037+0.88+0.018 ms clock, 0.29+0.033/1.5/3.6+0.15 ms cpu, 4->4->1 MB, 4 MB goal, 0 MB stacks, 0 MB globals, 8 P
gc 1611 @121.176s 0%: 0.041+0.87+0.035 ms clock, 0.33+0.037/1.4/3.5+0.28 ms cpu, 4->4->2 MB, 4 MB goal, 0 MB stacks, 0 MB globals, 8 P
gc 1612 @121.252s 0%: 0.029+1.6+0.004 ms clock, 0.23+0.034/2.7/4.6+0.032 ms cpu, 4->4->2 MB, 5 MB goal, 0 MB stacks, 0 MB globals, 8 P
gc 1613 @121.307s 0%: 0.045+1.4+0.032 ms clock, 0.36+0.076/2.3/2.4+0.25 ms cpu, 4->4->2 MB, 5 MB goal, 0 MB stacks, 0 MB globals, 8 P
gc 1614 @121.364s 0%: 0.041+1.1+0.003 ms clock, 0.33+0.035/2.2/4.1+0.030 ms cpu, 4->4->2 MB, 5 MB goal, 0 MB stacks, 0 MB globals, 8 P
gc 1615 @121.444s 0%: 0.039+0.83+0.019 ms clock, 0.31+0.035/1.3/3.2+0.15 ms cpu, 4->4->2 MB, 5 MB goal, 0 MB stacks, 0 MB globals, 8 P
gc 1616 @121.528s 0%: 0.043+1.0+0.029 ms clock, 0.34+0.037/1.7/3.7+0.23 ms cpu, 4->4->2 MB, 5 MB goal, 0 MB stacks, 0 MB globals, 8 P
gc 1617 @121.601s 0%: 0.044+0.75+0.011 ms clock, 0.35+0.033/1.1/2.2+0.094 ms cpu, 4->4->2 MB, 5 MB goal, 0 MB stacks, 0 MB globals, 8 P
gc 1618 @121.685s 0%: 0.045+0.84+0.035 ms clock, 0.36+0.035/1.4/3.2+0.28 ms cpu, 4->4->1 MB, 5 MB goal, 0 MB stacks, 0 MB globals, 8 P
gc 1619 @121.750s 0%: 0.049+0.76+0.003 ms clock, 0.39+0.062/1.3/2.6+0.029 ms cpu, 4->4->1 MB, 4 MB goal, 0 MB stacks, 0 MB globals, 8 P
gc 1620 @121.797s 0%: 0.048+0.90+0.024 ms clock, 0.38+0.44/1.5/1.6+0.19 ms cpu, 4->4->2 MB, 4 MB goal, 0 MB stacks, 0 MB globals, 8 P
gc 1621 @121.849s 0%: 0.17+1.3+0.004 ms clock, 1.4+0.037/2.4/3.3+0.035 ms cpu, 4->4->2 MB, 5 MB goal, 0 MB stacks, 0 MB globals, 8 P
gc 1622 @121.917s 0%: 0.065+1.2+0.028 ms clock, 0.52+0.042/1.8/3.0+0.23 ms cpu, 4->4->2 MB, 5 MB goal, 0 MB stacks, 0 MB globals, 8 P
gc 1623 @121.991s 0%: 0.031+0.81+0.016 ms clock, 0.24+0.035/1.4/3.2+0.13 ms cpu, 4->4->2 MB, 5 MB goal, 0 MB stacks, 0 MB globals, 8 P
gc 1624 @122.070s 0%: 0.11+18+0.019 ms clock, 0.90+0.088/14/22+0.15 ms cpu, 4->4->1 MB, 5 MB goal, 0 MB stacks, 0 MB globals, 8 P
gc 1625 @122.156s 0%: 0.043+0.92+0.016 ms clock, 0.34+0.070/1.4/1.4+0.13 ms cpu, 4->4->2 MB, 4 MB goal, 0 MB stacks, 0 MB globals, 8 P
gc 1626 @122.214s 0%: 0.072+1.0+0.003 ms clock, 0.58+0.040/1.7/3.9+0.026 ms cpu, 4->4->2 MB, 5 MB goal, 0 MB stacks, 0 MB globals, 8 P
gc 1627 @122.280s 0%: 0.040+1.1+0.006 ms clock, 0.32+0.047/1.9/3.5+0.055 ms cpu, 4->4->2 MB, 5 MB goal, 0 MB stacks, 0 MB globals, 8 P
gc 1628 @122.338s 0%: 0.25+4.0+0.070 ms clock, 2.0+0.27/2.8/0+0.56 ms cpu, 4->4->2 MB, 4 MB goal, 0 MB stacks, 0 MB globals, 8 P
gc 1629 @122.438s 0%: 0.13+1.0+0.028 ms clock, 1.0+0.073/1.8/3.3+0.23 ms cpu, 4->5->2 MB, 5 MB goal, 0 MB stacks, 0 MB globals, 8 P
gc 1630 @122.535s 0%: 0.043+1.1+0.023 ms clock, 0.34+0.035/1.7/4.1+0.19 ms cpu, 4->4->2 MB, 5 MB goal, 0 MB stacks, 0 MB globals, 8 P
gc 1631 @122.654s 0%: 0.050+0.89+0.004 ms clock, 0.40+0.053/1.5/2.9+0.037 ms cpu, 4->5->2 MB, 5 MB goal, 0 MB stacks, 0 MB globals, 8 P
gc 1632 @122.754s 0%: 0.041+0.94+0.016 ms clock, 0.33+0/1.6/3.7+0.13 ms cpu, 4->4->2 MB, 5 MB goal, 0 MB stacks, 0 MB globals, 8 P
gc 1633 @122.823s 0%: 0.59+3.8+0.26 ms clock, 4.7+2.6/4.5/0.34+2.0 ms cpu, 4->4->2 MB, 5 MB goal, 0 MB stacks, 0 MB globals, 8 P
gc 1634 @122.928s 0%: 0.039+1.0+0.036 ms clock, 0.31+0.076/1.8/3.9+0.28 ms cpu, 4->5->2 MB, 5 MB goal, 0 MB stacks, 0 MB globals, 8 P
gc 1635 @123.023s 0%: 0.044+0.90+0.003 ms clock, 0.35+0.034/1.4/2.7+0.030 ms cpu, 4->5->2 MB, 5 MB goal, 0 MB stacks, 0 MB globals, 8 P
gc 1636 @123.099s 0%: 0.037+0.69+0.032 ms clock, 0.30+0.053/1.2/3.1+0.25 ms cpu, 4->4->2 MB, 5 MB goal, 0 MB stacks, 0 MB globals, 8 P
gc 1637 @123.181s 0%: 0.044+0.82+0.006 ms clock, 0.35+0.10/1.4/2.4+0.048 ms cpu, 4->4->2 MB, 5 MB goal, 0 MB stacks, 0 MB globals, 8 P
gc 1638 @123.270s 0%: 0.042+0.79+0.033 ms clock, 0.34+0.071/1.3/2.8+0.26 ms cpu, 4->4->2 MB, 5 MB goal, 0 MB stacks, 0 MB globals, 8 P
gc 1639 @123.350s 0%: 0.057+1.1+0.053 ms clock, 0.46+0.036/1.8/2.8+0.42 ms cpu, 4->5->2 MB, 5 MB goal, 0 MB stacks, 0 MB globals, 8 P
gc 1640 @123.438s 0%: 0.045+0.80+0.017 ms clock, 0.36+0.036/1.3/0.97+0.13 ms cpu, 4->4->2 MB, 5 MB goal, 0 MB stacks, 0 MB globals, 8 P
gc 1641 @123.522s 0%: 0.038+0.84+0.017 ms clock, 0.30+0.064/1.5/3.7+0.14 ms cpu, 4->4->2 MB, 5 MB goal, 0 MB stacks, 0 MB globals, 8 P
gc 1642 @123.602s 0%: 0.037+1.0+0.034 ms clock, 0.30+0.033/1.3/2.6+0.27 ms cpu, 4->4->2 MB, 5 MB goal, 0 MB stacks, 0 MB globals, 8 P
gc 1643 @123.683s 0%: 0.098+1.8+0.067 ms clock, 0.78+0.24/3.4/7.0+0.53 ms cpu, 4->4->2 MB, 5 MB goal, 0 MB stacks, 0 MB globals, 8 P
gc 1644 @123.743s 0%: 0.045+1.0+0.003 ms clock, 0.36+0.034/2.0/4.6+0.027 ms cpu, 4->4->2 MB, 5 MB goal, 0 MB stacks, 0 MB globals, 8 P
gc 1645 @123.824s 0%: 0.12+0.76+0.004 ms clock, 0.97+0.97/1.3/0.37+0.032 ms cpu, 4->5->2 MB, 5 MB goal, 0 MB stacks, 0 MB globals, 8 P
gc 1646 @123.912s 0%: 0.029+1.2+0.077 ms clock, 0.23+0.22/1.9/2.0+0.62 ms cpu, 4->5->2 MB, 5 MB goal, 0 MB stacks, 0 MB globals, 8 P
gc 1647 @123.993s 0%: 0.046+0.85+0.021 ms clock, 0.36+0.036/1.3/3.1+0.17 ms cpu, 4->4->2 MB, 5 MB goal, 0 MB stacks, 0 MB globals, 8 P
gc 1648 @124.075s 0%: 0.042+1.0+0.043 ms clock, 0.34+0.033/1.7/4.2+0.34 ms cpu, 4->4->2 MB, 5 MB goal, 0 MB stacks, 0 MB globals, 8 P
gc 1649 @124.173s 0%: 0.045+1.1+0.036 ms clock, 0.36+0.034/2.0/5.1+0.29 ms cpu, 4->5->2 MB, 5 MB goal, 0 MB stacks, 0 MB globals, 8 P
gc 1650 @124.260s 0%: 0.037+0.72+0.003 ms clock, 0.29+0.032/1.3/3.0+0.031 ms cpu, 4->4->2 MB, 5 MB goal, 0 MB stacks, 0 MB globals, 8 P
gc 1651 @124.344s 0%: 0.042+0.84+0.004 ms clock, 0.33+0.040/1.5/3.2+0.032 ms cpu, 4->4->2 MB, 5 MB goal, 0 MB stacks, 0 MB globals, 8 P
gc 1652 @124.429s 0%: 0.074+0.80+0.003 ms clock, 0.59+0.037/1.4/3.6+0.031 ms cpu, 4->4->2 MB, 5 MB goal, 0 MB stacks, 0 MB globals, 8 P
gc 1653 @124.509s 0%: 0.088+1.2+0.005 ms clock, 0.70+0.036/1.8/1.7+0.047 ms cpu, 4->4->2 MB, 5 MB goal, 0 MB stacks, 0 MB globals, 8 P
gc 1654 @124.582s 0%: 0.039+0.99+0.004 ms clock, 0.31+0.041/1.5/3.7+0.037 ms cpu, 4->4->2 MB, 5 MB goal, 0 MB stacks, 0 MB globals, 8 P
gc 1655 @124.664s 0%: 0.037+0.78+0.009 ms clock, 0.30+0.036/1.1/2.1+0.074 ms cpu, 4->4->2 MB, 5 MB goal, 0 MB stacks, 0 MB globals, 8 P
gc 1656 @124.754s 0%: 0.042+0.95+0.040 ms clock, 0.33+0.035/1.4/2.9+0.32 ms cpu, 4->5->2 MB, 5 MB goal, 0 MB stacks, 0 MB globals, 8 P
gc 1657 @124.828s 0%: 0.18+0.82+0.025 ms clock, 1.4+2.2/1.4/0.24+0.20 ms cpu, 4->5->2 MB, 5 MB goal, 0 MB stacks, 0 MB globals, 8 P
gc 1658 @124.927s 0%: 0.043+0.84+0.027 ms clock, 0.34+0.055/1.3/2.9+0.21 ms cpu, 4->4->2 MB, 5 MB goal, 0 MB stacks, 0 MB globals, 8 P
gc 1659 @125.010s 0%: 0.098+0.96+0.033 ms clock, 0.78+1.5/1.7/1.7+0.27 ms cpu, 4->5->2 MB, 5 MB goal, 0 MB stacks, 0 MB globals, 8 P
gc 1660 @125.103s 0%: 0.051+1.2+0.026 ms clock, 0.40+0.037/2.2/5.3+0.21 ms cpu, 4->5->2 MB, 5 MB goal, 0 MB stacks, 0 MB globals, 8 P
gc 1661 @125.159s 0%: 0.032+0.98+0.005 ms clock, 0.26+0.22/1.3/2.6+0.045 ms cpu, 4->4->2 MB, 5 MB goal, 0 MB stacks, 0 MB globals, 8 P
gc 1662 @125.246s 0%: 0.040+0.86+0.002 ms clock, 0.32+0.035/1.6/3.5+0.023 ms cpu, 4->4->2 MB, 5 MB goal, 0 MB stacks, 0 MB globals, 8 P
gc 1663 @125.323s 0%: 0.043+0.81+0.011 ms clock, 0.34+0.055/1.4/2.4+0.090 ms cpu, 4->4->2 MB, 5 MB goal, 0 MB stacks, 0 MB globals, 8 P
gc 1664 @125.412s 0%: 0.037+0.91+0.011 ms clock, 0.30+0.054/1.6/3.8+0.093 ms cpu, 4->4->2 MB, 5 MB goal, 0 MB stacks, 0 MB globals, 8 P
gc 1665 @125.496s 0%: 0.039+0.73+0.049 ms clock, 0.31+0.033/1.1/2.3+0.39 ms cpu, 4->4->2 MB, 5 MB goal, 0 MB stacks, 0 MB globals, 8 P
gc 1666 @125.584s 0%: 0.039+0.88+0.003 ms clock, 0.31+0.034/1.6/3.8+0.028 ms cpu, 4->5->2 MB, 5 MB goal, 0 MB stacks, 0 MB globals, 8 P
gc 1667 @125.674s 0%: 0.044+1.1+0.026 ms clock, 0.35+0.034/1.9/4.9+0.21 ms cpu, 4->4->2 MB, 5 MB goal, 0 MB stacks, 0 MB globals, 8 P
gc 1668 @125.763s 0%: 0.041+1.0+0.005 ms clock, 0.33+0.034/1.9/4.5+0.046 ms cpu, 4->5->2 MB, 5 MB goal, 0 MB stacks, 0 MB globals, 8 P
gc 1669 @125.832s 0%: 0.10+0.94+0.018 ms clock, 0.80+1.8/1.6/0.48+0.14 ms cpu, 4->5->2 MB, 5 MB goal, 0 MB stacks, 0 MB globals, 8 P
gc 1670 @125.935s 0%: 0.047+1.0+0.013 ms clock, 0.37+0.033/1.8/4.1+0.10 ms cpu, 4->5->2 MB, 6 MB goal, 0 MB stacks, 0 MB globals, 8 P
gc 1671 @126.022s 0%: 0.038+0.93+0.004 ms clock, 0.31+0.037/1.7/4.2+0.035 ms cpu, 4->4->2 MB, 5 MB goal, 0 MB stacks, 0 MB globals, 8 P
gc 1672 @126.108s 0%: 0.040+0.84+0.008 ms clock, 0.32+0.034/1.5/3.4+0.070 ms cpu, 4->5->2 MB, 5 MB goal, 0 MB stacks, 0 MB globals, 8 P
gc 1673 @126.202s 0%: 0.046+0.76+0.014 ms clock, 0.37+0.035/1.2/2.2+0.11 ms cpu, 4->4->2 MB, 5 MB goal, 0 MB stacks, 0 MB globals, 8 P
gc 1674 @126.286s 0%: 0.038+1.2+0.004 ms clock, 0.30+0.033/2.2/5.1+0.037 ms cpu, 4->5->2 MB, 5 MB goal, 0 MB stacks, 0 MB globals, 8 P
gc 1675 @126.373s 0%: 0.045+0.83+0.012 ms clock, 0.36+0.034/1.4/3.1+0.098 ms cpu, 4->4->2 MB, 5 MB goal, 0 MB stacks, 0 MB globals, 8 P
gc 1676 @126.470s 0%: 0.036+1.1+0.010 ms clock, 0.29+0.033/2.0/4.3+0.080 ms cpu, 4->4->2 MB, 5 MB goal, 0 MB stacks, 0 MB globals, 8 P
gc 1677 @126.562s 0%: 0.043+1.0+0.015 ms clock, 0.34+0.034/1.9/4.3+0.12 ms cpu, 4->4->2 MB, 5 MB goal, 0 MB stacks, 0 MB globals, 8 P
gc 1678 @126.651s 0%: 0.040+0.82+0.013 ms clock, 0.32+0.035/1.4/2.8+0.10 ms cpu, 4->4->2 MB, 5 MB goal, 0 MB stacks, 0 MB globals, 8 P
gc 1679 @126.721s 0%: 0.041+0.79+0.014 ms clock, 0.32+0.035/1.4/3.1+0.11 ms cpu, 4->4->2 MB, 5 MB goal, 0 MB stacks, 0 MB globals, 8 P
gc 1680 @126.815s 0%: 0.044+0.75+0.003 ms clock, 0.35+0.043/1.3/2.9+0.028 ms cpu, 4->4->2 MB, 5 MB goal, 0 MB stacks, 0 MB globals, 8 P
gc 1681 @126.867s 0%: 0.040+0.91+0.019 ms clock, 0.32+0.034/1.6/3.7+0.15 ms cpu, 4->4->2 MB, 5 MB goal, 0 MB stacks, 0 MB globals, 8 P
gc 1682 @126.952s 0%: 0.047+0.97+0.009 ms clock, 0.37+0.040/1.7/3.5+0.078 ms cpu, 4->5->2 MB, 5 MB goal, 0 MB stacks, 0 MB globals, 8 P
gc 1683 @127.046s 0%: 0.039+0.85+0.009 ms clock, 0.31+0.033/1.5/3.2+0.074 ms cpu, 4->4->2 MB, 5 MB goal, 0 MB stacks, 0 MB globals, 8 P
gc 1684 @127.138s 0%: 0.044+1.0+0.005 ms clock, 0.35+0.033/1.9/4.4+0.040 ms cpu, 4->4->2 MB, 5 MB goal, 0 MB stacks, 0 MB globals, 8 P
gc 1685 @127.234s 0%: 0.040+1.0+0.023 ms clock, 0.32+0.031/1.8/4.5+0.18 ms cpu, 4->5->2 MB, 5 MB goal, 0 MB stacks, 0 MB globals, 8 P
gc 1686 @127.326s 0%: 0.037+1.1+0.026 ms clock, 0.29+0.036/2.0/4.4+0.21 ms cpu, 4->5->2 MB, 5 MB goal, 0 MB stacks, 0 MB globals, 8 P
gc 1687 @127.418s 0%: 0.042+0.85+0.004 ms clock, 0.34+0/1.5/3.4+0.032 ms cpu, 4->4->2 MB, 5 MB goal, 0 MB stacks, 0 MB globals, 8 P
gc 1688 @127.488s 0%: 0.045+0.95+0.002 ms clock, 0.36+0.035/1.7/3.6+0.022 ms cpu, 4->4->2 MB, 5 MB goal, 0 MB stacks, 0 MB globals, 8 P
gc 1689 @127.580s 0%: 0.037+0.88+0.019 ms clock, 0.30+0.034/1.5/3.5+0.15 ms cpu, 4->4->2 MB, 5 MB goal, 0 MB stacks, 0 MB globals, 8 P
gc 1690 @127.659s 0%: 0.086+1.1+0.028 ms clock, 0.68+0.040/2.0/4.6+0.22 ms cpu, 4->4->2 MB, 5 MB goal, 0 MB stacks, 0 MB globals, 8 P
gc 1691 @127.744s 0%: 0.042+0.97+0.013 ms clock, 0.33+0.032/1.7/4.2+0.10 ms cpu, 4->4->2 MB, 5 MB goal, 0 MB stacks, 0 MB globals, 8 P
gc 1692 @127.829s 0%: 0.047+0.78+0.002 ms clock, 0.37+0.033/1.4/3.4+0.022 ms cpu, 4->4->2 MB, 5 MB goal, 0 MB stacks, 0 MB globals, 8 P
gc 1693 @127.873s 0%: 0.039+0.79+0.016 ms clock, 0.31+0.033/1.3/3.1+0.12 ms cpu, 4->4->2 MB, 5 MB goal, 0 MB stacks, 0 MB globals, 8 P
gc 1694 @127.963s 0%: 0.041+0.82+0.006 ms clock, 0.33+0.039/1.4/2.9+0.048 ms cpu, 4->5->2 MB, 5 MB goal, 0 MB stacks, 0 MB globals, 8 P
gc 1695 @128.051s 0%: 0.044+0.96+0.004 ms clock, 0.35+0.034/1.7/3.7+0.034 ms cpu, 4->4->2 MB, 5 MB goal, 0 MB stacks, 0 MB globals, 8 P
gc 1696 @128.128s 0%: 0.11+1.1+0.033 ms clock, 0.94+0.036/1.9/1.9+0.26 ms cpu, 4->4->2 MB, 5 MB goal, 0 MB stacks, 0 MB globals, 8 P
gc 1697 @128.205s 0%: 0.036+0.81+0.009 ms clock, 0.29+0.033/1.4/3.2+0.072 ms cpu, 4->4->2 MB, 5 MB goal, 0 MB stacks, 0 MB globals, 8 P
gc 1698 @128.283s 0%: 0.044+0.82+0.012 ms clock, 0.35+0.033/1.3/2.3+0.10 ms cpu, 4->4->2 MB, 5 MB goal, 0 MB stacks, 0 MB globals, 8 P
gc 1699 @128.364s 0%: 1.1+1.8+0.068 ms clock, 9.3+0.080/0.99/0.44+0.54 ms cpu, 4->4->2 MB, 5 MB goal, 0 MB stacks, 0 MB globals, 8 P
gc 1700 @128.456s 0%: 0.036+1.0+0.013 ms clock, 0.29+0.038/2.0/4.7+0.11 ms cpu, 4->4->2 MB, 5 MB goal, 0 MB stacks, 0 MB globals, 8 P
gc 1701 @128.539s 0%: 0.040+0.90+0.072 ms clock, 0.32+0.035/1.5/3.6+0.58 ms cpu, 4->4->2 MB, 5 MB goal, 0 MB stacks, 0 MB globals, 8 P
gc 1702 @128.625s 0%: 0.039+1.0+0.027 ms clock, 0.31+0.033/1.8/4.4+0.21 ms cpu, 4->5->2 MB, 5 MB goal, 0 MB stacks, 0 MB globals, 8 P
gc 1703 @128.715s 0%: 0.050+1.1+0.011 ms clock, 0.40+0.034/2.0/4.7+0.093 ms cpu, 4->5->2 MB, 5 MB goal, 0 MB stacks, 0 MB globals, 8 P
gc 1704 @128.802s 0%: 0.042+0.89+0.021 ms clock, 0.33+0.033/1.5/3.7+0.16 ms cpu, 4->4->2 MB, 5 MB goal, 0 MB stacks, 0 MB globals, 8 P
gc 1705 @128.850s 0%: 0.043+0.82+0.006 ms clock, 0.34+0.050/1.4/3.1+0.051 ms cpu, 4->4->2 MB, 5 MB goal, 0 MB stacks, 0 MB globals, 8 P
gc 1706 @128.948s 0%: 0.040+0.89+0.003 ms clock, 0.32+0.034/1.6/3.7+0.026 ms cpu, 4->4->2 MB, 5 MB goal, 0 MB stacks, 0 MB globals, 8 P
gc 1707 @129.029s 0%: 0.046+0.92+0.013 ms clock, 0.37+0.044/1.5/2.6+0.10 ms cpu, 4->4->2 MB, 5 MB goal, 0 MB stacks, 0 MB globals, 8 P
gc 1708 @129.077s 0%: 0.056+1.0+0.005 ms clock, 0.45+0.035/2.0/4.3+0.045 ms cpu, 4->4->2 MB, 5 MB goal, 0 MB stacks, 0 MB globals, 8 P
gc 1709 @129.150s 0%: 0.045+0.98+0.046 ms clock, 0.36+0.041/1.7/3.2+0.37 ms cpu, 4->4->2 MB, 5 MB goal, 0 MB stacks, 0 MB globals, 8 P
gc 1710 @129.248s 0%: 0.042+0.96+0.033 ms clock, 0.34+0.042/1.6/3.7+0.26 ms cpu, 4->5->2 MB, 5 MB goal, 0 MB stacks, 0 MB globals, 8 P
gc 1711 @129.334s 0%: 0.077+0.96+0.003 ms clock, 0.62+0.058/1.7/3.5+0.029 ms cpu, 4->4->2 MB, 5 MB goal, 0 MB stacks, 0 MB globals, 8 P
gc 1712 @129.437s 0%: 0.048+0.80+0.004 ms clock, 0.38+0.036/1.3/2.0+0.035 ms cpu, 4->4->2 MB, 5 MB goal, 0 MB stacks, 0 MB globals, 8 P
gc 1713 @129.539s 0%: 0.051+0.85+0.040 ms clock, 0.41+0.037/1.4/2.9+0.32 ms cpu, 4->4->2 MB, 5 MB goal, 0 MB stacks, 0 MB globals, 8 P
gc 1714 @129.621s 0%: 0.037+1.1+0.021 ms clock, 0.29+0.030/1.9/4.4+0.17 ms cpu, 4->4->2 MB, 5 MB goal, 0 MB stacks, 0 MB globals, 8 P
gc 1715 @129.707s 0%: 0.038+0.87+0.020 ms clock, 0.30+0.035/1.4/3.0+0.16 ms cpu, 4->4->2 MB, 5 MB goal, 0 MB stacks, 0 MB globals, 8 P
gc 1716 @129.782s 0%: 0.038+1.0+0.026 ms clock, 0.31+0.034/1.8/4.0+0.21 ms cpu, 4->4->2 MB, 5 MB goal, 0 MB stacks, 0 MB globals, 8 P
gc 1717 @129.849s 0%: 0.18+0.94+0.023 ms clock, 1.5+0.64/1.3/1.3+0.18 ms cpu, 4->5->2 MB, 5 MB goal, 0 MB stacks, 0 MB globals, 8 P
gc 1718 @129.938s 0%: 0.040+0.90+0.003 ms clock, 0.32+0.036/1.6/3.8+0.025 ms cpu, 4->4->2 MB, 5 MB goal, 0 MB stacks, 0 MB globals, 8 P
gc 1719 @130.010s 0%: 0.063+1.1+0.003 ms clock, 0.50+0.12/2.0/4.8+0.030 ms cpu, 4->4->2 MB, 5 MB goal, 0 MB stacks, 0 MB globals, 8 P
gc 1720 @130.097s 0%: 0.040+0.95+0.023 ms clock, 0.32+0.032/1.6/3.5+0.19 ms cpu, 4->4->2 MB, 5 MB goal, 0 MB stacks, 0 MB globals, 8 P
gc 1721 @130.175s 0%: 0.038+0.84+0.003 ms clock, 0.30+0.033/1.4/3.1+0.028 ms cpu, 4->4->2 MB, 5 MB goal, 0 MB stacks, 0 MB globals, 8 P
gc 1722 @130.249s 0%: 0.063+0.77+0.015 ms clock, 0.51+0.036/1.2/2.0+0.12 ms cpu, 4->4->2 MB, 5 MB goal, 0 MB stacks, 0 MB globals, 8 P
gc 1723 @130.345s 0%: 0.054+1.5+0.031 ms clock, 0.43+0.035/2.7/5.9+0.24 ms cpu, 4->5->2 MB, 5 MB goal, 0 MB stacks, 0 MB globals, 8 P
gc 1724 @130.438s 0%: 0.040+1.0+0.087 ms clock, 0.32+0.035/1.7/3.7+0.70 ms cpu, 4->4->2 MB, 5 MB goal, 0 MB stacks, 0 MB globals, 8 P
gc 1725 @130.520s 0%: 0.052+0.79+0.020 ms clock, 0.41+0.038/1.2/2.3+0.16 ms cpu, 4->4->2 MB, 5 MB goal, 0 MB stacks, 0 MB globals, 8 P
gc 1726 @130.597s 0%: 0.039+1.2+0.005 ms clock, 0.31+0.033/2.1/5.1+0.042 ms cpu, 4->4->2 MB, 5 MB goal, 0 MB stacks, 0 MB globals, 8 P
gc 1727 @130.689s 0%: 0.037+1.1+0.013 ms clock, 0.30+0.034/1.9/4.5+0.10 ms cpu, 4->5->2 MB, 5 MB goal, 0 MB stacks, 0 MB globals, 8 P
gc 1728 @130.762s 0%: 0.048+0.95+0.033 ms clock, 0.38+0.054/1.6/3.7+0.27 ms cpu, 4->4->2 MB, 5 MB goal, 0 MB stacks, 0 MB globals, 8 P
gc 1729 @130.853s 0%: 0.11+1.0+0.029 ms clock, 0.88+1.9/1.7/0.82+0.23 ms cpu, 4->5->2 MB, 5 MB goal, 0 MB stacks, 0 MB globals, 8 P
gc 1730 @130.945s 0%: 0.038+0.90+0.005 ms clock, 0.30+0.032/1.6/3.5+0.047 ms cpu, 4->4->2 MB, 5 MB goal, 0 MB stacks, 0 MB globals, 8 P
gc 1731 @131.021s 0%: 0.040+0.98+0.035 ms clock, 0.32+0.033/1.8/4.0+0.28 ms cpu, 4->4->2 MB, 5 MB goal, 0 MB stacks, 0 MB globals, 8 P
gc 1732 @131.108s 0%: 0.039+0.90+0.018 ms clock, 0.31+0.034/1.4/2.9+0.14 ms cpu, 4->4->2 MB, 5 MB goal, 0 MB stacks, 0 MB globals, 8 P
gc 1733 @131.191s 0%: 0.044+1.0+0.024 ms clock, 0.35+0.033/1.7/4.0+0.19 ms cpu, 4->4->2 MB, 5 MB goal, 0 MB stacks, 0 MB globals, 8 P
gc 1734 @131.280s 0%: 0.049+0.92+0.019 ms clock, 0.39+0.035/1.5/3.1+0.15 ms cpu, 4->4->2 MB, 5 MB goal, 0 MB stacks, 0 MB globals, 8 P
gc 1735 @131.368s 0%: 0.030+2.0+0.092 ms clock, 0.24+0.054/2.2/2.0+0.73 ms cpu, 4->4->2 MB, 5 MB goal, 0 MB stacks, 0 MB globals, 8 P
gc 1736 @131.464s 0%: 0.042+0.86+0.020 ms clock, 0.33+0.063/1.5/3.1+0.16 ms cpu, 4->4->2 MB, 5 MB goal, 0 MB stacks, 0 MB globals, 8 P
gc 1737 @131.549s 0%: 0.045+0.87+0.019 ms clock, 0.36+0.034/1.5/3.1+0.15 ms cpu, 4->4->2 MB, 5 MB goal, 0 MB stacks, 0 MB globals, 8 P
gc 1738 @131.628s 0%: 0.037+1.0+0.004 ms clock, 0.30+0.034/1.7/4.2+0.033 ms cpu, 4->5->2 MB, 5 MB goal, 0 MB stacks, 0 MB globals, 8 P
gc 1739 @131.715s 0%: 0.060+0.90+0.006 ms clock, 0.48+0.036/1.6/3.4+0.054 ms cpu, 4->5->2 MB, 5 MB goal, 0 MB stacks, 0 MB globals, 8 P
gc 1740 @131.808s 0%: 0.049+1.1+0.007 ms clock, 0.39+0.037/1.9/4.6+0.056 ms cpu, 4->5->2 MB, 5 MB goal, 0 MB stacks, 0 MB globals, 8 P
gc 1741 @131.861s 0%: 0.041+1.0+0.005 ms clock, 0.33+0.041/1.8/4.2+0.043 ms cpu, 4->4->2 MB, 5 MB goal, 0 MB stacks, 0 MB globals, 8 P
gc 1742 @131.951s 0%: 0.037+0.87+0.049 ms clock, 0.29+0.036/1.4/3.0+0.39 ms cpu, 4->5->2 MB, 5 MB goal, 0 MB stacks, 0 MB globals, 8 P
gc 1743 @132.022s 0%: 0.043+0.88+0.003 ms clock, 0.34+0.032/1.6/3.7+0.024 ms cpu, 4->4->2 MB, 5 MB goal, 0 MB stacks, 0 MB globals, 8 P
gc 1744 @132.102s 0%: 0.077+0.96+0.014 ms clock, 0.62+0.036/1.6/3.8+0.11 ms cpu, 4->4->2 MB, 5 MB goal, 0 MB stacks, 0 MB globals, 8 P
gc 1745 @132.186s 0%: 0.037+0.97+0.019 ms clock, 0.29+0.039/1.6/4.0+0.15 ms cpu, 4->4->2 MB, 5 MB goal, 0 MB stacks, 0 MB globals, 8 P
gc 1746 @132.277s 0%: 0.041+1.1+0.037 ms clock, 0.32+0.035/1.9/4.4+0.29 ms cpu, 4->5->2 MB, 5 MB goal, 0 MB stacks, 0 MB globals, 8 P
gc 1747 @132.360s 0%: 0.050+0.89+0.010 ms clock, 0.40+0.036/1.4/1.6+0.081 ms cpu, 4->4->2 MB, 5 MB goal, 0 MB stacks, 0 MB globals, 8 P
gc 1748 @132.453s 0%: 0.043+1.0+0.007 ms clock, 0.35+0.039/1.8/4.6+0.058 ms cpu, 4->5->2 MB, 5 MB goal, 0 MB stacks, 0 MB globals, 8 P
gc 1749 @132.545s 0%: 0.084+0.88+0.003 ms clock, 0.67+0.035/1.5/3.2+0.027 ms cpu, 4->5->2 MB, 5 MB goal, 0 MB stacks, 0 MB globals, 8 P
gc 1750 @132.640s 0%: 0.039+0.78+0.002 ms clock, 0.31+0.038/1.3/2.8+0.023 ms cpu, 4->5->2 MB, 5 MB goal, 0 MB stacks, 0 MB globals, 8 P
gc 1751 @132.727s 0%: 0.036+0.81+0.009 ms clock, 0.29+0.034/1.4/2.6+0.077 ms cpu, 4->4->2 MB, 5 MB goal, 0 MB stacks, 0 MB globals, 8 P
gc 1752 @132.815s 0%: 0.039+1.1+0.003 ms clock, 0.31+0.034/2.0/4.7+0.031 ms cpu, 4->4->2 MB, 5 MB goal, 0 MB stacks, 0 MB globals, 8 P
gc 1753 @132.878s 0%: 0.040+0.76+0.017 ms clock, 0.32+0.035/1.3/2.8+0.14 ms cpu, 4->4->2 MB, 5 MB goal, 0 MB stacks, 0 MB globals, 8 P
gc 1754 @132.967s 0%: 0.078+3.6+0.21 ms clock, 0.62+0.046/2.2/2.0+1.7 ms cpu, 4->5->2 MB, 5 MB goal, 0 MB stacks, 0 MB globals, 8 P
gc 1755 @133.055s 0%: 0.044+0.89+0.003 ms clock, 0.35+0.034/1.6/3.7+0.025 ms cpu, 4->5->2 MB, 5 MB goal, 0 MB stacks, 0 MB globals, 8 P
gc 1756 @133.144s 0%: 0.034+1.0+0.011 ms clock, 0.27+0.030/1.9/4.5+0.088 ms cpu, 4->4->2 MB, 5 MB goal, 0 MB stacks, 0 MB globals, 8 P
gc 1757 @133.233s 0%: 0.040+0.91+0.005 ms clock, 0.32+0.053/1.7/4.1+0.046 ms cpu, 4->4->2 MB, 5 MB goal, 0 MB stacks, 0 MB globals, 8 P
gc 1758 @133.309s 0%: 0.13+1.0+0.026 ms clock, 1.0+0.036/1.9/3.1+0.21 ms cpu, 4->4->2 MB, 5 MB goal, 0 MB stacks, 0 MB globals, 8 P
gc 1759 @133.388s 0%: 0.13+2.7+0.029 ms clock, 1.1+0.25/3.0/4.3+0.23 ms cpu, 4->5->2 MB, 5 MB goal, 0 MB stacks, 0 MB globals, 8 P
gc 1760 @133.484s 0%: 0.080+1.2+0.039 ms clock, 0.64+0.77/2.2/0.22+0.31 ms cpu, 4->5->2 MB, 5 MB goal, 0 MB stacks, 0 MB globals, 8 P
gc 1761 @133.558s 0%: 0.040+0.80+0.004 ms clock, 0.32+0.036/1.2/2.2+0.036 ms cpu, 4->5->2 MB, 5 MB goal, 0 MB stacks, 0 MB globals, 8 P
gc 1762 @133.646s 0%: 0.041+1.0+0.034 ms clock, 0.33+0.059/1.8/3.9+0.27 ms cpu, 4->4->2 MB, 5 MB goal, 0 MB stacks, 0 MB globals, 8 P
gc 1763 @133.735s 0%: 0.043+0.90+0.004 ms clock, 0.34+0.037/1.5/3.6+0.039 ms cpu, 4->4->2 MB, 5 MB goal, 0 MB stacks, 0 MB globals, 8 P
gc 1764 @133.823s 0%: 0.039+1.0+0.030 ms clock, 0.31+0.034/1.6/4.1+0.24 ms cpu, 4->4->2 MB, 5 MB goal, 0 MB stacks, 0 MB globals, 8 P
gc 1765 @133.885s 0%: 0.041+0.78+0.003 ms clock, 0.33+0.034/1.3/2.8+0.028 ms cpu, 4->4->2 MB, 5 MB goal, 0 MB stacks, 0 MB globals, 8 P
gc 1766 @133.983s 0%: 0.037+1.0+0.011 ms clock, 0.29+0.036/1.7/3.8+0.090 ms cpu, 4->5->2 MB, 5 MB goal, 0 MB stacks, 0 MB globals, 8 P
gc 1767 @134.069s 0%: 0.052+1.3+0.037 ms clock, 0.42+0.055/2.4/4.6+0.29 ms cpu, 4->5->2 MB, 5 MB goal, 0 MB stacks, 0 MB globals, 8 P
gc 1768 @134.155s 0%: 0.040+0.72+0.005 ms clock, 0.32+0.031/1.2/1.5+0.046 ms cpu, 4->4->2 MB, 5 MB goal, 0 MB stacks, 0 MB globals, 8 P
gc 1769 @134.232s 0%: 0.037+0.88+0.005 ms clock, 0.30+0.035/1.5/3.0+0.047 ms cpu, 4->4->2 MB, 5 MB goal, 0 MB stacks, 0 MB globals, 8 P
gc 1770 @134.317s 0%: 0.038+0.93+0.026 ms clock, 0.30+0.032/1.6/3.6+0.21 ms cpu, 4->4->2 MB, 5 MB goal, 0 MB stacks, 0 MB globals, 8 P
gc 1771 @134.393s 0%: 0.037+0.94+0.047 ms clock, 0.30+0.033/1.4/3.3+0.38 ms cpu, 4->5->2 MB, 5 MB goal, 0 MB stacks, 0 MB globals, 8 P
gc 1772 @134.477s 0%: 0.047+0.85+0.004 ms clock, 0.37+0.038/1.3/2.8+0.035 ms cpu, 4->4->2 MB, 5 MB goal, 0 MB stacks, 0 MB globals, 8 P
gc 1773 @134.563s 0%: 0.039+0.92+0.020 ms clock, 0.31+0.037/1.6/3.0+0.16 ms cpu, 4->5->2 MB, 5 MB goal, 0 MB stacks, 0 MB globals, 8 P
gc 1774 @134.641s 0%: 0.037+0.81+0.026 ms clock, 0.29+0.034/1.5/3.4+0.21 ms cpu, 4->4->2 MB, 5 MB goal, 0 MB stacks, 0 MB globals, 8 P
gc 1775 @134.724s 0%: 0.046+0.80+0.005 ms clock, 0.36+0.034/1.3/2.6+0.044 ms cpu, 4->5->2 MB, 5 MB goal, 0 MB stacks, 0 MB globals, 8 P
gc 1776 @134.812s 0%: 0.040+1.4+0.043 ms clock, 0.32+0.065/2.5/0.090+0.34 ms cpu, 4->4->2 MB, 5 MB goal, 0 MB stacks, 0 MB globals, 8 P
gc 1777 @134.870s 0%: 0.040+0.88+0.003 ms clock, 0.32+0.046/1.5/1.0+0.027 ms cpu, 4->4->2 MB, 5 MB goal, 0 MB stacks, 0 MB globals, 8 P
gc 1778 @134.958s 0%: 0.048+1.0+0.005 ms clock, 0.38+0.059/1.9/3.8+0.042 ms cpu, 4->4->2 MB, 5 MB goal, 0 MB stacks, 0 MB globals, 8 P
gc 1779 @135.019s 0%: 0.048+0.81+0.003 ms clock, 0.38+0.039/1.3/3.6+0.026 ms cpu, 4->4->2 MB, 5 MB goal, 0 MB stacks, 0 MB globals, 8 P
gc 1780 @135.107s 0%: 0.039+0.87+0.020 ms clock, 0.31+0.033/1.4/3.3+0.16 ms cpu, 4->4->2 MB, 5 MB goal, 0 MB stacks, 0 MB globals, 8 P
gc 1781 @135.207s 0%: 0.040+0.85+0.027 ms clock, 0.32+0.050/1.3/2.7+0.22 ms cpu, 4->5->2 MB, 5 MB goal, 0 MB stacks, 0 MB globals, 8 P
gc 1782 @135.305s 0%: 0.060+0.73+0.003 ms clock, 0.48+0.037/1.3/2.6+0.028 ms cpu, 4->5->2 MB, 5 MB goal, 0 MB stacks, 0 MB globals, 8 P
gc 1783 @135.393s 0%: 0.039+1.0+0.036 ms clock, 0.31+0.033/1.9/4.6+0.29 ms cpu, 4->4->2 MB, 5 MB goal, 0 MB stacks, 0 MB globals, 8 P
gc 1784 @135.468s 0%: 0.041+0.73+0.003 ms clock, 0.33+0.035/1.3/2.6+0.029 ms cpu, 4->4->2 MB, 5 MB goal, 0 MB stacks, 0 MB globals, 8 P
gc 1785 @135.564s 0%: 0.060+0.91+0.014 ms clock, 0.48+0.037/1.5/3.3+0.11 ms cpu, 4->4->2 MB, 5 MB goal, 0 MB stacks, 0 MB globals, 8 P
gc 1786 @135.645s 0%: 0.036+0.81+0.017 ms clock, 0.29+0.033/1.3/3.2+0.13 ms cpu, 4->4->2 MB, 5 MB goal, 0 MB stacks, 0 MB globals, 8 P
gc 1787 @135.723s 0%: 0.036+0.73+0.018 ms clock, 0.29+0.033/1.3/2.7+0.14 ms cpu, 4->4->2 MB, 5 MB goal, 0 MB stacks, 0 MB globals, 8 P
gc 1788 @135.812s 0%: 0.040+0.77+0.003 ms clock, 0.32+0.075/1.4/3.2+0.030 ms cpu, 4->5->2 MB, 5 MB goal, 0 MB stacks, 0 MB globals, 8 P
gc 1789 @135.873s 0%: 0.14+0.81+0.006 ms clock, 1.1+1.7/1.4/0.64+0.049 ms cpu, 4->4->2 MB, 5 MB goal, 0 MB stacks, 0 MB globals, 8 P
gc 1790 @135.966s 0%: 0.036+1.2+0.013 ms clock, 0.29+0.042/2.1/5.2+0.10 ms cpu, 4->4->2 MB, 5 MB goal, 0 MB stacks, 0 MB globals, 8 P
gc 1791 @136.059s 0%: 0.041+1.0+0.009 ms clock, 0.33+0.033/1.9/4.8+0.073 ms cpu, 4->4->2 MB, 5 MB goal, 0 MB stacks, 0 MB globals, 8 P
gc 1792 @136.145s 0%: 0.043+1.0+0.003 ms clock, 0.34+0.033/2.0/4.7+0.026 ms cpu, 4->4->2 MB, 5 MB goal, 0 MB stacks, 0 MB globals, 8 P
gc 1793 @136.231s 0%: 0.046+1.1+0.022 ms clock, 0.36+0.033/1.9/4.7+0.18 ms cpu, 4->4->2 MB, 5 MB goal, 0 MB stacks, 0 MB globals, 8 P
gc 1794 @136.320s 0%: 0.038+1.1+0.004 ms clock, 0.30+0.035/2.1/4.6+0.032 ms cpu, 4->4->2 MB, 5 MB goal, 0 MB stacks, 0 MB globals, 8 P
gc 1795 @136.407s 0%: 0.056+1.0+0.006 ms clock, 0.45+0/1.9/4.1+0.050 ms cpu, 4->4->2 MB, 5 MB goal, 0 MB stacks, 0 MB globals, 8 P
gc 1796 @136.494s 0%: 0.083+0.89+0.005 ms clock, 0.66+0.036/1.4/3.6+0.043 ms cpu, 4->4->2 MB, 5 MB goal, 0 MB stacks, 0 MB globals, 8 P
gc 1797 @136.588s 0%: 0.045+1.0+0.004 ms clock, 0.36+0.033/1.8/4.0+0.036 ms cpu, 4->5->2 MB, 5 MB goal, 0 MB stacks, 0 MB globals, 8 P
gc 1798 @136.671s 0%: 0.045+0.95+0.018 ms clock, 0.36+0.034/1.5/3.3+0.14 ms cpu, 4->4->2 MB, 5 MB goal, 0 MB stacks, 0 MB globals, 8 P
gc 1799 @136.752s 0%: 0.050+0.89+0.020 ms clock, 0.40+0.046/1.5/3.5+0.16 ms cpu, 4->4->2 MB, 5 MB goal, 0 MB stacks, 0 MB globals, 8 P
gc 1800 @136.830s 0%: 0.038+0.91+0.013 ms clock, 0.30+0.041/1.6/3.1+0.10 ms cpu, 4->4->2 MB, 5 MB goal, 0 MB stacks, 0 MB globals, 8 P
gc 1801 @136.877s 0%: 0.099+0.96+0.003 ms clock, 0.79+0.26/1.6/2.8+0.030 ms cpu, 4->4->2 MB, 5 MB goal, 0 MB stacks, 0 MB globals, 8 P
gc 1802 @136.970s 0%: 0.039+1.1+0.048 ms clock, 0.31+0.036/1.9/4.9+0.38 ms cpu, 4->5->2 MB, 5 MB goal, 0 MB stacks, 0 MB globals, 8 P
gc 1803 @137.068s 0%: 0.046+1.0+0.012 ms clock, 0.37+0.030/1.8/4.3+0.10 ms cpu, 4->5->2 MB, 5 MB goal, 0 MB stacks, 0 MB globals, 8 P
gc 1804 @137.156s 0%: 0.039+1.0+0.026 ms clock, 0.31+0.037/1.8/4.1+0.21 ms cpu, 4->4->2 MB, 5 MB goal, 0 MB stacks, 0 MB globals, 8 P
gc 1805 @137.250s 0%: 0.040+0.95+0.007 ms clock, 0.32+0.038/1.8/4.1+0.063 ms cpu, 4->4->2 MB, 5 MB goal, 0 MB stacks, 0 MB globals, 8 P
gc 1806 @137.340s 0%: 0.041+1.1+0.015 ms clock, 0.33+0.033/1.9/4.5+0.12 ms cpu, 4->5->2 MB, 5 MB goal, 0 MB stacks, 0 MB globals, 8 P
gc 1807 @137.433s 0%: 0.049+0.97+0.004 ms clock, 0.39+0.033/1.8/4.5+0.035 ms cpu, 4->5->2 MB, 5 MB goal, 0 MB stacks, 0 MB globals, 8 P
gc 1808 @137.521s 0%: 0.034+0.66+0.003 ms clock, 0.27+0.038/1.2/2.1+0.028 ms cpu, 4->4->2 MB, 5 MB goal, 0 MB stacks, 0 MB globals, 8 P
gc 1809 @137.607s 0%: 0.047+1.0+0.003 ms clock, 0.38+0.035/2.0/4.6+0.031 ms cpu, 4->4->2 MB, 5 MB goal, 0 MB stacks, 0 MB globals, 8 P
gc 1810 @137.693s 0%: 0.037+0.71+0.003 ms clock, 0.30+0.033/1.2/2.8+0.027 ms cpu, 4->4->2 MB, 5 MB goal, 0 MB stacks, 0 MB globals, 8 P
gc 1811 @137.780s 0%: 0.050+0.84+0.011 ms clock, 0.40+0.033/1.2/3.1+0.093 ms cpu, 4->4->2 MB, 5 MB goal, 0 MB stacks, 0 MB globals, 8 P
gc 1812 @137.862s 0%: 0.058+0.69+0.003 ms clock, 0.46+0.036/1.2/2.7+0.028 ms cpu, 4->4->2 MB, 5 MB goal, 0 MB stacks, 0 MB globals, 8 P
gc 1813 @137.908s 0%: 0.042+0.86+0.036 ms clock, 0.33+0.050/1.5/3.4+0.29 ms cpu, 4->4->2 MB, 5 MB goal, 0 MB stacks, 0 MB globals, 8 P
gc 1814 @137.992s 0%: 0.038+1.0+0.020 ms clock, 0.30+0.038/1.7/4.2+0.16 ms cpu, 4->4->2 MB, 5 MB goal, 0 MB stacks, 0 MB globals, 8 P
gc 1815 @138.078s 0%: 0.043+0.87+0.004 ms clock, 0.34+0.035/1.4/3.6+0.032 ms cpu, 4->4->2 MB, 5 MB goal, 0 MB stacks, 0 MB globals, 8 P
gc 1816 @138.166s 0%: 0.038+0.95+0.019 ms clock, 0.30+0.033/1.5/3.3+0.15 ms cpu, 4->4->2 MB, 5 MB goal, 0 MB stacks, 0 MB globals, 8 P
gc 1817 @138.257s 0%: 0.041+1.1+0.016 ms clock, 0.33+0.033/1.9/4.5+0.13 ms cpu, 4->5->2 MB, 5 MB goal, 0 MB stacks, 0 MB globals, 8 P
gc 1818 @138.354s 0%: 0.040+1.1+0.003 ms clock, 0.32+0.033/2.0/4.8+0.028 ms cpu, 4->4->2 MB, 5 MB goal, 0 MB stacks, 0 MB globals, 8 P
gc 1819 @138.443s 0%: 0.045+1.1+0.003 ms clock, 0.36+0.034/2.0/5.0+0.028 ms cpu, 4->4->2 MB, 5 MB goal, 0 MB stacks, 0 MB globals, 8 P
gc 1820 @138.526s 0%: 0.057+1.0+0.034 ms clock, 0.46+0.036/1.8/4.5+0.27 ms cpu, 4->4->2 MB, 5 MB goal, 0 MB stacks, 0 MB globals, 8 P
gc 1821 @138.609s 0%: 0.041+1.0+0.027 ms clock, 0.33+0.033/1.8/4.1+0.22 ms cpu, 4->5->2 MB, 5 MB goal, 0 MB stacks, 0 MB globals, 8 P
gc 1822 @138.695s 0%: 0.069+0.86+0.004 ms clock, 0.55+0.033/1.5/3.3+0.032 ms cpu, 4->5->2 MB, 5 MB goal, 0 MB stacks, 0 MB globals, 8 P
gc 1823 @138.792s 0%: 0.037+0.90+0.025 ms clock, 0.30+0.063/1.5/3.3+0.20 ms cpu, 4->5->2 MB, 5 MB goal, 0 MB stacks, 0 MB globals, 8 P
gc 1824 @138.875s 0%: 0.047+0.98+0.024 ms clock, 0.38+0.033/1.8/4.5+0.19 ms cpu, 4->4->2 MB, 5 MB goal, 0 MB stacks, 0 MB globals, 8 P
gc 1825 @138.923s 0%: 0.057+1.0+0.012 ms clock, 0.45+0/1.9/3.2+0.10 ms cpu, 4->4->2 MB, 5 MB goal, 0 MB stacks, 0 MB globals, 8 P
gc 1826 @139.016s 0%: 0.041+0.98+0.004 ms clock, 0.33+0.064/1.7/3.7+0.033 ms cpu, 4->4->2 MB, 5 MB goal, 0 MB stacks, 0 MB globals, 8 P
gc 1827 @139.104s 0%: 0.042+0.72+0.005 ms clock, 0.33+0.036/1.1/2.5+0.047 ms cpu, 4->4->2 MB, 5 MB goal, 0 MB stacks, 0 MB globals, 8 P
gc 1828 @139.193s 0%: 0.045+0.78+0.014 ms clock, 0.36+0.041/1.3/2.6+0.11 ms cpu, 4->5->2 MB, 5 MB goal, 0 MB stacks, 0 MB globals, 8 P
gc 1829 @139.280s 0%: 0.041+0.90+0.007 ms clock, 0.32+0.034/1.6/3.4+0.063 ms cpu, 4->4->2 MB, 5 MB goal, 0 MB stacks, 0 MB globals, 8 P
gc 1830 @139.367s 0%: 0.040+0.78+0.004 ms clock, 0.32+0.065/1.4/3.1+0.033 ms cpu, 4->4->2 MB, 5 MB goal, 0 MB stacks, 0 MB globals, 8 P
gc 1831 @139.444s 0%: 0.044+0.88+0.003 ms clock, 0.35+0.034/1.5/3.0+0.027 ms cpu, 4->4->2 MB, 5 MB goal, 0 MB stacks, 0 MB globals, 8 P
gc 1832 @139.540s 0%: 0.043+1.2+0.014 ms clock, 0.35+0.034/2.0/5.2+0.11 ms cpu, 4->5->2 MB, 5 MB goal, 0 MB stacks, 0 MB globals, 8 P
gc 1833 @139.638s 0%: 0.051+1.1+0.032 ms clock, 0.40+0.033/2.0/4.7+0.25 ms cpu, 4->5->2 MB, 5 MB goal, 0 MB stacks, 0 MB globals, 8 P
gc 1834 @139.718s 0%: 0.039+0.83+0.011 ms clock, 0.31+0.033/1.4/3.4+0.090 ms cpu, 4->4->2 MB, 5 MB goal, 0 MB stacks, 0 MB globals, 8 P
gc 1835 @139.810s 0%: 0.045+0.89+0.005 ms clock, 0.36+0.036/1.6/3.8+0.046 ms cpu, 4->4->2 MB, 5 MB goal, 0 MB stacks, 0 MB globals, 8 P
gc 1836 @139.890s 0%: 0.18+1.1+0.051 ms clock, 1.4+1.5/2.0/0.019+0.41 ms cpu, 4->5->2 MB, 5 MB goal, 0 MB stacks, 0 MB globals, 8 P
gc 1837 @139.970s 0%: 0.036+0.95+0.003 ms clock, 0.29+0.035/1.7/3.9+0.028 ms cpu, 4->4->2 MB, 5 MB goal, 0 MB stacks, 0 MB globals, 8 P
gc 1838 @140.026s 0%: 0.041+0.94+0.036 ms clock, 0.33+0.041/1.5/2.9+0.29 ms cpu, 4->4->2 MB, 5 MB goal, 0 MB stacks, 0 MB globals, 8 P
gc 1839 @140.094s 0%: 0.038+1.1+0.004 ms clock, 0.30+0.036/2.0/4.8+0.032 ms cpu, 4->4->2 MB, 5 MB goal, 0 MB stacks, 0 MB globals, 8 P
gc 1840 @140.191s 0%: 0.039+1.0+0.018 ms clock, 0.31+0.051/1.6/3.1+0.14 ms cpu, 4->4->2 MB, 5 MB goal, 0 MB stacks, 0 MB globals, 8 P
gc 1841 @140.272s 0%: 0.074+1.1+0.024 ms clock, 0.59+0.036/2.0/4.6+0.19 ms cpu, 4->4->2 MB, 5 MB goal, 0 MB stacks, 0 MB globals, 8 P
gc 1842 @140.367s 0%: 0.037+1.1+0.004 ms clock, 0.29+0.040/2.1/4.7+0.036 ms cpu, 4->5->2 MB, 5 MB goal, 0 MB stacks, 0 MB globals, 8 P
gc 1843 @140.461s 0%: 0.037+1.1+0.003 ms clock, 0.29+0.034/2.1/5.0+0.029 ms cpu, 4->5->2 MB, 5 MB goal, 0 MB stacks, 0 MB globals, 8 P
gc 1844 @140.556s 0%: 0.042+0.77+0.028 ms clock, 0.34+0.033/1.3/2.8+0.22 ms cpu, 4->4->2 MB, 5 MB goal, 0 MB stacks, 0 MB globals, 8 P
gc 1845 @140.644s 0%: 0.063+0.81+0.012 ms clock, 0.50+0.036/1.4/3.0+0.10 ms cpu, 4->4->2 MB, 5 MB goal, 0 MB stacks, 0 MB globals, 8 P
gc 1846 @140.733s 0%: 0.036+1.0+0.024 ms clock, 0.29+0.032/1.5/3.5+0.19 ms cpu, 4->4->2 MB, 5 MB goal, 0 MB stacks, 0 MB globals, 8 P
gc 1847 @140.814s 0%: 0.046+0.83+0.004 ms clock, 0.37+0.033/1.4/3.3+0.032 ms cpu, 4->4->2 MB, 5 MB goal, 0 MB stacks, 0 MB globals, 8 P
gc 1848 @140.891s 0%: 0.10+1.0+0.005 ms clock, 0.83+0.045/1.8/3.0+0.042 ms cpu, 4->4->2 MB, 5 MB goal, 0 MB stacks, 0 MB globals, 8 P
gc 1849 @140.943s 0%: 0.048+0.81+0.020 ms clock, 0.38+0.037/1.3/3.0+0.16 ms cpu, 4->4->2 MB, 5 MB goal, 0 MB stacks, 0 MB globals, 8 P
gc 1850 @141.027s 0%: 0.041+0.85+0.014 ms clock, 0.32+0.037/1.4/2.9+0.11 ms cpu, 4->5->2 MB, 5 MB goal, 0 MB stacks, 0 MB globals, 8 P
gc 1851 @141.118s 0%: 0.043+0.98+0.003 ms clock, 0.35+0.035/1.8/4.1+0.030 ms cpu, 4->4->2 MB, 5 MB goal, 0 MB stacks, 0 MB globals, 8 P
gc 1852 @141.209s 0%: 0.043+0.80+0.027 ms clock, 0.35+0.049/1.3/2.7+0.22 ms cpu, 4->4->2 MB, 5 MB goal, 0 MB stacks, 0 MB globals, 8 P
gc 1853 @141.277s 0%: 0.042+0.83+0.024 ms clock, 0.33+0.033/1.4/2.8+0.19 ms cpu, 4->4->2 MB, 5 MB goal, 0 MB stacks, 0 MB globals, 8 P
gc 1854 @141.371s 0%: 0.040+0.80+0.004 ms clock, 0.32+0.033/1.4/2.8+0.033 ms cpu, 4->4->2 MB, 5 MB goal, 0 MB stacks, 0 MB globals, 8 P
gc 1855 @141.448s 0%: 0.041+0.76+0.062 ms clock, 0.33+0.034/1.2/2.5+0.49 ms cpu, 4->4->2 MB, 5 MB goal, 0 MB stacks, 0 MB globals, 8 P
gc 1856 @141.528s 0%: 0.041+0.98+0.004 ms clock, 0.33+0.032/1.7/4.2+0.032 ms cpu, 4->4->2 MB, 5 MB goal, 0 MB stacks, 0 MB globals, 8 P
gc 1857 @141.614s 0%: 0.032+1.1+0.028 ms clock, 0.26+0.034/1.9/5.0+0.22 ms cpu, 4->4->2 MB, 5 MB goal, 0 MB stacks, 0 MB globals, 8 P
gc 1858 @141.688s 0%: 0.46+1.1+0.004 ms clock, 3.7+0.043/1.7/1.7+0.038 ms cpu, 4->4->2 MB, 5 MB goal, 0 MB stacks, 0 MB globals, 8 P
gc 1859 @141.754s 0%: 0.038+1.5+0.066 ms clock, 0.30+0.040/2.4/4.4+0.52 ms cpu, 4->4->2 MB, 5 MB goal, 0 MB stacks, 0 MB globals, 8 P
gc 1860 @141.836s 0%: 0.041+1.0+0.019 ms clock, 0.32+0.027/1.8/4.5+0.15 ms cpu, 4->5->2 MB, 5 MB goal, 0 MB stacks, 0 MB globals, 8 P
gc 1861 @141.899s 0%: 0.19+1.2+0.020 ms clock, 1.5+2.1/2.0/1.2+0.16 ms cpu, 4->5->2 MB, 5 MB goal, 0 MB stacks, 0 MB globals, 8 P
gc 1862 @142.000s 0%: 0.048+0.85+0.026 ms clock, 0.39+0.036/1.4/3.3+0.21 ms cpu, 4->5->2 MB, 5 MB goal, 0 MB stacks, 0 MB globals, 8 P
gc 1863 @142.092s 0%: 0.068+0.88+0.005 ms clock, 0.54+0.039/1.4/3.1+0.042 ms cpu, 4->5->2 MB, 5 MB goal, 0 MB stacks, 0 MB globals, 8 P
gc 1864 @142.167s 0%: 0.095+1.0+0.006 ms clock, 0.76+0.034/1.7/2.0+0.051 ms cpu, 4->4->2 MB, 5 MB goal, 0 MB stacks, 0 MB globals, 8 P
gc 1865 @142.218s 0%: 0.037+0.77+0.021 ms clock, 0.29+0.049/1.2/3.1+0.17 ms cpu, 4->4->2 MB, 5 MB goal, 0 MB stacks, 0 MB globals, 8 P
gc 1866 @142.307s 0%: 0.044+0.99+0.007 ms clock, 0.35+0.037/1.8/3.6+0.057 ms cpu, 4->5->2 MB, 5 MB goal, 0 MB stacks, 0 MB globals, 8 P
gc 1867 @142.388s 0%: 0.094+1.0+0.043 ms clock, 0.75+0.055/1.3/1.1+0.34 ms cpu, 4->5->2 MB, 5 MB goal, 0 MB stacks, 0 MB globals, 8 P
gc 1868 @142.454s 0%: 0.039+0.98+0.036 ms clock, 0.31+0.034/1.7/4.4+0.29 ms cpu, 4->4->2 MB, 5 MB goal, 0 MB stacks, 0 MB globals, 8 P
gc 1869 @142.538s 0%: 0.041+1.0+0.004 ms clock, 0.32+0.033/2.0/4.4+0.033 ms cpu, 4->4->2 MB, 5 MB goal, 0 MB stacks, 0 MB globals, 8 P
gc 1870 @142.626s 0%: 0.037+0.99+0.004 ms clock, 0.29+0.039/1.8/4.3+0.039 ms cpu, 4->5->2 MB, 5 MB goal, 0 MB stacks, 0 MB globals, 8 P
gc 1871 @142.687s 0%: 0.060+1.0+0.003 ms clock, 0.48+0.037/1.9/4.5+0.027 ms cpu, 4->4->2 MB, 5 MB goal, 0 MB stacks, 0 MB globals, 8 P
gc 1872 @142.782s 0%: 0.055+0.81+0.007 ms clock, 0.44+0.049/1.4/2.9+0.062 ms cpu, 4->5->2 MB, 5 MB goal, 0 MB stacks, 0 MB globals, 8 P
gc 1873 @142.877s 0%: 0.041+0.88+0.015 ms clock, 0.33+0.033/1.5/3.5+0.12 ms cpu, 4->4->2 MB, 5 MB goal, 0 MB stacks, 0 MB globals, 8 P
gc 1874 @142.919s 0%: 0.040+0.90+0.003 ms clock, 0.32+0.039/1.5/3.7+0.027 ms cpu, 4->4->2 MB, 5 MB goal, 0 MB stacks, 0 MB globals, 8 P
gc 1875 @143.010s 0%: 0.043+0.89+0.021 ms clock, 0.34+0.040/1.5/3.0+0.17 ms cpu, 4->5->2 MB, 5 MB goal, 0 MB stacks, 0 MB globals, 8 P
gc 1876 @143.091s 0%: 0.045+0.92+0.005 ms clock, 0.36+0.032/1.6/3.6+0.045 ms cpu, 4->4->2 MB, 5 MB goal, 0 MB stacks, 0 MB globals, 8 P
gc 1877 @143.179s 0%: 0.042+0.93+0.003 ms clock, 0.34+0.035/1.7/3.8+0.029 ms cpu, 4->4->2 MB, 5 MB goal, 0 MB stacks, 0 MB globals, 8 P
gc 1878 @143.262s 0%: 0.041+0.89+0.003 ms clock, 0.32+0.048/1.5/3.6+0.027 ms cpu, 4->4->2 MB, 5 MB goal, 0 MB stacks, 0 MB globals, 8 P
gc 1879 @143.357s 0%: 0.038+0.89+0.003 ms clock, 0.30+0.032/1.6/3.6+0.029 ms cpu, 4->4->2 MB, 5 MB goal, 0 MB stacks, 0 MB globals, 8 P
gc 1880 @143.436s 0%: 0.038+0.99+0.003 ms clock, 0.30+0.033/1.8/3.9+0.026 ms cpu, 4->4->2 MB, 5 MB goal, 0 MB stacks, 0 MB globals, 8 P
gc 1881 @143.517s 0%: 0.054+1.1+0.003 ms clock, 0.43+0.034/2.0/4.4+0.027 ms cpu, 4->4->2 MB, 5 MB goal, 0 MB stacks, 0 MB globals, 8 P
gc 1882 @143.601s 0%: 0.042+1.0+0.011 ms clock, 0.33+0.032/1.7/3.8+0.090 ms cpu, 4->4->2 MB, 5 MB goal, 0 MB stacks, 0 MB globals, 8 P
gc 1883 @143.687s 0%: 0.048+1.0+0.003 ms clock, 0.38+0.035/1.8/4.6+0.026 ms cpu, 4->4->2 MB, 5 MB goal, 0 MB stacks, 0 MB globals, 8 P
gc 1884 @143.777s 0%: 0.051+1.1+0.009 ms clock, 0.41+0.048/2.0/4.9+0.077 ms cpu, 4->4->2 MB, 5 MB goal, 0 MB stacks, 0 MB globals, 8 P
gc 1885 @143.876s 0%: 0.044+1.1+0.014 ms clock, 0.35+0.038/2.0/4.4+0.11 ms cpu, 4->5->2 MB, 5 MB goal, 0 MB stacks, 0 MB globals, 8 P
gc 1886 @143.925s 0%: 0.044+0.90+0.013 ms clock, 0.35+0.032/1.5/3.2+0.10 ms cpu, 4->4->2 MB, 5 MB goal, 0 MB stacks, 0 MB globals, 8 P
gc 1887 @144.020s 0%: 0.051+1.1+0.009 ms clock, 0.40+0.033/2.0/4.5+0.078 ms cpu, 4->5->2 MB, 5 MB goal, 0 MB stacks, 0 MB globals, 8 P
gc 1888 @144.108s 0%: 0.048+0.89+0.003 ms clock, 0.39+0.034/1.4/3.5+0.025 ms cpu, 4->4->2 MB, 5 MB goal, 0 MB stacks, 0 MB globals, 8 P
gc 1889 @144.197s 0%: 0.12+7.0+0.069 ms clock, 0.99+0.054/1.0/0.015+0.55 ms cpu, 4->4->2 MB, 5 MB goal, 0 MB stacks, 0 MB globals, 8 P
gc 1890 @144.284s 0%: 0.038+1.0+0.017 ms clock, 0.31+0.033/1.9/4.6+0.14 ms cpu, 4->5->2 MB, 5 MB goal, 0 MB stacks, 0 MB globals, 8 P
gc 1891 @144.376s 0%: 0.085+1.0+0.033 ms clock, 0.68+0.037/1.7/3.5+0.26 ms cpu, 4->4->2 MB, 5 MB goal, 0 MB stacks, 0 MB globals, 8 P
gc 1892 @144.465s 0%: 0.040+1.0+0.007 ms clock, 0.32+0.032/1.8/4.2+0.060 ms cpu, 4->5->2 MB, 5 MB goal, 0 MB stacks, 0 MB globals, 8 P
gc 1893 @144.562s 0%: 0.046+1.0+0.005 ms clock, 0.36+0.033/1.9/4.5+0.045 ms cpu, 4->5->2 MB, 5 MB goal, 0 MB stacks, 0 MB globals, 8 P
gc 1894 @144.652s 0%: 0.045+0.87+0.003 ms clock, 0.36+0.033/1.4/2.9+0.029 ms cpu, 4->4->2 MB, 5 MB goal, 0 MB stacks, 0 MB globals, 8 P
gc 1895 @144.735s 0%: 0.044+1.0+0.003 ms clock, 0.35+0.034/1.8/4.1+0.028 ms cpu, 4->4->2 MB, 5 MB goal, 0 MB stacks, 0 MB globals, 8 P
gc 1896 @144.825s 0%: 0.038+0.81+0.018 ms clock, 0.30+0.034/1.3/2.9+0.14 ms cpu, 4->4->2 MB, 5 MB goal, 0 MB stacks, 0 MB globals, 8 P
gc 1897 @144.903s 0%: 0.033+0.74+0.033 ms clock, 0.26+0.037/1.0/2.1+0.27 ms cpu, 4->4->2 MB, 5 MB goal, 0 MB stacks, 0 MB globals, 8 P
gc 1898 @144.950s 0%: 0.041+1.0+0.009 ms clock, 0.32+0.031/1.9/4.5+0.077 ms cpu, 4->4->2 MB, 5 MB goal, 0 MB stacks, 0 MB globals, 8 P
gc 1899 @145.019s 0%: 0.078+0.84+0.005 ms clock, 0.62+0.041/1.4/2.8+0.046 ms cpu, 4->4->2 MB, 5 MB goal, 0 MB stacks, 0 MB globals, 8 P
gc 1900 @145.122s 0%: 0.041+0.84+0.029 ms clock, 0.32+0.036/1.4/2.6+0.23 ms cpu, 4->5->2 MB, 5 MB goal, 0 MB stacks, 0 MB globals, 8 P
gc 1901 @145.220s 0%: 0.042+0.91+0.003 ms clock, 0.34+0.032/1.6/3.6+0.027 ms cpu, 4->5->2 MB, 5 MB goal, 0 MB stacks, 0 MB globals, 8 P
gc 1902 @145.316s 0%: 0.049+0.82+0.007 ms clock, 0.39+0.040/1.3/2.8+0.059 ms cpu, 4->4->2 MB, 5 MB goal, 0 MB stacks, 0 MB globals, 8 P
gc 1903 @145.399s 0%: 0.053+1.0+0.008 ms clock, 0.43+0.038/1.5/2.9+0.065 ms cpu, 4->5->2 MB, 5 MB goal, 0 MB stacks, 0 MB globals, 8 P
gc 1904 @145.494s 0%: 0.037+1.1+0.007 ms clock, 0.30+0.034/2.0/4.9+0.056 ms cpu, 4->5->2 MB, 5 MB goal, 0 MB stacks, 0 MB globals, 8 P
gc 1905 @145.589s 0%: 0.037+1.0+0.026 ms clock, 0.30+0.034/1.6/4.0+0.20 ms cpu, 4->5->2 MB, 5 MB goal, 0 MB stacks, 0 MB globals, 8 P
gc 1906 @145.679s 0%: 0.19+1.9+0.025 ms clock, 1.5+0.083/0.78/1.1+0.20 ms cpu, 4->5->2 MB, 5 MB goal, 0 MB stacks, 0 MB globals, 8 P
gc 1907 @145.759s 0%: 0.048+1.0+0.003 ms clock, 0.38+0.040/1.9/4.1+0.030 ms cpu, 4->5->2 MB, 5 MB goal, 0 MB stacks, 0 MB globals, 8 P
gc 1908 @145.848s 0%: 0.037+1.0+0.003 ms clock, 0.29+0.033/1.7/4.2+0.024 ms cpu, 4->5->2 MB, 5 MB goal, 0 MB stacks, 0 MB globals, 8 P
gc 1909 @145.916s 0%: 0.21+0.93+0.030 ms clock, 1.6+2.1/1.5/0.53+0.24 ms cpu, 4->4->2 MB, 5 MB goal, 0 MB stacks, 0 MB globals, 8 P
gc 1910 @145.995s 0%: 0.027+1.2+0.030 ms clock, 0.21+0.034/2.1/4.7+0.24 ms cpu, 4->5->2 MB, 5 MB goal, 0 MB stacks, 0 MB globals, 8 P
gc 1911 @146.087s 0%: 0.090+2.7+0.003 ms clock, 0.72+0.042/3.4/0.11+0.028 ms cpu, 4->4->2 MB, 5 MB goal, 0 MB stacks, 0 MB globals, 8 P
gc 1912 @146.181s 0%: 0.040+1.2+0.016 ms clock, 0.32+0.033/2.2/5.0+0.13 ms cpu, 4->4->2 MB, 5 MB goal, 0 MB stacks, 0 MB globals, 8 P
gc 1913 @146.269s 0%: 0.070+0.98+0.004 ms clock, 0.56+0.040/1.7/4.2+0.039 ms cpu, 4->4->2 MB, 5 MB goal, 0 MB stacks, 0 MB globals, 8 P
gc 1914 @146.352s 0%: 0.041+0.87+0.038 ms clock, 0.33+0.038/1.4/3.5+0.30 ms cpu, 4->5->2 MB, 5 MB goal, 0 MB stacks, 0 MB globals, 8 P
gc 1915 @146.438s 0%: 0.038+0.92+0.010 ms clock, 0.31+0.033/1.5/3.8+0.082 ms cpu, 4->5->2 MB, 5 MB goal, 0 MB stacks, 0 MB globals, 8 P
gc 1916 @146.519s 0%: 0.038+0.81+0.015 ms clock, 0.31+0.034/1.3/2.8+0.12 ms cpu, 4->4->2 MB, 5 MB goal, 0 MB stacks, 0 MB globals, 8 P
gc 1917 @146.607s 0%: 0.041+0.85+0.055 ms clock, 0.33+0.033/1.3/3.0+0.44 ms cpu, 4->4->2 MB, 5 MB goal, 0 MB stacks, 0 MB globals, 8 P
gc 1918 @146.695s 0%: 0.041+1.1+0.022 ms clock, 0.33+0.13/1.8/4.4+0.18 ms cpu, 4->4->2 MB, 5 MB goal, 0 MB stacks, 0 MB globals, 8 P
gc 1919 @146.778s 0%: 0.032+0.88+0.002 ms clock, 0.26+0.027/1.6/3.5+0.023 ms cpu, 4->4->2 MB, 5 MB goal, 0 MB stacks, 0 MB globals, 8 P
gc 1920 @146.868s 0%: 0.044+1.0+0.015 ms clock, 0.35+0.033/1.9/4.4+0.12 ms cpu, 4->5->2 MB, 5 MB goal, 0 MB stacks, 0 MB globals, 8 P
gc 1921 @146.922s 0%: 0.040+0.79+0.003 ms clock, 0.32+0.033/1.5/3.4+0.031 ms cpu, 4->4->2 MB, 5 MB goal, 0 MB stacks, 0 MB globals, 8 P
gc 1922 @147.020s 0%: 0.041+0.91+0.012 ms clock, 0.32+0.036/1.5/3.7+0.10 ms cpu, 4->5->2 MB, 5 MB goal, 0 MB stacks, 0 MB globals, 8 P
gc 1923 @147.085s 0%: 0.16+1.1+0.007 ms clock, 1.3+2.3/1.7/0.54+0.056 ms cpu, 4->5->2 MB, 5 MB goal, 0 MB stacks, 0 MB globals, 8 P
gc 1924 @147.176s 0%: 0.050+1.1+0.043 ms clock, 0.40+0.036/1.9/4.8+0.34 ms cpu, 4->5->2 MB, 5 MB goal, 0 MB stacks, 0 MB globals, 8 P
gc 1925 @147.274s 0%: 0.040+0.87+0.004 ms clock, 0.32+0.045/1.5/2.8+0.036 ms cpu, 4->5->2 MB, 5 MB goal, 0 MB stacks, 0 MB globals, 8 P
gc 1926 @147.361s 0%: 0.037+1.0+0.011 ms clock, 0.29+0.033/1.9/4.3+0.092 ms cpu, 4->5->2 MB, 5 MB goal, 0 MB stacks, 0 MB globals, 8 P
gc 1927 @147.442s 0%: 0.047+0.88+0.018 ms clock, 0.37+0.033/1.4/3.1+0.14 ms cpu, 4->4->2 MB, 5 MB goal, 0 MB stacks, 0 MB globals, 8 P
gc 1928 @147.530s 0%: 0.040+0.83+0.024 ms clock, 0.32+0.034/1.4/3.0+0.19 ms cpu, 4->4->2 MB, 5 MB goal, 0 MB stacks, 0 MB globals, 8 P
gc 1929 @147.612s 0%: 0.041+1.1+0.027 ms clock, 0.32+0.053/2.0/4.3+0.22 ms cpu, 4->5->2 MB, 5 MB goal, 0 MB stacks, 0 MB globals, 8 P
gc 1930 @147.710s 0%: 0.040+1.0+0.004 ms clock, 0.32+0.035/1.9/4.5+0.034 ms cpu, 4->5->2 MB, 5 MB goal, 0 MB stacks, 0 MB globals, 8 P
gc 1931 @147.794s 0%: 0.091+1.3+0.003 ms clock, 0.73+0.13/2.0/2.8+0.031 ms cpu, 4->4->2 MB, 5 MB goal, 0 MB stacks, 0 MB globals, 8 P
gc 1932 @147.883s 0%: 0.039+0.89+0.011 ms clock, 0.31+0.038/1.6/3.8+0.089 ms cpu, 4->4->2 MB, 5 MB goal, 0 MB stacks, 0 MB globals, 8 P
gc 1933 @147.927s 0%: 0.045+0.90+0.026 ms clock, 0.36+0.036/1.4/3.2+0.21 ms cpu, 4->4->2 MB, 5 MB goal, 0 MB stacks, 0 MB globals, 8 P
gc 1934 @148.015s 0%: 0.037+0.84+0.003 ms clock, 0.29+0.038/1.4/3.4+0.031 ms cpu, 4->4->2 MB, 5 MB goal, 0 MB stacks, 0 MB globals, 8 P
gc 1935 @148.072s 0%: 0.046+1.2+0.039 ms clock, 0.37+0.036/2.2/4.2+0.31 ms cpu, 4->4->2 MB, 5 MB goal, 0 MB stacks, 0 MB globals, 8 P
gc 1936 @148.122s 0%: 0.043+0.92+0.040 ms clock, 0.35+0.093/1.5/2.7+0.32 ms cpu, 4->4->2 MB, 5 MB goal, 0 MB stacks, 0 MB globals, 8 P
gc 1937 @148.197s 0%: 0.044+0.77+0.007 ms clock, 0.35+0.037/1.4/2.5+0.056 ms cpu, 4->5->2 MB, 5 MB goal, 0 MB stacks, 0 MB globals, 8 P
gc 1938 @148.280s 0%: 0.061+0.88+0.023 ms clock, 0.48+0.047/1.3/3.0+0.18 ms cpu, 4->4->2 MB, 5 MB goal, 0 MB stacks, 0 MB globals, 8 P
gc 1939 @148.353s 0%: 0.058+1.2+0.033 ms clock, 0.46+0.046/2.0/3.0+0.27 ms cpu, 4->4->2 MB, 5 MB goal, 0 MB stacks, 0 MB globals, 8 P
gc 1940 @148.448s 0%: 0.041+0.77+0.037 ms clock, 0.33+0.034/1.1/2.5+0.29 ms cpu, 4->5->2 MB, 5 MB goal, 0 MB stacks, 0 MB globals, 8 P
gc 1941 @148.532s 0%: 0.043+0.81+0.003 ms clock, 0.34+0.033/1.4/3.2+0.025 ms cpu, 4->4->2 MB, 5 MB goal, 0 MB stacks, 0 MB globals, 8 P
gc 1942 @148.614s 0%: 0.037+1.0+0.012 ms clock, 0.29+0.031/1.7/4.3+0.10 ms cpu, 4->4->2 MB, 5 MB goal, 0 MB stacks, 0 MB globals, 8 P
gc 1943 @148.708s 0%: 0.049+1.0+0.013 ms clock, 0.39+0.033/1.8/4.1+0.10 ms cpu, 4->4->2 MB, 5 MB goal, 0 MB stacks, 0 MB globals, 8 P
gc 1944 @148.794s 0%: 0.042+0.94+0.004 ms clock, 0.33+0.033/1.6/3.3+0.035 ms cpu, 4->5->2 MB, 5 MB goal, 0 MB stacks, 0 MB globals, 8 P
gc 1945 @148.875s 0%: 0.036+0.94+0.024 ms clock, 0.28+0.031/1.6/3.6+0.19 ms cpu, 4->5->2 MB, 5 MB goal, 0 MB stacks, 0 MB globals, 8 P
gc 1946 @148.928s 0%: 0.16+0.77+0.003 ms clock, 1.3+1.7/1.4/0.52+0.025 ms cpu, 4->4->2 MB, 5 MB goal, 0 MB stacks, 0 MB globals, 8 P
gc 1947 @149.026s 0%: 0.064+0.74+0.003 ms clock, 0.51+0.036/1.2/2.9+0.025 ms cpu, 4->4->2 MB, 5 MB goal, 0 MB stacks, 0 MB globals, 8 P
gc 1948 @149.114s 0%: 0.049+0.86+0.023 ms clock, 0.39+0.037/1.3/3.3+0.18 ms cpu, 4->4->2 MB, 5 MB goal, 0 MB stacks, 0 MB globals, 8 P
gc 1949 @149.204s 0%: 0.041+0.90+0.012 ms clock, 0.33+0.032/1.4/3.5+0.10 ms cpu, 4->4->2 MB, 5 MB goal, 0 MB stacks, 0 MB globals, 8 P
gc 1950 @149.281s 0%: 0.044+0.80+0.003 ms clock, 0.35+0.032/1.4/3.0+0.029 ms cpu, 4->4->2 MB, 5 MB goal, 0 MB stacks, 0 MB globals, 8 P
gc 1951 @149.363s 0%: 0.038+0.83+0.019 ms clock, 0.30+0.033/1.4/3.0+0.15 ms cpu, 4->4->2 MB, 5 MB goal, 0 MB stacks, 0 MB globals, 8 P
gc 1952 @149.445s 0%: 0.037+0.97+0.004 ms clock, 0.29+0.034/1.8/4.1+0.034 ms cpu, 4->4->2 MB, 5 MB goal, 0 MB stacks, 0 MB globals, 8 P
gc 1953 @149.528s 0%: 0.042+0.67+0.003 ms clock, 0.33+0.044/1.2/2.7+0.025 ms cpu, 4->4->2 MB, 5 MB goal, 0 MB stacks, 0 MB globals, 8 P
gc 1954 @149.601s 0%: 0.036+0.97+0.027 ms clock, 0.29+0.034/1.7/3.8+0.21 ms cpu, 4->4->2 MB, 5 MB goal, 0 MB stacks, 0 MB globals, 8 P
gc 1955 @149.684s 0%: 0.038+0.85+0.014 ms clock, 0.30+0.034/1.4/3.2+0.11 ms cpu, 4->4->2 MB, 5 MB goal, 0 MB stacks, 0 MB globals, 8 P
gc 1956 @149.765s 0%: 0.043+0.86+0.031 ms clock, 0.34+0.033/1.5/3.6+0.25 ms cpu, 4->4->2 MB, 5 MB goal, 0 MB stacks, 0 MB globals, 8 P
gc 1957 @149.838s 0%: 0.051+0.83+0.021 ms clock, 0.40+0.037/1.5/3.1+0.17 ms cpu, 4->4->2 MB, 5 MB goal, 0 MB stacks, 0 MB globals, 8 P
gc 1958 @149.920s 0%: 0.041+0.77+0.029 ms clock, 0.33+0.033/1.3/2.6+0.23 ms cpu, 4->4->2 MB, 5 MB goal, 0 MB stacks, 0 MB globals, 8 P
gc 1959 @149.956s 0%: 0.049+0.88+0.003 ms clock, 0.39+0.034/1.5/3.9+0.027 ms cpu, 4->4->2 MB, 5 MB goal, 0 MB stacks, 0 MB globals, 8 P
gc 1960 @150.028s 0%: 0.046+1.0+0.004 ms clock, 0.36+0.034/1.7/4.2+0.032 ms cpu, 4->4->2 MB, 5 MB goal, 0 MB stacks, 0 MB globals, 8 P
gc 1961 @150.104s 0%: 0.040+1.0+0.014 ms clock, 0.32+0.039/1.9/4.1+0.11 ms cpu, 4->4->2 MB, 5 MB goal, 0 MB stacks, 0 MB globals, 8 P
gc 1962 @150.175s 0%: 0.037+0.83+0.004 ms clock, 0.30+0.035/1.4/2.9+0.034 ms cpu, 4->4->2 MB, 5 MB goal, 0 MB stacks, 0 MB globals, 8 P
gc 1963 @150.266s 0%: 0.048+0.86+0.013 ms clock, 0.39+0.035/1.4/3.1+0.10 ms cpu, 4->4->2 MB, 5 MB goal, 0 MB stacks, 0 MB globals, 8 P
gc 1964 @150.352s 0%: 0.066+0.79+0.006 ms clock, 0.52+0.056/1.4/3.3+0.051 ms cpu, 4->4->2 MB, 5 MB goal, 0 MB stacks, 0 MB globals, 8 P
gc 1965 @150.433s 0%: 0.040+0.82+0.011 ms clock, 0.32+0.044/1.4/3.0+0.090 ms cpu, 4->4->2 MB, 5 MB goal, 0 MB stacks, 0 MB globals, 8 P
gc 1966 @150.512s 0%: 0.039+0.69+0.004 ms clock, 0.31+0.033/1.2/2.7+0.033 ms cpu, 4->4->2 MB, 5 MB goal, 0 MB stacks, 0 MB globals, 8 P
gc 1967 @150.592s 0%: 0.048+0.89+0.033 ms clock, 0.38+0.037/1.4/3.1+0.26 ms cpu, 4->4->2 MB, 5 MB goal, 0 MB stacks, 0 MB globals, 8 P
gc 1968 @150.671s 0%: 0.045+0.90+0.022 ms clock, 0.36+0.036/1.4/3.1+0.18 ms cpu, 4->4->2 MB, 5 MB goal, 0 MB stacks, 0 MB globals, 8 P
gc 1969 @150.753s 0%: 0.038+0.86+0.005 ms clock, 0.31+0.036/1.3/2.6+0.043 ms cpu, 4->4->2 MB, 5 MB goal, 0 MB stacks, 0 MB globals, 8 P
gc 1970 @150.835s 0%: 0.039+0.85+0.003 ms clock, 0.31+0.033/1.5/3.5+0.030 ms cpu, 4->4->2 MB, 5 MB goal, 0 MB stacks, 0 MB globals, 8 P
gc 1971 @150.914s 0%: 0.044+0.88+0.003 ms clock, 0.35+0.030/1.6/3.6+0.027 ms cpu, 4->4->2 MB, 5 MB goal, 0 MB stacks, 0 MB globals, 8 P
gc 1972 @150.955s 0%: 0.039+0.67+0.034 ms clock, 0.31+0.032/1.0/2.0+0.27 ms cpu, 4->4->2 MB, 5 MB goal, 0 MB stacks, 0 MB globals, 8 P
gc 1973 @151.036s 0%: 0.055+0.84+0.003 ms clock, 0.44+0.037/1.5/3.3+0.028 ms cpu, 4->4->2 MB, 5 MB goal, 0 MB stacks, 0 MB globals, 8 P
gc 1974 @151.115s 0%: 0.045+0.71+0.003 ms clock, 0.36+0.043/1.3/2.9+0.027 ms cpu, 4->4->2 MB, 5 MB goal, 0 MB stacks, 0 MB globals, 8 P
gc 1975 @151.196s 0%: 0.045+0.98+0.022 ms clock, 0.36+0.036/1.6/3.3+0.18 ms cpu, 4->4->2 MB, 5 MB goal, 0 MB stacks, 0 MB globals, 8 P
gc 1976 @151.282s 0%: 0.045+0.85+0.034 ms clock, 0.36+0.033/1.4/3.3+0.27 ms cpu, 4->4->2 MB, 5 MB goal, 0 MB stacks, 0 MB globals, 8 P
gc 1977 @151.358s 0%: 0.038+0.90+0.003 ms clock, 0.30+0.034/1.7/3.7+0.029 ms cpu, 4->5->2 MB, 5 MB goal, 0 MB stacks, 0 MB globals, 8 P
gc 1978 @151.435s 0%: 0.039+0.86+0.022 ms clock, 0.31+0.052/1.5/3.2+0.17 ms cpu, 4->4->2 MB, 5 MB goal, 0 MB stacks, 0 MB globals, 8 P
gc 1979 @151.516s 0%: 0.039+0.86+0.003 ms clock, 0.31+0.035/1.4/3.0+0.031 ms cpu, 4->4->2 MB, 5 MB goal, 0 MB stacks, 0 MB globals, 8 P
gc 1980 @151.598s 0%: 0.038+0.97+0.024 ms clock, 0.31+0.046/1.6/3.6+0.19 ms cpu, 4->4->2 MB, 5 MB goal, 0 MB stacks, 0 MB globals, 8 P
gc 1981 @151.677s 0%: 0.053+0.84+0.004 ms clock, 0.42+0.034/1.5/3.5+0.033 ms cpu, 4->4->2 MB, 5 MB goal, 0 MB stacks, 0 MB globals, 8 P
gc 1982 @151.753s 0%: 0.042+0.86+0.030 ms clock, 0.34+0.036/1.4/3.4+0.24 ms cpu, 4->4->2 MB, 5 MB goal, 0 MB stacks, 0 MB globals, 8 P
gc 1983 @151.829s 0%: 0.035+0.74+0.017 ms clock, 0.28+0.031/1.2/2.6+0.13 ms cpu, 4->4->2 MB, 5 MB goal, 0 MB stacks, 0 MB globals, 8 P
gc 1984 @151.908s 0%: 0.040+1.0+0.004 ms clock, 0.32+0.032/1.8/3.5+0.032 ms cpu, 4->4->2 MB, 5 MB goal, 0 MB stacks, 0 MB globals, 8 P
gc 1985 @151.955s 0%: 0.048+0.86+0.005 ms clock, 0.38+0.035/1.5/3.5+0.043 ms cpu, 4->4->2 MB, 5 MB goal, 0 MB stacks, 0 MB globals, 8 P
gc 1986 @152.041s 0%: 0.042+0.80+0.032 ms clock, 0.34+0.037/1.3/3.0+0.25 ms cpu, 4->4->2 MB, 5 MB goal, 0 MB stacks, 0 MB globals, 8 P
gc 1987 @152.118s 0%: 0.040+0.84+0.013 ms clock, 0.32+0.043/1.3/2.9+0.10 ms cpu, 4->4->2 MB, 5 MB goal, 0 MB stacks, 0 MB globals, 8 P
gc 1988 @152.203s 0%: 0.036+1.0+0.013 ms clock, 0.29+0.034/1.7/4.5+0.10 ms cpu, 4->4->2 MB, 5 MB goal, 0 MB stacks, 0 MB globals, 8 P
gc 1989 @152.291s 0%: 0.041+0.77+0.017 ms clock, 0.33+0.062/1.3/2.5+0.13 ms cpu, 4->4->2 MB, 5 MB goal, 0 MB stacks, 0 MB globals, 8 P
gc 1990 @152.378s 0%: 0.035+0.95+0.007 ms clock, 0.28+0.053/1.5/3.6+0.060 ms cpu, 4->5->2 MB, 5 MB goal, 0 MB stacks, 0 MB globals, 8 P
gc 1991 @152.465s 0%: 0.054+0.77+0.005 ms clock, 0.43+0.037/1.3/2.9+0.040 ms cpu, 4->4->2 MB, 5 MB goal, 0 MB stacks, 0 MB globals, 8 P
gc 1992 @152.534s 0%: 0.040+1.0+0.018 ms clock, 0.32+0.034/1.7/3.8+0.15 ms cpu, 4->4->2 MB, 5 MB goal, 0 MB stacks, 0 MB globals, 8 P
gc 1993 @152.620s 0%: 0.038+0.73+0.003 ms clock, 0.30+0.033/1.3/2.4+0.030 ms cpu, 4->4->2 MB, 5 MB goal, 0 MB stacks, 0 MB globals, 8 P
gc 1994 @152.702s 0%: 0.040+1.0+0.015 ms clock, 0.32+0.034/1.8/4.5+0.12 ms cpu, 4->4->2 MB, 5 MB goal, 0 MB stacks, 0 MB globals, 8 P
gc 1995 @152.780s 0%: 0.037+0.92+0.023 ms clock, 0.30+0.034/1.6/4.0+0.18 ms cpu, 4->4->2 MB, 5 MB goal, 0 MB stacks, 0 MB globals, 8 P
gc 1996 @152.856s 0%: 0.040+1.0+0.022 ms clock, 0.32+0.050/1.8/4.2+0.18 ms cpu, 4->4->2 MB, 4 MB goal, 0 MB stacks, 0 MB globals, 8 P
gc 1997 @152.929s 0%: 0.037+0.72+0.002 ms clock, 0.30+0.033/1.2/2.7+0.022 ms cpu, 4->4->2 MB, 5 MB goal, 0 MB stacks, 0 MB globals, 8 P
gc 1998 @152.965s 0%: 0.045+0.77+0.003 ms clock, 0.36+0.057/1.4/3.2+0.026 ms cpu, 4->4->2 MB, 5 MB goal, 0 MB stacks, 0 MB globals, 8 P
gc 1999 @153.043s 0%: 0.040+0.86+0.014 ms clock, 0.32+0.034/1.5/3.3+0.11 ms cpu, 4->4->1 MB, 5 MB goal, 0 MB stacks, 0 MB globals, 8 P
gc 2000 @153.120s 0%: 0.048+0.75+0.028 ms clock, 0.38+0.036/1.2/2.7+0.22 ms cpu, 4->4->1 MB, 4 MB goal, 0 MB stacks, 0 MB globals, 8 P
gc 2001 @153.200s 0%: 0.036+0.77+0.015 ms clock, 0.28+0.037/1.2/2.5+0.12 ms cpu, 3->4->2 MB, 4 MB goal, 0 MB stacks, 0 MB globals, 8 P
gc 2002 @153.285s 0%: 0.040+0.94+0.003 ms clock, 0.32+0.034/1.7/4.0+0.024 ms cpu, 4->4->2 MB, 4 MB goal, 0 MB stacks, 0 MB globals, 8 P
gc 2003 @153.364s 0%: 0.036+0.72+0.018 ms clock, 0.29+0.034/1.2/2.4+0.15 ms cpu, 4->4->1 MB, 5 MB goal, 0 MB stacks, 0 MB globals, 8 P
gc 2004 @153.442s 0%: 0.037+0.84+0.003 ms clock, 0.30+0.033/1.3/3.2+0.027 ms cpu, 4->4->1 MB, 4 MB goal, 0 MB stacks, 0 MB globals, 8 P
gc 2005 @153.521s 0%: 0.039+1.0+0.004 ms clock, 0.31+0.036/1.9/4.5+0.034 ms cpu, 4->4->2 MB, 4 MB goal, 0 MB stacks, 0 MB globals, 8 P
gc 2006 @153.603s 0%: 0.036+0.92+0.004 ms clock, 0.29+0.034/1.5/3.7+0.033 ms cpu, 4->4->2 MB, 5 MB goal, 0 MB stacks, 0 MB globals, 8 P
gc 2007 @153.683s 0%: 0.051+0.88+0.004 ms clock, 0.40+0.036/1.5/3.8+0.034 ms cpu, 4->4->2 MB, 5 MB goal, 0 MB stacks, 0 MB globals, 8 P
gc 2008 @153.759s 0%: 0.040+1.1+0.008 ms clock, 0.32+0.034/1.9/4.5+0.070 ms cpu, 4->4->2 MB, 4 MB goal, 0 MB stacks, 0 MB globals, 8 P
gc 2009 @153.829s 0%: 0.040+0.94+0.004 ms clock, 0.32+0.051/1.7/3.8+0.033 ms cpu, 4->4->2 MB, 5 MB goal, 0 MB stacks, 0 MB globals, 8 P
gc 2010 @153.909s 0%: 0.040+0.83+0.014 ms clock, 0.32+0.047/1.4/2.9+0.11 ms cpu, 4->4->2 MB, 4 MB goal, 0 MB stacks, 0 MB globals, 8 P
gc 2011 @153.971s 0%: 0.043+0.96+0.077 ms clock, 0.35+0.039/1.5/3.8+0.62 ms cpu, 4->4->2 MB, 4 MB goal, 0 MB stacks, 0 MB globals, 8 P
gc 2012 @154.041s 0%: 0.035+1.0+0.043 ms clock, 0.28+0.038/1.8/4.3+0.34 ms cpu, 4->4->2 MB, 4 MB goal, 0 MB stacks, 0 MB globals, 8 P
gc 2013 @154.122s 0%: 0.048+0.73+0.029 ms clock, 0.38+0.039/1.1/2.2+0.23 ms cpu, 4->4->2 MB, 5 MB goal, 0 MB stacks, 0 MB globals, 8 P
gc 2014 @154.195s 0%: 0.035+0.91+0.003 ms clock, 0.28+0.033/1.7/3.8+0.027 ms cpu, 4->4->2 MB, 4 MB goal, 0 MB stacks, 0 MB globals, 8 P
gc 2015 @154.265s 0%: 0.044+0.85+0.028 ms clock, 0.35+0.033/1.5/3.4+0.22 ms cpu, 4->4->2 MB, 5 MB goal, 0 MB stacks, 0 MB globals, 8 P
gc 2016 @154.342s 0%: 0.066+0.87+0.007 ms clock, 0.53+0.037/1.4/3.0+0.062 ms cpu, 4->4->2 MB, 4 MB goal, 0 MB stacks, 0 MB globals, 8 P
gc 2017 @154.427s 0%: 0.036+0.83+0.037 ms clock, 0.29+0.032/1.3/2.8+0.30 ms cpu, 4->4->2 MB, 4 MB goal, 0 MB stacks, 0 MB globals, 8 P
gc 2018 @154.483s 0%: 0.039+1.0+0.023 ms clock, 0.31+0.035/1.9/4.5+0.18 ms cpu, 4->4->2 MB, 4 MB goal, 0 MB stacks, 0 MB globals, 8 P
gc 2019 @154.559s 0%: 0.045+1.0+0.003 ms clock, 0.36+0.035/1.9/4.2+0.028 ms cpu, 4->4->2 MB, 5 MB goal, 0 MB stacks, 0 MB globals, 8 P
gc 2020 @154.635s 0%: 0.044+1.0+0.017 ms clock, 0.35+0.035/1.8/4.4+0.13 ms cpu, 4->4->2 MB, 5 MB goal, 0 MB stacks, 0 MB globals, 8 P
gc 2021 @154.726s 0%: 0.038+0.85+0.003 ms clock, 0.31+0.034/1.4/3.4+0.029 ms cpu, 4->4->2 MB, 5 MB goal, 0 MB stacks, 0 MB globals, 8 P
gc 2022 @154.798s 0%: 0.043+0.76+0.008 ms clock, 0.34+0.043/1.2/1.7+0.065 ms cpu, 4->4->2 MB, 4 MB goal, 0 MB stacks, 0 MB globals, 8 P
gc 2023 @154.881s 0%: 0.051+0.92+0.025 ms clock, 0.41+0.12/1.3/3.1+0.20 ms cpu, 4->4->2 MB, 4 MB goal, 0 MB stacks, 0 MB globals, 8 P
gc 2024 @154.952s 0%: 0.16+0.91+0.016 ms clock, 1.2+1.3/1.5/0.66+0.12 ms cpu, 4->4->2 MB, 5 MB goal, 0 MB stacks, 0 MB globals, 8 P
gc 2025 @155.016s 0%: 0.051+1.0+0.047 ms clock, 0.40+0.041/1.8/4.1+0.38 ms cpu, 4->4->2 MB, 5 MB goal, 0 MB stacks, 0 MB globals, 8 P
gc 2026 @155.086s 0%: 0.037+0.88+0.007 ms clock, 0.30+0.034/1.5/3.2+0.056 ms cpu, 4->4->2 MB, 5 MB goal, 0 MB stacks, 0 MB globals, 8 P
gc 2027 @155.157s 0%: 0.048+0.72+0.003 ms clock, 0.38+0.037/1.2/2.5+0.031 ms cpu, 4->4->2 MB, 4 MB goal, 0 MB stacks, 0 MB globals, 8 P
gc 2028 @155.233s 0%: 0.041+0.89+0.004 ms clock, 0.33+0.034/1.6/3.7+0.034 ms cpu, 4->4->2 MB, 5 MB goal, 0 MB stacks, 0 MB globals, 8 P
gc 2029 @155.305s 0%: 0.042+0.97+0.045 ms clock, 0.34+0.033/1.5/3.6+0.36 ms cpu, 4->4->2 MB, 4 MB goal, 0 MB stacks, 0 MB globals, 8 P
gc 2030 @155.382s 0%: 0.035+0.79+0.023 ms clock, 0.28+0.034/1.2/2.9+0.18 ms cpu, 4->4->2 MB, 5 MB goal, 0 MB stacks, 0 MB globals, 8 P
gc 2031 @155.464s 0%: 0.042+0.76+0.055 ms clock, 0.33+0.034/1.3/2.8+0.44 ms cpu, 4->4->2 MB, 5 MB goal, 0 MB stacks, 0 MB globals, 8 P
gc 2032 @155.543s 0%: 0.059+0.78+0.026 ms clock, 0.47+0.036/1.0/2.7+0.21 ms cpu, 4->4->2 MB, 5 MB goal, 0 MB stacks, 0 MB globals, 8 P
gc 2033 @155.617s 0%: 0.036+0.88+0.020 ms clock, 0.29+0.035/1.4/2.9+0.16 ms cpu, 4->4->2 MB, 4 MB goal, 0 MB stacks, 0 MB globals, 8 P
gc 2034 @155.696s 0%: 0.047+0.90+0.019 ms clock, 0.37+0.039/1.5/3.6+0.15 ms cpu, 4->4->1 MB, 5 MB goal, 0 MB stacks, 0 MB globals, 8 P
gc 2035 @155.773s 0%: 0.031+0.79+0.011 ms clock, 0.25+0.027/1.3/3.2+0.089 ms cpu, 4->4->2 MB, 4 MB goal, 0 MB stacks, 0 MB globals, 8 P
gc 2036 @155.857s 0%: 0.036+1.0+0.030 ms clock, 0.29+0.033/1.8/4.3+0.24 ms cpu, 4->4->2 MB, 5 MB goal, 0 MB stacks, 0 MB globals, 8 P
gc 2037 @155.930s 0%: 0.044+0.78+0.027 ms clock, 0.35+0.034/1.2/2.6+0.22 ms cpu, 4->4->2 MB, 5 MB goal, 0 MB stacks, 0 MB globals, 8 P
gc 2038 @155.980s 0%: 0.038+0.71+0.009 ms clock, 0.31+0.035/1.1/2.4+0.072 ms cpu, 4->4->2 MB, 5 MB goal, 0 MB stacks, 0 MB globals, 8 P
gc 2039 @156.051s 0%: 0.035+0.88+0.012 ms clock, 0.28+0.036/1.4/3.2+0.099 ms cpu, 4->4->2 MB, 5 MB goal, 0 MB stacks, 0 MB globals, 8 P
gc 2040 @156.121s 0%: 0.049+0.71+0.002 ms clock, 0.39+0.033/1.2/2.8+0.023 ms cpu, 4->4->2 MB, 5 MB goal, 0 MB stacks, 0 MB globals, 8 P
gc 2041 @156.198s 0%: 0.041+1.0+0.019 ms clock, 0.32+0.035/1.7/4.2+0.15 ms cpu, 4->4->2 MB, 4 MB goal, 0 MB stacks, 0 MB globals, 8 P
gc 2042 @156.275s 0%: 0.059+1.0+0.004 ms clock, 0.47+0.036/1.7/4.1+0.036 ms cpu, 4->4->1 MB, 4 MB goal, 0 MB stacks, 0 MB globals, 8 P
gc 2043 @156.349s 0%: 0.043+0.82+0.008 ms clock, 0.34+0.035/1.4/3.1+0.068 ms cpu, 4->4->2 MB, 4 MB goal, 0 MB stacks, 0 MB globals, 8 P
gc 2044 @156.434s 0%: 0.095+1.0+0.13 ms clock, 0.76+0.035/1.7/4.0+1.0 ms cpu, 4->4->2 MB, 5 MB goal, 0 MB stacks, 0 MB globals, 8 P
gc 2045 @156.506s 0%: 0.074+1.5+0.038 ms clock, 0.59+0.035/1.9/2.5+0.30 ms cpu, 4->4->2 MB, 4 MB goal, 0 MB stacks, 0 MB globals, 8 P
gc 2046 @156.593s 0%: 0.075+0.87+0.011 ms clock, 0.60+0.037/1.5/3.3+0.090 ms cpu, 4->4->2 MB, 5 MB goal, 0 MB stacks, 0 MB globals, 8 P
gc 2047 @156.664s 0%: 0.074+0.78+0.002 ms clock, 0.59+0.21/1.2/1.4+0.022 ms cpu, 4->4->2 MB, 4 MB goal, 0 MB stacks, 0 MB globals, 8 P
gc 2048 @156.738s 0%: 0.061+0.83+0.003 ms clock, 0.49+0.039/1.4/2.6+0.027 ms cpu, 4->4->2 MB, 4 MB goal, 0 MB stacks, 0 MB globals, 8 P
gc 2049 @156.805s 0%: 0.074+0.77+0.021 ms clock, 0.59+0.039/1.3/2.8+0.17 ms cpu, 4->4->2 MB, 4 MB goal, 0 MB stacks, 0 MB globals, 8 P
gc 2050 @156.867s 0%: 0.052+0.80+0.003 ms clock, 0.41+0.036/1.5/3.5+0.028 ms cpu, 4->4->1 MB, 4 MB goal, 0 MB stacks, 0 MB globals, 8 P
gc 2051 @156.960s 0%: 0.13+0.95+0.004 ms clock, 1.0+3.1/1.5/0.003+0.037 ms cpu, 4->5->2 MB, 4 MB goal, 0 MB stacks, 0 MB globals, 8 P
gc 2052 @157.024s 0%: 0.047+0.72+0.006 ms clock, 0.38+0.035/1.2/2.9+0.050 ms cpu, 4->4->2 MB, 5 MB goal, 0 MB stacks, 0 MB globals, 8 P
gc 2053 @157.105s 0%: 0.037+0.71+0.028 ms clock, 0.29+0.036/1.2/2.6+0.22 ms cpu, 4->4->1 MB, 4 MB goal, 0 MB stacks, 0 MB globals, 8 P
gc 2054 @157.172s 0%: 0.040+0.90+0.003 ms clock, 0.32+0.035/1.6/3.6+0.027 ms cpu, 4->4->1 MB, 4 MB goal, 0 MB stacks, 0 MB globals, 8 P
gc 2055 @157.246s 0%: 0.036+0.93+0.004 ms clock, 0.29+0.036/1.6/3.7+0.037 ms cpu, 4->4->2 MB, 4 MB goal, 0 MB stacks, 0 MB globals, 8 P
gc 2056 @157.321s 0%: 0.037+1.0+0.042 ms clock, 0.29+0.035/1.9/4.6+0.34 ms cpu, 4->4->2 MB, 4 MB goal, 0 MB stacks, 0 MB globals, 8 P
gc 2057 @157.405s 0%: 0.075+1.2+0.039 ms clock, 0.60+0.087/1.7/3.0+0.31 ms cpu, 4->4->2 MB, 4 MB goal, 0 MB stacks, 0 MB globals, 8 P
gc 2058 @157.467s 0%: 0.039+1.0+0.014 ms clock, 0.31+0.032/1.7/4.1+0.11 ms cpu, 4->4->2 MB, 5 MB goal, 0 MB stacks, 0 MB globals, 8 P
gc 2059 @157.546s 0%: 0.044+0.75+0.031 ms clock, 0.35+0.033/1.2/2.2+0.25 ms cpu, 4->4->1 MB, 5 MB goal, 0 MB stacks, 0 MB globals, 8 P
gc 2060 @157.623s 0%: 0.036+1.1+0.003 ms clock, 0.29+0.033/2.0/4.8+0.027 ms cpu, 4->4->1 MB, 4 MB goal, 0 MB stacks, 0 MB globals, 8 P
gc 2061 @157.696s 0%: 0.034+0.75+0.005 ms clock, 0.27+0.036/1.2/2.7+0.042 ms cpu, 4->4->2 MB, 4 MB goal, 0 MB stacks, 0 MB globals, 8 P
gc 2062 @157.772s 0%: 0.043+1.1+0.014 ms clock, 0.34+0.036/1.9/4.5+0.11 ms cpu, 4->4->2 MB, 4 MB goal, 0 MB stacks, 0 MB globals, 8 P
gc 2063 @157.848s 0%: 0.046+0.86+0.039 ms clock, 0.37+0.034/1.5/3.1+0.31 ms cpu, 4->4->2 MB, 5 MB goal, 0 MB stacks, 0 MB globals, 8 P
gc 2064 @157.934s 0%: 0.049+0.94+0.055 ms clock, 0.39+0.034/1.6/3.7+0.44 ms cpu, 4->4->2 MB, 5 MB goal, 0 MB stacks, 0 MB globals, 8 P
gc 2065 @157.975s 0%: 0.052+0.73+0.003 ms clock, 0.41+0.038/1.1/2.8+0.031 ms cpu, 4->4->2 MB, 5 MB goal, 0 MB stacks, 0 MB globals, 8 P
gc 2066 @158.054s 0%: 0.039+0.88+0.005 ms clock, 0.31+0.033/1.6/3.5+0.045 ms cpu, 4->4->1 MB, 5 MB goal, 0 MB stacks, 0 MB globals, 8 P
gc 2067 @158.128s 0%: 0.043+1.0+0.025 ms clock, 0.35+0.034/1.9/4.4+0.20 ms cpu, 3->4->2 MB, 4 MB goal, 0 MB stacks, 0 MB globals, 8 P
gc 2068 @158.211s 0%: 0.061+1.2+0.010 ms clock, 0.49+0.12/2.1/2.7+0.081 ms cpu, 4->5->2 MB, 5 MB goal, 0 MB stacks, 0 MB globals, 8 P
gc 2069 @158.286s 0%: 0.044+0.90+0.003 ms clock, 0.35+0.030/1.6/3.4+0.025 ms cpu, 4->4->2 MB, 5 MB goal, 0 MB stacks, 0 MB globals, 8 P
gc 2070 @158.365s 0%: 0.043+0.68+0.004 ms clock, 0.35+0.034/1.2/2.5+0.033 ms cpu, 4->4->2 MB, 5 MB goal, 0 MB stacks, 0 MB globals, 8 P
gc 2071 @158.414s 0%: 0.040+1.1+0.003 ms clock, 0.32+0.033/1.9/4.9+0.028 ms cpu, 4->4->2 MB, 4 MB goal, 0 MB stacks, 0 MB globals, 8 P
gc 2072 @158.498s 0%: 0.027+0.75+0.003 ms clock, 0.21+0.026/1.3/3.0+0.031 ms cpu, 4->4->2 MB, 5 MB goal, 0 MB stacks, 0 MB globals, 8 P
gc 2073 @158.570s 0%: 0.049+1.0+0.017 ms clock, 0.39+0.035/1.9/4.6+0.13 ms cpu, 4->4->2 MB, 5 MB goal, 0 MB stacks, 0 MB globals, 8 P
gc 2074 @158.649s 0%: 0.041+1.0+0.012 ms clock, 0.32+0.035/2.0/4.9+0.10 ms cpu, 4->4->1 MB, 5 MB goal, 0 MB stacks, 0 MB globals, 8 P
gc 2075 @158.720s 0%: 0.043+0.89+0.022 ms clock, 0.34+0.033/1.5/3.4+0.18 ms cpu, 4->4->1 MB, 4 MB goal, 0 MB stacks, 0 MB globals, 8 P
gc 2076 @158.793s 0%: 0.047+0.83+0.005 ms clock, 0.38+0.031/1.3/3.0+0.041 ms cpu, 4->4->2 MB, 4 MB goal, 0 MB stacks, 0 MB globals, 8 P
gc 2077 @158.870s 0%: 0.036+0.82+0.003 ms clock, 0.29+0.033/1.4/3.1+0.024 ms cpu, 4->4->2 MB, 4 MB goal, 0 MB stacks, 0 MB globals, 8 P
gc 2078 @158.943s 0%: 0.038+0.93+0.003 ms clock, 0.31+0.033/1.6/3.6+0.024 ms cpu, 4->4->1 MB, 4 MB goal, 0 MB stacks, 0 MB globals, 8 P
gc 2079 @158.977s 0%: 0.036+0.70+0.005 ms clock, 0.28+0.029/1.1/2.4+0.040 ms cpu, 4->4->2 MB, 4 MB goal, 0 MB stacks, 0 MB globals, 8 P
gc 2080 @159.061s 0%: 0.089+1.1+0.019 ms clock, 0.71+0.095/1.8/3.3+0.15 ms cpu, 4->5->2 MB, 5 MB goal, 0 MB stacks, 0 MB globals, 8 P
gc 2081 @159.106s 0%: 0.048+0.81+0.029 ms clock, 0.39+0.033/1.4/2.7+0.23 ms cpu, 4->4->2 MB, 5 MB goal, 0 MB stacks, 0 MB globals, 8 P
gc 2082 @159.187s 0%: 0.044+1.0+0.035 ms clock, 0.35+0.036/1.8/2.3+0.28 ms cpu, 4->4->1 MB, 5 MB goal, 0 MB stacks, 0 MB globals, 8 P
gc 2083 @159.261s 0%: 0.040+0.71+0.041 ms clock, 0.32+0.033/1.1/2.4+0.33 ms cpu, 4->4->2 MB, 4 MB goal, 0 MB stacks, 0 MB globals, 8 P
gc 2084 @159.338s 0%: 0.046+1.0+0.016 ms clock, 0.36+0.034/1.7/3.9+0.13 ms cpu, 4->4->1 MB, 5 MB goal, 0 MB stacks, 0 MB globals, 8 P
gc 2085 @159.416s 0%: 0.037+1.1+0.031 ms clock, 0.30+0.032/1.9/4.5+0.24 ms cpu, 4->4->2 MB, 4 MB goal, 0 MB stacks, 0 MB globals, 8 P
gc 2086 @159.488s 0%: 0.037+0.88+0.003 ms clock, 0.29+0.036/1.5/3.3+0.027 ms cpu, 4->4->2 MB, 5 MB goal, 0 MB stacks, 0 MB globals, 8 P
gc 2087 @159.562s 0%: 0.037+0.86+0.004 ms clock, 0.30+0.10/1.5/3.1+0.038 ms cpu, 4->4->2 MB, 5 MB goal, 0 MB stacks, 0 MB globals, 8 P
gc 2088 @159.645s 0%: 0.036+0.98+0.003 ms clock, 0.29+0.036/1.7/4.3+0.026 ms cpu, 4->4->1 MB, 4 MB goal, 0 MB stacks, 0 MB globals, 8 P
gc 2089 @159.717s 0%: 0.038+0.84+0.011 ms clock, 0.30+0.034/1.4/3.5+0.092 ms cpu, 4->4->2 MB, 4 MB goal, 0 MB stacks, 0 MB globals, 8 P
gc 2090 @159.795s 0%: 0.041+0.66+0.004 ms clock, 0.32+0.034/1.1/2.5+0.033 ms cpu, 4->4->2 MB, 5 MB goal, 0 MB stacks, 0 MB globals, 8 P
gc 2091 @159.868s 0%: 0.040+1.2+0.012 ms clock, 0.32+0.037/2.2/5.4+0.097 ms cpu, 4->5->2 MB, 5 MB goal, 0 MB stacks, 0 MB globals, 8 P
gc 2092 @159.950s 0%: 0.043+1.0+0.005 ms clock, 0.34+0.033/2.0/4.6+0.047 ms cpu, 4->4->2 MB, 5 MB goal, 0 MB stacks, 0 MB globals, 8 P
gc 2093 @159.995s 0%: 0.031+0.90+0.017 ms clock, 0.25+0.028/1.5/3.6+0.14 ms cpu, 4->4->2 MB, 5 MB goal, 0 MB stacks, 0 MB globals, 8 P
gc 2094 @160.062s 0%: 0.038+1.0+0.015 ms clock, 0.30+0.034/1.8/4.4+0.12 ms cpu, 4->4->2 MB, 5 MB goal, 0 MB stacks, 0 MB globals, 8 P
gc 2095 @160.137s 0%: 0.044+1.0+0.019 ms clock, 0.35+0.034/1.8/4.4+0.15 ms cpu, 4->4->2 MB, 4 MB goal, 0 MB stacks, 0 MB globals, 8 P
gc 2096 @160.214s 0%: 0.093+0.78+0.004 ms clock, 0.74+0.041/1.3/2.5+0.034 ms cpu, 4->4->2 MB, 4 MB goal, 0 MB stacks, 0 MB globals, 8 P
gc 2097 @160.292s 0%: 0.050+0.95+0.006 ms clock, 0.40+0.036/1.7/3.8+0.052 ms cpu, 4->4->1 MB, 4 MB goal, 0 MB stacks, 0 MB globals, 8 P
gc 2098 @160.372s 0%: 0.040+0.84+0.020 ms clock, 0.32+0.031/1.4/3.3+0.16 ms cpu, 4->4->2 MB, 4 MB goal, 0 MB stacks, 0 MB globals, 8 P
gc 2099 @160.449s 0%: 0.077+1.0+0.003 ms clock, 0.62+0.17/1.9/4.2+0.029 ms cpu, 4->4->2 MB, 4 MB goal, 0 MB stacks, 0 MB globals, 8 P
gc 2100 @160.533s 0%: 0.067+2.9+0.006 ms clock, 0.54+0.045/0.92/0.42+0.048 ms cpu, 4->4->1 MB, 5 MB goal, 0 MB stacks, 0 MB globals, 8 P
gc 2101 @160.599s 0%: 0.035+0.74+0.003 ms clock, 0.28+0.033/1.2/2.6+0.026 ms cpu, 3->4->2 MB, 4 MB goal, 0 MB stacks, 0 MB globals, 8 P
gc 2102 @160.685s 0%: 0.037+0.64+0.030 ms clock, 0.29+0.033/1.0/2.2+0.24 ms cpu, 4->4->1 MB, 4 MB goal, 0 MB stacks, 0 MB globals, 8 P
gc 2103 @160.761s 0%: 0.042+0.91+0.003 ms clock, 0.34+0.033/1.7/4.1+0.025 ms cpu, 3->4->1 MB, 4 MB goal, 0 MB stacks, 0 MB globals, 8 P
gc 2104 @160.839s 0%: 0.051+0.81+0.013 ms clock, 0.41+0.035/1.3/2.8+0.10 ms cpu, 3->4->2 MB, 4 MB goal, 0 MB stacks, 0 MB globals, 8 P
gc 2105 @160.909s 0%: 0.049+0.99+0.012 ms clock, 0.39+0.031/1.7/4.0+0.098 ms cpu, 4->4->2 MB, 4 MB goal, 0 MB stacks, 0 MB globals, 8 P
gc 2106 @160.976s 0%: 0.088+0.84+0.015 ms clock, 0.70+1.4/1.3/0.16+0.12 ms cpu, 4->5->2 MB, 5 MB goal, 0 MB stacks, 0 MB globals, 8 P
gc 2107 @161.072s 0%: 0.041+0.91+0.003 ms clock, 0.32+0.035/1.6/3.8+0.028 ms cpu, 4->4->2 MB, 5 MB goal, 0 MB stacks, 0 MB globals, 8 P
gc 2108 @161.146s 0%: 0.037+0.88+0.029 ms clock, 0.30+0.033/1.4/3.3+0.23 ms cpu, 4->4->2 MB, 5 MB goal, 0 MB stacks, 0 MB globals, 8 P
gc 2109 @161.219s 0%: 0.034+1.2+0.003 ms clock, 0.27+0.036/2.2/5.5+0.031 ms cpu, 4->4->2 MB, 5 MB goal, 0 MB stacks, 0 MB globals, 8 P
gc 2110 @161.294s 0%: 0.038+1.0+0.031 ms clock, 0.31+0.034/1.9/4.6+0.24 ms cpu, 4->4->2 MB, 4 MB goal, 0 MB stacks, 0 MB globals, 8 P
gc 2111 @161.378s 0%: 0.039+0.77+0.003 ms clock, 0.31+0.034/1.2/3.0+0.029 ms cpu, 4->4->1 MB, 5 MB goal, 0 MB stacks, 0 MB globals, 8 P
gc 2112 @161.451s 0%: 0.043+1.0+0.003 ms clock, 0.34+0.036/1.7/3.9+0.028 ms cpu, 3->4->2 MB, 4 MB goal, 0 MB stacks, 0 MB globals, 8 P
gc 2113 @161.529s 0%: 0.044+0.76+0.021 ms clock, 0.35+0.032/1.3/2.5+0.17 ms cpu, 4->4->2 MB, 4 MB goal, 0 MB stacks, 0 MB globals, 8 P
gc 2114 @161.604s 0%: 0.051+0.81+0.023 ms clock, 0.41+0.040/1.3/2.8+0.18 ms cpu, 4->4->1 MB, 4 MB goal, 0 MB stacks, 0 MB globals, 8 P
gc 2115 @161.670s 0%: 0.078+0.68+0.063 ms clock, 0.62+0.44/1.0/1.9+0.50 ms cpu, 4->4->2 MB, 4 MB goal, 0 MB stacks, 0 MB globals, 8 P
gc 2116 @161.738s 0%: 0.038+0.95+0.013 ms clock, 0.30+0.032/1.6/3.4+0.10 ms cpu, 4->4->2 MB, 5 MB goal, 0 MB stacks, 0 MB globals, 8 P
gc 2117 @161.826s 0%: 0.041+0.95+0.022 ms clock, 0.33+0.038/1.7/3.8+0.18 ms cpu, 4->4->2 MB, 5 MB goal, 0 MB stacks, 0 MB globals, 8 P
gc 2118 @161.904s 0%: 0.081+0.80+0.030 ms clock, 0.65+0.11/1.3/2.5+0.24 ms cpu, 4->4->2 MB, 4 MB goal, 0 MB stacks, 0 MB globals, 8 P
gc 2119 @161.980s 0%: 0.10+0.89+0.051 ms clock, 0.86+1.1/1.3/0.052+0.40 ms cpu, 4->4->2 MB, 5 MB goal, 0 MB stacks, 0 MB globals, 8 P
gc 2120 @162.061s 0%: 0.042+1.0+0.003 ms clock, 0.34+0.033/1.8/4.6+0.030 ms cpu, 4->4->2 MB, 5 MB goal, 0 MB stacks, 0 MB globals, 8 P
gc 2121 @162.141s 0%: 0.045+0.86+0.003 ms clock, 0.36+0.037/1.5/3.6+0.028 ms cpu, 4->4->1 MB, 5 MB goal, 0 MB stacks, 0 MB globals, 8 P
gc 2122 @162.220s 0%: 0.046+0.82+0.004 ms clock, 0.37+0.034/1.3/2.4+0.038 ms cpu, 3->4->1 MB, 4 MB goal, 0 MB stacks, 0 MB globals, 8 P
gc 2123 @162.294s 0%: 0.042+0.68+0.004 ms clock, 0.34+0.032/1.1/2.9+0.037 ms cpu, 4->4->2 MB, 4 MB goal, 0 MB stacks, 0 MB globals, 8 P
gc 2124 @162.371s 0%: 0.035+0.83+0.003 ms clock, 0.28+0.033/1.3/3.1+0.030 ms cpu, 4->4->2 MB, 4 MB goal, 0 MB stacks, 0 MB globals, 8 P
gc 2125 @162.433s 0%: 0.042+0.87+0.003 ms clock, 0.34+0.033/1.5/3.4+0.026 ms cpu, 4->4->2 MB, 5 MB goal, 0 MB stacks, 0 MB globals, 8 P
gc 2126 @162.510s 0%: 0.041+1.1+0.026 ms clock, 0.33+0.033/2.0/4.8+0.21 ms cpu, 4->4->2 MB, 5 MB goal, 0 MB stacks, 0 MB globals, 8 P
gc 2127 @162.584s 0%: 0.040+0.89+0.019 ms clock, 0.32+0.10/1.5/3.5+0.15 ms cpu, 4->4->2 MB, 4 MB goal, 0 MB stacks, 0 MB globals, 8 P
gc 2128 @162.652s 0%: 0.036+1.1+0.011 ms clock, 0.29+0.033/1.9/4.5+0.089 ms cpu, 4->4->2 MB, 4 MB goal, 0 MB stacks, 0 MB globals, 8 P
gc 2129 @162.726s 0%: 0.042+1.0+0.003 ms clock, 0.34+0.031/1.8/4.2+0.031 ms cpu, 4->4->2 MB, 5 MB goal, 0 MB stacks, 0 MB globals, 8 P
gc 2130 @162.808s 0%: 0.038+0.71+0.002 ms clock, 0.30+0.032/1.3/2.7+0.023 ms cpu, 4->4->1 MB, 4 MB goal, 0 MB stacks, 0 MB globals, 8 P
gc 2131 @162.884s 0%: 0.046+0.96+0.003 ms clock, 0.36+0.035/1.7/4.0+0.024 ms cpu, 3->4->2 MB, 4 MB goal, 0 MB stacks, 0 MB globals, 8 P
gc 2132 @162.959s 0%: 0.049+0.72+0.040 ms clock, 0.39+0.039/1.0/2.4+0.32 ms cpu, 4->4->2 MB, 4 MB goal, 0 MB stacks, 0 MB globals, 8 P
gc 2133 @162.995s 0%: 0.035+0.76+0.029 ms clock, 0.28+0.030/1.3/2.8+0.23 ms cpu, 4->4->2 MB, 5 MB goal, 0 MB stacks, 0 MB globals, 8 P
gc 2134 @163.069s 0%: 0.045+0.92+0.020 ms clock, 0.36+0.036/1.5/3.5+0.16 ms cpu, 4->4->2 MB, 5 MB goal, 0 MB stacks, 0 MB globals, 8 P
gc 2135 @163.146s 0%: 0.047+0.74+0.010 ms clock, 0.37+0.031/1.2/2.6+0.084 ms cpu, 4->4->2 MB, 5 MB goal, 0 MB stacks, 0 MB globals, 8 P
gc 2136 @163.235s 0%: 0.035+0.88+0.004 ms clock, 0.28+0.033/1.4/3.1+0.037 ms cpu, 4->4->1 MB, 5 MB goal, 0 MB stacks, 0 MB globals, 8 P
gc 2137 @163.307s 0%: 0.041+0.88+0.004 ms clock, 0.32+0.033/1.5/3.4+0.037 ms cpu, 4->4->2 MB, 4 MB goal, 0 MB stacks, 0 MB globals, 8 P
gc 2138 @163.379s 0%: 0.042+0.78+0.022 ms clock, 0.33+0.033/1.2/3.0+0.18 ms cpu, 4->4->2 MB, 5 MB goal, 0 MB stacks, 0 MB globals, 8 P
gc 2139 @163.458s 0%: 0.041+1.0+0.021 ms clock, 0.33+0.088/1.6/3.6+0.17 ms cpu, 4->4->2 MB, 4 MB goal, 0 MB stacks, 0 MB globals, 8 P
gc 2140 @163.529s 0%: 0.055+0.76+0.018 ms clock, 0.44+0.031/1.3/3.2+0.14 ms cpu, 4->4->2 MB, 5 MB goal, 0 MB stacks, 0 MB globals, 8 P
gc 2141 @163.610s 0%: 0.040+1.1+0.073 ms clock, 0.32+0.032/2.0/4.4+0.58 ms cpu, 4->4->2 MB, 4 MB goal, 0 MB stacks, 0 MB globals, 8 P
gc 2142 @163.690s 0%: 0.046+0.88+0.004 ms clock, 0.37+0.035/1.5/3.3+0.032 ms cpu, 4->4->2 MB, 5 MB goal, 0 MB stacks, 0 MB globals, 8 P
gc 2143 @163.763s 0%: 0.038+0.80+0.022 ms clock, 0.31+0.034/1.2/2.9+0.17 ms cpu, 4->4->2 MB, 4 MB goal, 0 MB stacks, 0 MB globals, 8 P
gc 2144 @163.850s 0%: 0.046+1.0+0.018 ms clock, 0.37+0.032/1.9/4.6+0.14 ms cpu, 4->4->2 MB, 4 MB goal, 0 MB stacks, 0 MB globals, 8 P
gc 2145 @163.932s 0%: 0.043+0.91+0.003 ms clock, 0.34+0.033/1.5/3.5+0.031 ms cpu, 4->4->1 MB, 4 MB goal, 0 MB stacks, 0 MB globals, 8 P
gc 2146 @163.987s 0%: 0.13+0.89+0.024 ms clock, 1.1+1.7/1.4/0.86+0.19 ms cpu, 4->4->2 MB, 4 MB goal, 0 MB stacks, 0 MB globals, 8 P
gc 2147 @164.061s 0%: 0.032+1.1+0.022 ms clock, 0.26+0.030/2.0/4.5+0.17 ms cpu, 4->4->2 MB, 5 MB goal, 0 MB stacks, 0 MB globals, 8 P
gc 2148 @164.140s 0%: 0.044+1.0+0.026 ms clock, 0.35+0.033/1.7/4.0+0.20 ms cpu, 4->4->2 MB, 5 MB goal, 0 MB stacks, 0 MB globals, 8 P
gc 2149 @164.216s 0%: 0.039+1.0+0.003 ms clock, 0.31+0.036/1.9/4.1+0.028 ms cpu, 4->4->2 MB, 5 MB goal, 0 MB stacks, 0 MB globals, 8 P
gc 2150 @164.287s 0%: 0.045+0.97+0.014 ms clock, 0.36+0.034/1.6/3.9+0.11 ms cpu, 4->4->2 MB, 4 MB goal, 0 MB stacks, 0 MB globals, 8 P
gc 2151 @164.372s 0%: 0.045+1.1+0.020 ms clock, 0.36+0.036/2.1/5.0+0.16 ms cpu, 4->4->2 MB, 5 MB goal, 0 MB stacks, 0 MB globals, 8 P
gc 2152 @164.456s 0%: 0.058+0.94+0.027 ms clock, 0.46+0.040/1.7/3.8+0.22 ms cpu, 4->4->2 MB, 4 MB goal, 0 MB stacks, 0 MB globals, 8 P
gc 2153 @164.540s 0%: 0.045+1.0+0.012 ms clock, 0.36+0.035/1.8/4.4+0.10 ms cpu, 4->4->2 MB, 4 MB goal, 0 MB stacks, 0 MB globals, 8 P
gc 2154 @164.619s 0%: 0.033+1.0+0.023 ms clock, 0.27+0.029/1.8/4.2+0.19 ms cpu, 4->4->2 MB, 5 MB goal, 0 MB stacks, 0 MB globals, 8 P
gc 2155 @164.698s 0%: 0.037+0.79+0.003 ms clock, 0.29+0.031/1.4/3.2+0.027 ms cpu, 4->4->2 MB, 4 MB goal, 0 MB stacks, 0 MB globals, 8 P
gc 2156 @164.779s 0%: 0.045+0.79+0.003 ms clock, 0.36+0.033/1.3/3.0+0.027 ms cpu, 4->4->1 MB, 4 MB goal, 0 MB stacks, 0 MB globals, 8 P
gc 2157 @164.847s 0%: 0.047+1.0+0.008 ms clock, 0.37+0.038/1.7/4.0+0.067 ms cpu, 3->4->1 MB, 4 MB goal, 0 MB stacks, 0 MB globals, 8 P
gc 2158 @164.922s 0%: 0.045+0.77+0.003 ms clock, 0.36+0.039/1.3/2.9+0.025 ms cpu, 4->4->2 MB, 4 MB goal, 0 MB stacks, 0 MB globals, 8 P
gc 2159 @164.991s 0%: 0.12+0.87+0.025 ms clock, 0.99+1.9/1.4/0.25+0.20 ms cpu, 4->4->2 MB, 4 MB goal, 0 MB stacks, 0 MB globals, 8 P
gc 2160 @165.038s 0%: 0.037+0.78+0.013 ms clock, 0.30+0.035/1.3/2.6+0.10 ms cpu, 4->4->2 MB, 5 MB goal, 0 MB stacks, 0 MB globals, 8 P
gc 2161 @165.119s 0%: 0.038+1.1+0.003 ms clock, 0.30+0.029/2.0/4.7+0.026 ms cpu, 4->4->2 MB, 5 MB goal, 0 MB stacks, 0 MB globals, 8 P
gc 2162 @165.205s 0%: 0.036+0.78+0.003 ms clock, 0.29+0.032/1.4/3.1+0.025 ms cpu, 4->4->2 MB, 5 MB goal, 0 MB stacks, 0 MB globals, 8 P
gc 2163 @165.280s 0%: 0.038+1.1+0.077 ms clock, 0.31+0.034/2.0/4.6+0.61 ms cpu, 4->4->2 MB, 5 MB goal, 0 MB stacks, 0 MB globals, 8 P
gc 2164 @165.350s 0%: 0.040+0.88+0.028 ms clock, 0.32+0.033/1.4/3.4+0.22 ms cpu, 4->4->2 MB, 4 MB goal, 0 MB stacks, 0 MB globals, 8 P
gc 2165 @165.427s 0%: 0.048+0.99+0.019 ms clock, 0.38+0.036/1.6/3.9+0.15 ms cpu, 4->4->2 MB, 5 MB goal, 0 MB stacks, 0 MB globals, 8 P
gc 2166 @165.507s 0%: 0.039+0.76+0.010 ms clock, 0.31+0.040/1.2/2.8+0.086 ms cpu, 4->4->2 MB, 4 MB goal, 0 MB stacks, 0 MB globals, 8 P
gc 2167 @165.581s 0%: 0.036+0.87+0.004 ms clock, 0.29+0.033/1.4/3.4+0.034 ms cpu, 4->4->2 MB, 5 MB goal, 0 MB stacks, 0 MB globals, 8 P
gc 2168 @165.660s 0%: 0.048+0.89+0.003 ms clock, 0.39+0.034/1.6/3.7+0.029 ms cpu, 4->4->2 MB, 4 MB goal, 0 MB stacks, 0 MB globals, 8 P
gc 2169 @165.740s 0%: 0.041+0.84+0.010 ms clock, 0.32+0.032/1.2/2.8+0.086 ms cpu, 4->4->2 MB, 5 MB goal, 0 MB stacks, 0 MB globals, 8 P
gc 2170 @165.831s 0%: 0.039+0.84+0.008 ms clock, 0.31+0.034/1.5/2.6+0.068 ms cpu, 4->4->2 MB, 5 MB goal, 0 MB stacks, 0 MB globals, 8 P
gc 2171 @165.913s 0%: 0.046+1.0+0.022 ms clock, 0.37+0.034/1.7/3.9+0.18 ms cpu, 4->4->2 MB, 4 MB goal, 0 MB stacks, 0 MB globals, 8 P
gc 2172 @165.995s 0%: 0.073+0.84+0.022 ms clock, 0.59+1.8/1.4/0.11+0.18 ms cpu, 4->4->2 MB, 5 MB goal, 0 MB stacks, 0 MB globals, 8 P
gc 2173 @166.078s 0%: 0.035+1.0+0.004 ms clock, 0.28+0.031/1.9/4.7+0.035 ms cpu, 4->4->2 MB, 5 MB goal, 0 MB stacks, 0 MB globals, 8 P
gc 2174 @166.157s 0%: 0.050+0.77+0.020 ms clock, 0.40+0.034/1.2/2.6+0.16 ms cpu, 4->4->1 MB, 4 MB goal, 0 MB stacks, 0 MB globals, 8 P
gc 2175 @166.238s 0%: 0.034+0.81+0.025 ms clock, 0.27+0.028/1.3/3.0+0.20 ms cpu, 4->4->2 MB, 4 MB goal, 0 MB stacks, 0 MB globals, 8 P
gc 2176 @166.310s 0%: 0.042+0.83+0.011 ms clock, 0.34+0.034/1.5/3.0+0.092 ms cpu, 4->4->2 MB, 4 MB goal, 0 MB stacks, 0 MB globals, 8 P
gc 2177 @166.387s 0%: 0.045+0.92+0.003 ms clock, 0.36+0.041/1.6/3.8+0.030 ms cpu, 4->4->2 MB, 4 MB goal, 0 MB stacks, 0 MB globals, 8 P
gc 2178 @166.472s 0%: 0.044+0.85+0.004 ms clock, 0.35+0.035/1.5/3.0+0.033 ms cpu, 4->4->1 MB, 4 MB goal, 0 MB stacks, 0 MB globals, 8 P
gc 2179 @166.544s 0%: 0.055+1.0+0.005 ms clock, 0.44+0.036/1.9/4.5+0.047 ms cpu, 4->4->2 MB, 4 MB goal, 0 MB stacks, 0 MB globals, 8 P
gc 2180 @166.618s 0%: 0.042+0.83+0.021 ms clock, 0.33+0.033/1.4/3.0+0.17 ms cpu, 4->4->2 MB, 4 MB goal, 0 MB stacks, 0 MB globals, 8 P
gc 2181 @166.705s 0%: 0.042+0.89+0.016 ms clock, 0.34+0.036/1.3/3.3+0.13 ms cpu, 4->4->1 MB, 5 MB goal, 0 MB stacks, 0 MB globals, 8 P
gc 2182 @166.779s 0%: 0.043+1.0+0.013 ms clock, 0.34+0.034/1.8/4.0+0.10 ms cpu, 4->4->2 MB, 4 MB goal, 0 MB stacks, 0 MB globals, 8 P
gc 2183 @166.864s 0%: 0.049+0.97+0.018 ms clock, 0.39+0.037/1.6/3.6+0.15 ms cpu, 4->4->2 MB, 5 MB goal, 0 MB stacks, 0 MB globals, 8 P
gc 2184 @166.944s 0%: 0.074+0.87+0.029 ms clock, 0.59+0.033/1.3/3.0+0.23 ms cpu, 4->4->2 MB, 5 MB goal, 0 MB stacks, 0 MB globals, 8 P
gc 2185 @166.999s 0%: 0.15+0.92+0.030 ms clock, 1.2+0.94/1.6/2.2+0.24 ms cpu, 4->4->2 MB, 4 MB goal, 0 MB stacks, 0 MB globals, 8 P
gc 2186 @167.088s 0%: 0.036+1.1+0.003 ms clock, 0.29+0.036/2.0/4.9+0.025 ms cpu, 4->5->2 MB, 5 MB goal, 0 MB stacks, 0 MB globals, 8 P
gc 2187 @167.168s 0%: 0.038+0.99+0.011 ms clock, 0.30+0.033/1.6/3.9+0.089 ms cpu, 4->4->2 MB, 5 MB goal, 0 MB stacks, 0 MB globals, 8 P
gc 2188 @167.251s 0%: 0.039+0.92+0.018 ms clock, 0.31+0.037/1.5/3.9+0.14 ms cpu, 4->4->1 MB, 5 MB goal, 0 MB stacks, 0 MB globals, 8 P
gc 2189 @167.325s 0%: 0.045+1.1+0.004 ms clock, 0.36+0.035/2.1/4.6+0.037 ms cpu, 4->4->2 MB, 4 MB goal, 0 MB stacks, 0 MB globals, 8 P
gc 2190 @167.402s 0%: 0.047+1.0+0.017 ms clock, 0.37+0.041/1.8/4.3+0.14 ms cpu, 4->4->2 MB, 4 MB goal, 0 MB stacks, 0 MB globals, 8 P
gc 2191 @167.483s 0%: 0.040+0.90+0.008 ms clock, 0.32+0.033/1.4/3.3+0.064 ms cpu, 4->4->2 MB, 4 MB goal, 0 MB stacks, 0 MB globals, 8 P
gc 2192 @167.560s 0%: 0.041+0.99+0.004 ms clock, 0.32+0.033/1.7/4.4+0.034 ms cpu, 4->4->2 MB, 4 MB goal, 0 MB stacks, 0 MB globals, 8 P
gc 2193 @167.635s 0%: 0.049+0.73+0.003 ms clock, 0.39+0.036/1.3/2.7+0.030 ms cpu, 4->4->2 MB, 4 MB goal, 0 MB stacks, 0 MB globals, 8 P
gc 2194 @167.720s 0%: 0.056+0.76+0.005 ms clock, 0.44+0.036/1.3/2.3+0.040 ms cpu, 4->4->2 MB, 5 MB goal, 0 MB stacks, 0 MB globals, 8 P
gc 2195 @167.794s 0%: 1.5+1.8+0.047 ms clock, 12+0.058/1.9/1.3+0.37 ms cpu, 4->4->1 MB, 4 MB goal, 0 MB stacks, 0 MB globals, 8 P
gc 2196 @167.851s 0%: 0.038+0.81+0.014 ms clock, 0.30+0.035/1.4/3.0+0.11 ms cpu, 3->3->1 MB, 4 MB goal, 0 MB stacks, 0 MB globals, 8 P
gc 2197 @167.924s 0%: 0.053+0.83+0.014 ms clock, 0.43+0.039/1.4/3.1+0.11 ms cpu, 4->4->2 MB, 4 MB goal, 0 MB stacks, 0 MB globals, 8 P
gc 2198 @168.002s 0%: 0.14+0.86+0.038 ms clock, 1.1+1.7/1.4/0.12+0.30 ms cpu, 4->5->2 MB, 5 MB goal, 0 MB stacks, 0 MB globals, 8 P
gc 2199 @168.086s 0%: 0.046+1.0+0.026 ms clock, 0.37+0.033/1.9/4.4+0.21 ms cpu, 4->5->2 MB, 5 MB goal, 0 MB stacks, 0 MB globals, 8 P
gc 2200 @168.173s 0%: 0.036+0.84+0.003 ms clock, 0.29+0.027/1.4/2.8+0.031 ms cpu, 4->4->2 MB, 5 MB goal, 0 MB stacks, 0 MB globals, 8 P
gc 2201 @168.255s 0%: 0.038+0.65+0.019 ms clock, 0.30+0.035/1.0/2.3+0.15 ms cpu, 4->4->1 MB, 5 MB goal, 0 MB stacks, 0 MB globals, 8 P
gc 2202 @168.329s 0%: 0.041+1.0+0.010 ms clock, 0.33+0.033/1.9/4.6+0.081 ms cpu, 3->3->1 MB, 4 MB goal, 0 MB stacks, 0 MB globals, 8 P
gc 2203 @168.397s 0%: 0.041+0.85+0.019 ms clock, 0.32+0.035/1.3/3.2+0.15 ms cpu, 3->4->2 MB, 4 MB goal, 0 MB stacks, 0 MB globals, 8 P
gc 2204 @168.461s 0%: 0.041+1.0+0.007 ms clock, 0.33+0.033/1.8/4.3+0.061 ms cpu, 4->4->1 MB, 4 MB goal, 0 MB stacks, 0 MB globals, 8 P
gc 2205 @168.539s 0%: 0.037+1.0+0.016 ms clock, 0.30+0.035/1.9/4.4+0.12 ms cpu, 4->4->1 MB, 4 MB goal, 0 MB stacks, 0 MB globals, 8 P
gc 2206 @168.611s 0%: 0.043+0.88+0.005 ms clock, 0.35+0.14/1.5/3.2+0.042 ms cpu, 4->4->2 MB, 4 MB goal, 0 MB stacks, 0 MB globals, 8 P
gc 2207 @168.692s 0%: 0.037+0.83+0.003 ms clock, 0.29+0.032/1.3/2.7+0.030 ms cpu, 4->4->1 MB, 4 MB goal, 0 MB stacks, 0 MB globals, 8 P
gc 2208 @168.767s 0%: 0.037+0.87+0.003 ms clock, 0.29+0.031/1.5/4.0+0.030 ms cpu, 4->4->2 MB, 4 MB goal, 0 MB stacks, 0 MB globals, 8 P
gc 2209 @168.850s 0%: 0.051+0.88+0.003 ms clock, 0.41+0.037/1.6/3.8+0.031 ms cpu, 4->4->2 MB, 5 MB goal, 0 MB stacks, 0 MB globals, 8 P
gc 2210 @168.933s 0%: 0.046+1.0+0.012 ms clock, 0.37+0.035/1.7/3.7+0.10 ms cpu, 4->4->2 MB, 5 MB goal, 0 MB stacks, 0 MB globals, 8 P
gc 2211 @169.006s 0%: 0.085+0.91+0.004 ms clock, 0.68+2.1/1.5/0.015+0.039 ms cpu, 4->4->2 MB, 4 MB goal, 0 MB stacks, 0 MB globals, 8 P
gc 2212 @169.085s 0%: 0.040+0.91+0.020 ms clock, 0.32+0.032/1.6/3.9+0.16 ms cpu, 4->4->2 MB, 5 MB goal, 0 MB stacks, 0 MB globals, 8 P
gc 2213 @169.168s 0%: 0.044+0.93+0.020 ms clock, 0.35+0.038/1.6/2.7+0.16 ms cpu, 4->4->1 MB, 4 MB goal, 0 MB stacks, 0 MB globals, 8 P
gc 2214 @169.248s 0%: 0.037+1.0+0.004 ms clock, 0.29+0.038/1.9/4.6+0.034 ms cpu, 3->4->1 MB, 4 MB goal, 0 MB stacks, 0 MB globals, 8 P
gc 2215 @169.322s 0%: 0.074+0.87+0.085 ms clock, 0.59+0.042/1.3/2.6+0.68 ms cpu, 4->4->1 MB, 4 MB goal, 0 MB stacks, 0 MB globals, 8 P
gc 2216 @169.386s 0%: 0.036+1.1+0.011 ms clock, 0.29+0.036/2.0/4.8+0.090 ms cpu, 4->4->1 MB, 4 MB goal, 0 MB stacks, 0 MB globals, 8 P
gc 2217 @169.456s 0%: 0.043+0.84+0.056 ms clock, 0.34+0.036/1.4/2.5+0.44 ms cpu, 4->4->2 MB, 4 MB goal, 0 MB stacks, 0 MB globals, 8 P
gc 2218 @169.534s 0%: 0.037+0.81+0.023 ms clock, 0.30+0.034/1.4/2.7+0.19 ms cpu, 4->4->1 MB, 4 MB goal, 0 MB stacks, 0 MB globals, 8 P
gc 2219 @169.608s 0%: 0.042+0.87+0.055 ms clock, 0.33+0.046/1.2/2.9+0.44 ms cpu, 3->4->2 MB, 4 MB goal, 0 MB stacks, 0 MB globals, 8 P
gc 2220 @169.678s 0%: 0.037+0.85+0.003 ms clock, 0.30+0.033/1.5/3.6+0.030 ms cpu, 4->4->2 MB, 5 MB goal, 0 MB stacks, 0 MB globals, 8 P
gc 2221 @169.755s 0%: 0.036+0.91+0.005 ms clock, 0.29+0.033/1.5/3.4+0.043 ms cpu, 4->4->1 MB, 5 MB goal, 0 MB stacks, 0 MB globals, 8 P
gc 2222 @169.830s 0%: 0.053+0.85+0.027 ms clock, 0.42+0.036/1.4/3.4+0.22 ms cpu, 3->4->2 MB, 4 MB goal, 0 MB stacks, 0 MB globals, 8 P
gc 2223 @169.903s 0%: 0.039+0.76+0.010 ms clock, 0.31+0.030/1.3/2.6+0.082 ms cpu, 4->4->2 MB, 4 MB goal, 0 MB stacks, 0 MB globals, 8 P
gc 2224 @169.976s 0%: 0.035+0.81+0.015 ms clock, 0.28+0.031/1.3/2.7+0.12 ms cpu, 4->4->2 MB, 4 MB goal, 0 MB stacks, 0 MB globals, 8 P
gc 2225 @170.011s 0%: 0.080+1.0+0.003 ms clock, 0.64+2.5/1.6/0.17+0.029 ms cpu, 4->4->2 MB, 4 MB goal, 0 MB stacks, 0 MB globals, 8 P
gc 2226 @170.106s 0%: 0.045+0.90+0.003 ms clock, 0.36+0.040/1.5/3.3+0.024 ms cpu, 4->5->2 MB, 5 MB goal, 0 MB stacks, 0 MB globals, 8 P
gc 2227 @170.174s 0%: 0.053+0.81+0.003 ms clock, 0.43+0.034/1.4/2.8+0.029 ms cpu, 4->4->1 MB, 5 MB goal, 0 MB stacks, 0 MB globals, 8 P
gc 2228 @170.250s 0%: 0.047+0.76+0.003 ms clock, 0.37+0.044/1.3/2.9+0.027 ms cpu, 4->4->2 MB, 4 MB goal, 0 MB stacks, 0 MB globals, 8 P
gc 2229 @170.327s 0%: 0.046+0.91+0.003 ms clock, 0.37+0.035/1.6/3.4+0.028 ms cpu, 4->4->1 MB, 4 MB goal, 0 MB stacks, 0 MB globals, 8 P
gc 2230 @170.400s 0%: 0.034+0.71+0.003 ms clock, 0.27+0.027/1.2/2.5+0.031 ms cpu, 3->4->1 MB, 4 MB goal, 0 MB stacks, 0 MB globals, 8 P
gc 2231 @170.475s 0%: 0.038+0.76+0.003 ms clock, 0.30+0.035/1.3/2.8+0.026 ms cpu, 3->4->1 MB, 4 MB goal, 0 MB stacks, 0 MB globals, 8 P
gc 2232 @170.557s 0%: 0.042+0.81+0.015 ms clock, 0.34+0.034/1.4/2.8+0.12 ms cpu, 3->4->1 MB, 4 MB goal, 0 MB stacks, 0 MB globals, 8 P
gc 2233 @170.632s 0%: 0.034+0.89+0.046 ms clock, 0.27+0.033/1.5/3.6+0.37 ms cpu, 3->4->2 MB, 4 MB goal, 0 MB stacks, 0 MB globals, 8 P
gc 2234 @170.711s 0%: 0.045+0.72+0.003 ms clock, 0.36+0.030/1.2/2.8+0.026 ms cpu, 4->4->1 MB, 5 MB goal, 0 MB stacks, 0 MB globals, 8 P
gc 2235 @170.784s 0%: 0.071+0.81+0.013 ms clock, 0.57+0.035/1.3/3.2+0.10 ms cpu, 3->4->1 MB, 4 MB goal, 0 MB stacks, 0 MB globals, 8 P
gc 2236 @170.860s 0%: 0.047+1.0+0.013 ms clock, 0.37+0.034/1.8/4.2+0.10 ms cpu, 4->4->1 MB, 4 MB goal, 0 MB stacks, 0 MB globals, 8 P
gc 2237 @170.945s 0%: 0.035+0.97+0.004 ms clock, 0.28+0.033/1.7/4.2+0.034 ms cpu, 4->4->2 MB, 4 MB goal, 0 MB stacks, 0 MB globals, 8 P
gc 2238 @171.015s 0%: 0.12+0.87+0.003 ms clock, 0.99+1.9/1.5/0.21+0.026 ms cpu, 4->5->2 MB, 4 MB goal, 0 MB stacks, 0 MB globals, 8 P
gc 2239 @171.101s 0%: 0.035+1.0+0.004 ms clock, 0.28+0.033/1.8/4.6+0.036 ms cpu, 4->4->2 MB, 5 MB goal, 0 MB stacks, 0 MB globals, 8 P
gc 2240 @171.183s 0%: 0.044+0.76+0.003 ms clock, 0.35+0.033/1.4/3.1+0.030 ms cpu, 4->4->1 MB, 5 MB goal, 0 MB stacks, 0 MB globals, 8 P
gc 2241 @171.265s 0%: 0.036+1.0+0.010 ms clock, 0.29+0.034/1.9/4.6+0.087 ms cpu, 3->4->1 MB, 4 MB goal, 0 MB stacks, 0 MB globals, 8 P
gc 2242 @171.340s 0%: 0.038+0.82+0.013 ms clock, 0.30+0.037/1.0/2.2+0.10 ms cpu, 3->4->1 MB, 4 MB goal, 0 MB stacks, 0 MB globals, 8 P
gc 2243 @171.414s 0%: 0.071+0.92+0.013 ms clock, 0.57+0.037/1.4/3.5+0.10 ms cpu, 4->4->2 MB, 4 MB goal, 0 MB stacks, 0 MB globals, 8 P
gc 2244 @171.493s 0%: 0.046+0.68+0.021 ms clock, 0.36+0.032/1.1/2.0+0.17 ms cpu, 4->4->1 MB, 5 MB goal, 0 MB stacks, 0 MB globals, 8 P
gc 2245 @171.553s 0%: 0.035+0.87+0.025 ms clock, 0.28+0.029/1.6/3.7+0.20 ms cpu, 4->4->1 MB, 4 MB goal, 0 MB stacks, 0 MB globals, 8 P
gc 2246 @171.633s 0%: 0.053+0.83+0.003 ms clock, 0.42+0.042/1.3/3.2+0.028 ms cpu, 3->4->1 MB, 4 MB goal, 0 MB stacks, 0 MB globals, 8 P
gc 2247 @171.709s 0%: 0.038+0.75+0.014 ms clock, 0.30+0.055/1.1/2.7+0.11 ms cpu, 4->4->1 MB, 4 MB goal, 0 MB stacks, 0 MB globals, 8 P
gc 2248 @171.787s 0%: 0.054+1.0+0.016 ms clock, 0.43+0.070/1.7/4.4+0.13 ms cpu, 3->4->2 MB, 4 MB goal, 0 MB stacks, 0 MB globals, 8 P
gc 2249 @171.868s 0%: 0.040+0.94+0.004 ms clock, 0.32+0.034/1.7/4.0+0.034 ms cpu, 4->4->2 MB, 4 MB goal, 0 MB stacks, 0 MB globals, 8 P
gc 2250 @171.945s 0%: 0.037+0.73+0.002 ms clock, 0.29+0.034/1.3/2.6+0.023 ms cpu, 4->4->2 MB, 4 MB goal, 0 MB stacks, 0 MB globals, 8 P
gc 2251 @172.019s 0%: 0.11+0.82+0.028 ms clock, 0.93+0.87/1.4/0.29+0.22 ms cpu, 4->5->2 MB, 4 MB goal, 0 MB stacks, 0 MB globals, 8 P
gc 2252 @172.099s 0%: 0.059+0.80+0.006 ms clock, 0.47+0.039/1.3/3.2+0.051 ms cpu, 4->4->2 MB, 5 MB goal, 0 MB stacks, 0 MB globals, 8 P
gc 2253 @172.178s 0%: 0.052+0.86+0.004 ms clock, 0.42+0.038/1.4/3.3+0.033 ms cpu, 4->4->2 MB, 5 MB goal, 0 MB stacks, 0 MB globals, 8 P
gc 2254 @172.262s 0%: 0.043+0.91+0.027 ms clock, 0.35+0.036/1.4/3.4+0.22 ms cpu, 4->4->2 MB, 5 MB goal, 0 MB stacks, 0 MB globals, 8 P
gc 2255 @172.333s 0%: 0.041+0.88+0.003 ms clock, 0.33+0.036/1.4/3.4+0.028 ms cpu, 4->4->2 MB, 5 MB goal, 0 MB stacks, 0 MB globals, 8 P
gc 2256 @172.414s 0%: 0.041+0.89+0.006 ms clock, 0.33+0.034/1.5/3.4+0.052 ms cpu, 4->4->1 MB, 4 MB goal, 0 MB stacks, 0 MB globals, 8 P
gc 2257 @172.479s 0%: 0.046+0.84+0.026 ms clock, 0.36+0.034/1.2/2.9+0.21 ms cpu, 3->4->2 MB, 4 MB goal, 0 MB stacks, 0 MB globals, 8 P
gc 2258 @172.542s 0%: 0.043+0.83+0.023 ms clock, 0.34+0.035/1.3/2.4+0.19 ms cpu, 4->4->2 MB, 5 MB goal, 0 MB stacks, 0 MB globals, 8 P
gc 2259 @172.612s 0%: 0.064+0.96+0.003 ms clock, 0.51+0.049/1.7/3.7+0.028 ms cpu, 4->4->2 MB, 5 MB goal, 0 MB stacks, 0 MB globals, 8 P
gc 2260 @172.688s 0%: 0.041+0.70+0.004 ms clock, 0.33+0.037/1.2/2.8+0.032 ms cpu, 4->4->2 MB, 5 MB goal, 0 MB stacks, 0 MB globals, 8 P
gc 2261 @172.765s 0%: 0.043+0.77+0.006 ms clock, 0.35+0.041/1.1/2.1+0.052 ms cpu, 4->4->1 MB, 4 MB goal, 0 MB stacks, 0 MB globals, 8 P
gc 2262 @172.840s 0%: 0.042+0.72+0.034 ms clock, 0.33+0.034/1.2/2.7+0.27 ms cpu, 4->4->1 MB, 4 MB goal, 0 MB stacks, 0 MB globals, 8 P
gc 2263 @172.893s 0%: 0.036+1.0+0.018 ms clock, 0.28+0.034/1.8/4.2+0.14 ms cpu, 3->4->2 MB, 4 MB goal, 0 MB stacks, 0 MB globals, 8 P
gc 2264 @172.963s 0%: 0.041+0.85+0.003 ms clock, 0.33+0.035/1.5/3.5+0.025 ms cpu, 4->4->2 MB, 5 MB goal, 0 MB stacks, 0 MB globals, 8 P
gc 2265 @173.023s 0%: 0.12+0.74+0.030 ms clock, 1.0+2.0/1.2/0.022+0.24 ms cpu, 4->4->2 MB, 4 MB goal, 0 MB stacks, 0 MB globals, 8 P
gc 2266 @173.111s 0%: 0.037+1.0+0.019 ms clock, 0.29+0.035/1.9/4.7+0.15 ms cpu, 4->4->2 MB, 5 MB goal, 0 MB stacks, 0 MB globals, 8 P
gc 2267 @173.184s 0%: 0.049+0.78+0.019 ms clock, 0.39+0.043/1.2/2.3+0.15 ms cpu, 4->4->2 MB, 4 MB goal, 0 MB stacks, 0 MB globals, 8 P
gc 2268 @173.252s 0%: 0.044+0.90+0.004 ms clock, 0.35+0.036/1.5/3.8+0.034 ms cpu, 4->4->2 MB, 4 MB goal, 0 MB stacks, 0 MB globals, 8 P
gc 2269 @173.329s 0%: 0.047+0.79+0.017 ms clock, 0.37+0.038/1.3/2.9+0.13 ms cpu, 4->4->2 MB, 4 MB goal, 0 MB stacks, 0 MB globals, 8 P
gc 2270 @173.410s 0%: 0.038+0.84+0.003 ms clock, 0.31+0.034/1.3/1.7+0.027 ms cpu, 4->4->1 MB, 4 MB goal, 0 MB stacks, 0 MB globals, 8 P
gc 2271 @173.468s 0%: 0.040+1.0+0.003 ms clock, 0.32+0.033/1.9/4.5+0.028 ms cpu, 4->4->2 MB, 4 MB goal, 0 MB stacks, 0 MB globals, 8 P
gc 2272 @173.550s 0%: 0.034+1.0+0.020 ms clock, 0.27+0.12/1.7/3.7+0.16 ms cpu, 4->4->2 MB, 4 MB goal, 0 MB stacks, 0 MB globals, 8 P
gc 2273 @173.634s 0%: 0.040+0.77+0.030 ms clock, 0.32+0.039/1.1/2.7+0.24 ms cpu, 4->4->2 MB, 4 MB goal, 0 MB stacks, 0 MB globals, 8 P
gc 2274 @173.710s 0%: 0.044+1.0+0.029 ms clock, 0.35+0.033/1.8/4.2+0.23 ms cpu, 4->4->2 MB, 4 MB goal, 0 MB stacks, 0 MB globals, 8 P
gc 2275 @173.786s 0%: 0.040+0.96+0.009 ms clock, 0.32+0.033/1.6/3.9+0.078 ms cpu, 4->4->2 MB, 5 MB goal, 0 MB stacks, 0 MB globals, 8 P
gc 2276 @173.857s 0%: 0.048+1.2+0.028 ms clock, 0.38+0.037/2.0/4.4+0.22 ms cpu, 4->4->2 MB, 5 MB goal, 0 MB stacks, 0 MB globals, 8 P
gc 2277 @173.934s 0%: 0.039+0.84+0.005 ms clock, 0.31+0.030/1.5/3.5+0.040 ms cpu, 4->4->2 MB, 5 MB goal, 0 MB stacks, 0 MB globals, 8 P
gc 2278 @174.014s 0%: 0.034+0.73+0.040 ms clock, 0.27+0.033/1.2/2.9+0.32 ms cpu, 4->4->1 MB, 4 MB goal, 0 MB stacks, 0 MB globals, 8 P
gc 2279 @174.046s 0%: 0.042+0.68+0.023 ms clock, 0.33+0.035/1.1/1.7+0.18 ms cpu, 3->3->2 MB, 4 MB goal, 0 MB stacks, 0 MB globals, 8 P
gc 2280 @174.119s 0%: 0.043+1.0+0.015 ms clock, 0.34+0.035/1.7/4.1+0.12 ms cpu, 4->4->2 MB, 5 MB goal, 0 MB stacks, 0 MB globals, 8 P
gc 2281 @174.194s 0%: 0.043+1.1+0.020 ms clock, 0.35+0.037/2.0/4.9+0.16 ms cpu, 4->4->2 MB, 4 MB goal, 0 MB stacks, 0 MB globals, 8 P
gc 2282 @174.277s 0%: 0.049+1.1+0.024 ms clock, 0.39+0.036/2.0/4.7+0.19 ms cpu, 4->5->2 MB, 5 MB goal, 0 MB stacks, 0 MB globals, 8 P
gc 2283 @174.356s 0%: 0.039+0.70+0.004 ms clock, 0.31+0.048/1.2/2.1+0.035 ms cpu, 4->4->1 MB, 5 MB goal, 0 MB stacks, 0 MB globals, 8 P
gc 2284 @174.426s 0%: 0.23+2.7+0.074 ms clock, 1.8+0.059/0.74/0.31+0.59 ms cpu, 4->4->2 MB, 4 MB goal, 0 MB stacks, 0 MB globals, 8 P
gc 2285 @174.504s 0%: 0.037+1.0+0.003 ms clock, 0.29+0.070/1.8/3.9+0.029 ms cpu, 4->4->2 MB, 4 MB goal, 0 MB stacks, 0 MB globals, 8 P
gc 2286 @174.589s 0%: 0.036+0.95+0.038 ms clock, 0.29+0.035/1.5/3.6+0.31 ms cpu, 4->4->1 MB, 5 MB goal, 0 MB stacks, 0 MB globals, 8 P
gc 2287 @174.664s 0%: 0.048+0.93+0.027 ms clock, 0.38+0.033/1.5/3.8+0.21 ms cpu, 4->4->2 MB, 4 MB goal, 0 MB stacks, 0 MB globals, 8 P
gc 2288 @174.734s 0%: 0.037+1.0+0.014 ms clock, 0.29+0.030/1.8/4.4+0.11 ms cpu, 4->4->1 MB, 4 MB goal, 0 MB stacks, 0 MB globals, 8 P
gc 2289 @174.808s 0%: 0.037+1.0+0.004 ms clock, 0.29+0.031/1.9/4.7+0.032 ms cpu, 4->4->1 MB, 4 MB goal, 0 MB stacks, 0 MB globals, 8 P
gc 2290 @174.882s 0%: 0.038+0.76+0.010 ms clock, 0.30+0.035/1.2/2.7+0.086 ms cpu, 4->4->2 MB, 4 MB goal, 0 MB stacks, 0 MB globals, 8 P
gc 2291 @174.965s 0%: 0.041+0.90+0.004 ms clock, 0.33+0.036/1.4/3.3+0.036 ms cpu, 4->4->2 MB, 4 MB goal, 0 MB stacks, 0 MB globals, 8 P
gc 2292 @175.011s 0%: 0.039+0.79+0.015 ms clock, 0.31+0.033/1.3/2.9+0.12 ms cpu, 4->4->2 MB, 4 MB goal, 0 MB stacks, 0 MB globals, 8 P
gc 2293 @175.047s 0%: 0.038+0.88+0.028 ms clock, 0.31+0.036/1.5/3.6+0.22 ms cpu, 4->4->2 MB, 5 MB goal, 0 MB stacks, 0 MB globals, 8 P
gc 2294 @175.127s 0%: 0.042+0.99+0.038 ms clock, 0.34+0.036/1.6/4.1+0.31 ms cpu, 4->4->2 MB, 5 MB goal, 0 MB stacks, 0 MB globals, 8 P
gc 2295 @175.200s 0%: 0.045+0.73+0.003 ms clock, 0.36+0.035/1.2/3.0+0.026 ms cpu, 4->4->2 MB, 5 MB goal, 0 MB stacks, 0 MB globals, 8 P
gc 2296 @175.273s 0%: 0.038+1.1+0.003 ms clock, 0.30+0.035/2.1/4.9+0.026 ms cpu, 4->4->2 MB, 5 MB goal, 0 MB stacks, 0 MB globals, 8 P
gc 2297 @175.356s 0%: 0.045+0.81+0.023 ms clock, 0.36+0.035/1.2/2.7+0.18 ms cpu, 4->4->1 MB, 4 MB goal, 0 MB stacks, 0 MB globals, 8 P
gc 2298 @175.418s 0%: 0.042+0.95+0.018 ms clock, 0.33+0.034/1.7/4.1+0.14 ms cpu, 4->4->2 MB, 4 MB goal, 0 MB stacks, 0 MB globals, 8 P
gc 2299 @175.499s 0%: 0.077+1.0+0.003 ms clock, 0.61+0.038/1.9/4.1+0.028 ms cpu, 4->4->2 MB, 4 MB goal, 0 MB stacks, 0 MB globals, 8 P
gc 2300 @175.588s 0%: 0.048+0.97+0.003 ms clock, 0.38+0.037/1.6/3.6+0.027 ms cpu, 4->4->1 MB, 5 MB goal, 0 MB stacks, 0 MB globals, 8 P
gc 2301 @175.657s 0%: 0.046+0.87+0.020 ms clock, 0.36+0.035/1.5/3.8+0.16 ms cpu, 3->4->2 MB, 4 MB goal, 0 MB stacks, 0 MB globals, 8 P
gc 2302 @175.731s 0%: 0.041+0.85+0.016 ms clock, 0.33+0.039/1.4/3.2+0.13 ms cpu, 4->4->2 MB, 5 MB goal, 0 MB stacks, 0 MB globals, 8 P
gc 2303 @175.802s 0%: 0.041+0.91+0.019 ms clock, 0.33+0.034/1.4/3.0+0.15 ms cpu, 4->4->2 MB, 5 MB goal, 0 MB stacks, 0 MB globals, 8 P
gc 2304 @175.873s 0%: 0.079+1.2+0.004 ms clock, 0.63+0.059/2.1/4.5+0.033 ms cpu, 4->4->2 MB, 4 MB goal, 0 MB stacks, 0 MB globals, 8 P
gc 2305 @175.954s 0%: 0.050+1.0+0.003 ms clock, 0.40+0.037/1.9/4.4+0.027 ms cpu, 4->4->2 MB, 5 MB goal, 0 MB stacks, 0 MB globals, 8 P
gc 2306 @176.035s 0%: 0.13+1.1+0.019 ms clock, 1.1+2.5/1.9/0.086+0.15 ms cpu, 4->5->2 MB, 4 MB goal, 0 MB stacks, 0 MB globals, 8 P
gc 2307 @176.116s 0%: 0.053+0.78+0.003 ms clock, 0.42+0.036/1.4/3.3+0.028 ms cpu, 4->4->2 MB, 5 MB goal, 0 MB stacks, 0 MB globals, 8 P
gc 2308 @176.188s 0%: 0.044+1.0+0.029 ms clock, 0.35+0.034/1.8/4.2+0.23 ms cpu, 4->4->2 MB, 4 MB goal, 0 MB stacks, 0 MB globals, 8 P
gc 2309 @176.263s 0%: 0.035+1.0+0.011 ms clock, 0.28+0.037/1.7/3.8+0.094 ms cpu, 4->4->1 MB, 4 MB goal, 0 MB stacks, 0 MB globals, 8 P
gc 2310 @176.333s 0%: 0.048+1.1+0.020 ms clock, 0.39+0.034/1.9/4.5+0.16 ms cpu, 3->4->2 MB, 4 MB goal, 0 MB stacks, 0 MB globals, 8 P
gc 2311 @176.403s 0%: 0.046+0.91+0.003 ms clock, 0.37+0.037/1.7/3.9+0.027 ms cpu, 4->4->2 MB, 4 MB goal, 0 MB stacks, 0 MB globals, 8 P
gc 2312 @176.479s 0%: 0.046+0.87+0.016 ms clock, 0.37+0.052/1.4/3.3+0.13 ms cpu, 4->4->1 MB, 4 MB goal, 0 MB stacks, 0 MB globals, 8 P
gc 2313 @176.557s 0%: 0.037+0.74+0.011 ms clock, 0.29+0.034/1.2/2.7+0.088 ms cpu, 4->4->1 MB, 4 MB goal, 0 MB stacks, 0 MB globals, 8 P
gc 2314 @176.620s 0%: 0.053+0.90+0.005 ms clock, 0.42+0.034/1.5/3.9+0.043 ms cpu, 3->3->1 MB, 4 MB goal, 0 MB stacks, 0 MB globals, 8 P
gc 2315 @176.698s 0%: 0.039+1.0+0.030 ms clock, 0.31+0.034/1.8/4.3+0.24 ms cpu, 3->4->1 MB, 4 MB goal, 0 MB stacks, 0 MB globals, 8 P
gc 2316 @176.773s 0%: 0.038+0.73+0.004 ms clock, 0.30+0.036/1.2/2.9+0.037 ms cpu, 3->4->1 MB, 4 MB goal, 0 MB stacks, 0 MB globals, 8 P
gc 2317 @176.851s 0%: 0.039+1.0+0.015 ms clock, 0.31+0.034/1.6/3.7+0.12 ms cpu, 3->4->1 MB, 4 MB goal, 0 MB stacks, 0 MB globals, 8 P
gc 2318 @176.932s 0%: 0.042+1.0+0.016 ms clock, 0.33+0.032/1.7/4.0+0.13 ms cpu, 4->4->2 MB, 4 MB goal, 0 MB stacks, 0 MB globals, 8 P
gc 2319 @177.006s 0%: 0.033+0.72+0.003 ms clock, 0.26+0.036/1.2/2.9+0.026 ms cpu, 4->4->1 MB, 4 MB goal, 0 MB stacks, 0 MB globals, 8 P
gc 2320 @177.039s 0%: 0.068+0.74+0.004 ms clock, 0.55+0.044/1.2/2.1+0.035 ms cpu, 4->4->2 MB, 4 MB goal, 0 MB stacks, 0 MB globals, 8 P
gc 2321 @177.115s 0%: 0.040+0.83+0.012 ms clock, 0.32+0.033/1.4/3.0+0.10 ms cpu, 4->4->1 MB, 5 MB goal, 0 MB stacks, 0 MB globals, 8 P
gc 2322 @177.192s 0%: 0.038+0.70+0.005 ms clock, 0.30+0.034/1.2/2.5+0.047 ms cpu, 3->4->1 MB, 4 MB goal, 0 MB stacks, 0 MB globals, 8 P
gc 2323 @177.266s 0%: 0.043+0.90+0.006 ms clock, 0.34+0.035/1.5/3.6+0.049 ms cpu, 3->4->1 MB, 4 MB goal, 0 MB stacks, 0 MB globals, 8 P
gc 2324 @177.348s 0%: 0.049+0.80+0.043 ms clock, 0.39+0.037/1.3/2.5+0.35 ms cpu, 3->4->1 MB, 4 MB goal, 0 MB stacks, 0 MB globals, 8 P
gc 2325 @177.428s 0%: 0.046+0.78+0.006 ms clock, 0.36+0.034/1.2/3.1+0.050 ms cpu, 3->4->1 MB, 4 MB goal, 0 MB stacks, 0 MB globals, 8 P
gc 2326 @177.501s 0%: 0.057+0.89+0.004 ms clock, 0.45+0.038/1.5/3.5+0.035 ms cpu, 3->4->2 MB, 4 MB goal, 0 MB stacks, 0 MB globals, 8 P
gc 2327 @177.584s 0%: 0.046+1.2+0.017 ms clock, 0.37+0.037/2.0/4.8+0.13 ms cpu, 4->4->1 MB, 4 MB goal, 0 MB stacks, 0 MB globals, 8 P
gc 2328 @177.660s 0%: 0.040+0.91+0.033 ms clock, 0.32+0.037/1.5/3.2+0.27 ms cpu, 4->4->2 MB, 4 MB goal, 0 MB stacks, 0 MB globals, 8 P
gc 2329 @177.736s 0%: 0.037+0.89+0.025 ms clock, 0.29+0.035/1.4/3.2+0.20 ms cpu, 4->4->1 MB, 4 MB goal, 0 MB stacks, 0 MB globals, 8 P
gc 2330 @177.810s 0%: 0.041+0.73+0.027 ms clock, 0.32+0.036/1.2/2.7+0.21 ms cpu, 3->4->2 MB, 4 MB goal, 0 MB stacks, 0 MB globals, 8 P
gc 2331 @177.880s 0%: 0.039+0.75+0.015 ms clock, 0.31+0.033/1.2/2.5+0.12 ms cpu, 4->4->2 MB, 4 MB goal, 0 MB stacks, 0 MB globals, 8 P
gc 2332 @177.952s 0%: 0.042+1.0+0.011 ms clock, 0.34+0.038/1.6/3.8+0.095 ms cpu, 4->4->2 MB, 4 MB goal, 0 MB stacks, 0 MB globals, 8 P
gc 2333 @178.042s 0%: 0.074+0.88+0.023 ms clock, 0.59+1.8/1.3/0.022+0.18 ms cpu, 4->5->2 MB, 5 MB goal, 0 MB stacks, 0 MB globals, 8 P
gc 2334 @178.121s 0%: 0.061+0.85+0.018 ms clock, 0.48+0.035/1.4/3.2+0.14 ms cpu, 4->4->1 MB, 5 MB goal, 0 MB stacks, 0 MB globals, 8 P
gc 2335 @178.198s 0%: 0.051+1.2+0.075 ms clock, 0.41+0.040/1.8/3.9+0.60 ms cpu, 4->4->2 MB, 4 MB goal, 0 MB stacks, 0 MB globals, 8 P
gc 2336 @178.280s 0%: 0.037+1.0+0.006 ms clock, 0.29+0.033/1.7/4.4+0.049 ms cpu, 4->4->2 MB, 5 MB goal, 0 MB stacks, 0 MB globals, 8 P
gc 2337 @178.364s 0%: 0.036+1.0+0.017 ms clock, 0.29+0.037/1.6/4.2+0.13 ms cpu, 4->4->1 MB, 4 MB goal, 0 MB stacks, 0 MB globals, 8 P
gc 2338 @178.434s 0%: 0.048+0.80+0.031 ms clock, 0.38+0.036/1.4/2.6+0.25 ms cpu, 3->4->1 MB, 4 MB goal, 0 MB stacks, 0 MB globals, 8 P
gc 2339 @178.498s 0%: 0.046+0.85+0.003 ms clock, 0.37+0.036/1.5/2.8+0.026 ms cpu, 3->4->1 MB, 4 MB goal, 0 MB stacks, 0 MB globals, 8 P
gc 2340 @178.575s 0%: 0.035+0.85+0.021 ms clock, 0.28+0.040/1.4/3.4+0.17 ms cpu, 3->4->1 MB, 4 MB goal, 0 MB stacks, 0 MB globals, 8 P
gc 2341 @178.643s 0%: 0.037+1.1+0.003 ms clock, 0.30+0.034/2.0/4.9+0.024 ms cpu, 4->4->2 MB, 4 MB goal, 0 MB stacks, 0 MB globals, 8 P
gc 2342 @178.718s 0%: 0.034+0.96+0.004 ms clock, 0.27+0.033/1.6/4.1+0.033 ms cpu, 4->4->1 MB, 5 MB goal, 0 MB stacks, 0 MB globals, 8 P
gc 2343 @178.795s 0%: 0.046+0.87+0.003 ms clock, 0.37+0.034/1.5/3.8+0.024 ms cpu, 4->4->2 MB, 4 MB goal, 0 MB stacks, 0 MB globals, 8 P
gc 2344 @178.872s 0%: 0.040+1.0+0.007 ms clock, 0.32+0.034/1.7/4.1+0.062 ms cpu, 4->4->2 MB, 4 MB goal, 0 MB stacks, 0 MB globals, 8 P
gc 2345 @178.953s 0%: 0.043+0.68+0.004 ms clock, 0.34+0.034/1.1/2.1+0.034 ms cpu, 4->4->1 MB, 4 MB goal, 0 MB stacks, 0 MB globals, 8 P
gc 2346 @179.029s 0%: 0.044+0.71+0.004 ms clock, 0.35+0.037/1.2/2.8+0.039 ms cpu, 3->4->1 MB, 4 MB goal, 0 MB stacks, 0 MB globals, 8 P
gc 2347 @179.061s 0%: 0.053+1.0+0.003 ms clock, 0.42+0.034/1.8/3.4+0.027 ms cpu, 3->3->2 MB, 4 MB goal, 0 MB stacks, 0 MB globals, 8 P
gc 2348 @179.148s 0%: 0.039+1.0+0.025 ms clock, 0.31+0.039/1.9/4.6+0.20 ms cpu, 4->4->2 MB, 5 MB goal, 0 MB stacks, 0 MB globals, 8 P
gc 2349 @179.215s 0%: 0.037+1.1+0.011 ms clock, 0.30+0.035/1.3/3.6+0.093 ms cpu, 4->4->2 MB, 4 MB goal, 0 MB stacks, 0 MB globals, 8 P
gc 2350 @179.292s 0%: 0.037+0.98+0.009 ms clock, 0.30+0.034/1.7/3.9+0.073 ms cpu, 4->4->1 MB, 5 MB goal, 0 MB stacks, 0 MB globals, 8 P
gc 2351 @179.367s 0%: 0.041+0.82+0.017 ms clock, 0.33+0.035/1.4/3.2+0.13 ms cpu, 3->4->2 MB, 4 MB goal, 0 MB stacks, 0 MB globals, 8 P
gc 2352 @179.434s 0%: 0.038+1.1+0.003 ms clock, 0.30+0.033/1.5/2.7+0.031 ms cpu, 4->4->1 MB, 4 MB goal, 0 MB stacks, 0 MB globals, 8 P
gc 2353 @179.512s 0%: 0.051+1.4+0.027 ms clock, 0.41+0.037/2.6/5.7+0.22 ms cpu, 4->4->1 MB, 4 MB goal, 0 MB stacks, 0 MB globals, 8 P
gc 2354 @179.577s 0%: 0.040+0.75+0.004 ms clock, 0.32+0.034/1.3/2.9+0.039 ms cpu, 3->3->1 MB, 4 MB goal, 0 MB stacks, 0 MB globals, 8 P
gc 2355 @179.646s 0%: 0.045+0.98+0.021 ms clock, 0.36+0.035/1.7/4.0+0.16 ms cpu, 3->4->1 MB, 4 MB goal, 0 MB stacks, 0 MB globals, 8 P
gc 2356 @179.713s 0%: 0.032+1.1+0.027 ms clock, 0.26+0.14/2.0/4.1+0.22 ms cpu, 3->4->2 MB, 4 MB goal, 0 MB stacks, 0 MB globals, 8 P
gc 2357 @179.796s 0%: 0.042+0.88+0.025 ms clock, 0.34+0.034/1.4/3.2+0.20 ms cpu, 4->4->1 MB, 5 MB goal, 0 MB stacks, 0 MB globals, 8 P
gc 2358 @179.873s 0%: 0.043+0.90+0.013 ms clock, 0.35+0.034/1.5/3.7+0.10 ms cpu, 3->4->1 MB, 4 MB goal, 0 MB stacks, 0 MB globals, 8 P
gc 2359 @179.949s 0%: 0.044+1.0+0.016 ms clock, 0.35+0.035/1.8/4.3+0.13 ms cpu, 4->4->1 MB, 4 MB goal, 0 MB stacks, 0 MB globals, 8 P
gc 2360 @180.010s 0%: 0.065+0.70+0.023 ms clock, 0.52+0.23/1.2/1.1+0.18 ms cpu, 4->4->1 MB, 4 MB goal, 0 MB stacks, 0 MB globals, 8 P
gc 2361 @180.050s 0%: 0.14+0.98+0.064 ms clock, 1.1+1.8/1.4/0.61+0.51 ms cpu, 4->4->2 MB, 4 MB goal, 0 MB stacks, 0 MB globals, 8 P
gc 2362 @180.128s 0%: 0.034+1.1+0.022 ms clock, 0.27+0.045/2.0/5.0+0.18 ms cpu, 4->4->2 MB, 5 MB goal, 0 MB stacks, 0 MB globals, 8 P
gc 2363 @180.203s 0%: 0.035+0.89+0.003 ms clock, 0.28+0.033/1.4/3.7+0.030 ms cpu, 4->4->1 MB, 4 MB goal, 0 MB stacks, 0 MB globals, 8 P
gc 2364 @180.272s 0%: 0.069+0.81+0.024 ms clock, 0.55+0.036/1.3/2.9+0.19 ms cpu, 3->4->1 MB, 4 MB goal, 0 MB stacks, 0 MB globals, 8 P
gc 2365 @180.345s 0%: 0.068+0.80+0.015 ms clock, 0.54+0.050/1.4/3.0+0.12 ms cpu, 3->4->1 MB, 4 MB goal, 0 MB stacks, 0 MB globals, 8 P
gc 2366 @180.414s 0%: 0.053+0.83+0.032 ms clock, 0.42+0.039/1.4/3.0+0.26 ms cpu, 3->4->1 MB, 4 MB goal, 0 MB stacks, 0 MB globals, 8 P
gc 2367 @180.499s 0%: 0.044+1.1+0.003 ms clock, 0.35+0.034/2.1/5.1+0.029 ms cpu, 4->4->1 MB, 4 MB goal, 0 MB stacks, 0 MB globals, 8 P
gc 2368 @180.584s 0%: 0.039+1.0+0.051 ms clock, 0.31+0.032/1.6/4.0+0.40 ms cpu, 4->4->1 MB, 4 MB goal, 0 MB stacks, 0 MB globals, 8 P
gc 2369 @180.657s 0%: 0.039+0.79+0.003 ms clock, 0.31+0.033/1.2/3.0+0.029 ms cpu, 4->4->1 MB, 4 MB goal, 0 MB stacks, 0 MB globals, 8 P
gc 2370 @180.735s 0%: 0.040+0.85+0.029 ms clock, 0.32+0.035/1.4/3.4+0.23 ms cpu, 4->4->2 MB, 4 MB goal, 0 MB stacks, 0 MB globals, 8 P
gc 2371 @180.811s 0%: 0.042+0.79+0.019 ms clock, 0.33+0.026/1.4/2.9+0.15 ms cpu, 4->4->1 MB, 5 MB goal, 0 MB stacks, 0 MB globals, 8 P
gc 2372 @180.890s 0%: 0.037+1.0+0.013 ms clock, 0.30+0.034/1.8/4.2+0.10 ms cpu, 4->4->2 MB, 4 MB goal, 0 MB stacks, 0 MB globals, 8 P
gc 2373 @180.967s 0%: 0.046+0.81+0.004 ms clock, 0.37+0.036/1.3/2.7+0.037 ms cpu, 4->4->1 MB, 4 MB goal, 0 MB stacks, 0 MB globals, 8 P
gc 2374 @181.047s 0%: 0.041+0.72+0.004 ms clock, 0.33+0.036/1.2/2.7+0.036 ms cpu, 3->4->1 MB, 4 MB goal, 0 MB stacks, 0 MB globals, 8 P
gc 2375 @181.070s 0%: 0.032+0.86+0.004 ms clock, 0.25+0.026/1.5/3.4+0.038 ms cpu, 3->3->2 MB, 4 MB goal, 0 MB stacks, 0 MB globals, 8 P
gc 2376 @181.156s 0%: 0.047+1.0+0.003 ms clock, 0.38+0.037/1.7/3.9+0.028 ms cpu, 4->4->1 MB, 5 MB goal, 0 MB stacks, 0 MB globals, 8 P
gc 2377 @181.237s 0%: 0.071+0.73+0.017 ms clock, 0.56+0.62/1.1/2.2+0.14 ms cpu, 3->4->1 MB, 4 MB goal, 0 MB stacks, 0 MB globals, 8 P
gc 2378 @181.309s 0%: 0.041+1.0+0.013 ms clock, 0.33+0.034/1.8/4.0+0.10 ms cpu, 3->4->2 MB, 4 MB goal, 0 MB stacks, 0 MB globals, 8 P
gc 2379 @181.381s 0%: 0.043+1.0+0.016 ms clock, 0.34+0.036/1.9/4.6+0.13 ms cpu, 4->4->1 MB, 4 MB goal, 0 MB stacks, 0 MB globals, 8 P
gc 2380 @181.455s 0%: 0.040+1.0+0.018 ms clock, 0.32+0.033/1.8/4.0+0.14 ms cpu, 4->4->2 MB, 4 MB goal, 0 MB stacks, 0 MB globals, 8 P
gc 2381 @181.533s 0%: 0.044+1.4+0.025 ms clock, 0.35+0.053/2.4/5.5+0.20 ms cpu, 4->4->1 MB, 5 MB goal, 0 MB stacks, 0 MB globals, 8 P
gc 2382 @181.602s 0%: 0.042+0.81+0.008 ms clock, 0.34+0.034/1.4/3.0+0.064 ms cpu, 4->4->2 MB, 4 MB goal, 0 MB stacks, 0 MB globals, 8 P
gc 2383 @181.677s 0%: 0.037+0.76+0.028 ms clock, 0.29+0.034/1.3/2.6+0.22 ms cpu, 4->4->1 MB, 5 MB goal, 0 MB stacks, 0 MB globals, 8 P
gc 2384 @181.750s 0%: 0.050+0.84+0.019 ms clock, 0.40+0.036/1.4/2.7+0.15 ms cpu, 3->4->1 MB, 4 MB goal, 0 MB stacks, 0 MB globals, 8 P
gc 2385 @181.828s 0%: 0.093+0.69+0.015 ms clock, 0.74+0.037/1.1/2.1+0.12 ms cpu, 3->4->2 MB, 4 MB goal, 0 MB stacks, 0 MB globals, 8 P
gc 2386 @181.911s 0%: 0.036+0.82+0.004 ms clock, 0.29+0.034/1.5/3.4+0.033 ms cpu, 4->4->2 MB, 5 MB goal, 0 MB stacks, 0 MB globals, 8 P
gc 2387 @181.983s 0%: 0.047+0.87+0.003 ms clock, 0.38+0.037/1.6/3.3+0.029 ms cpu, 4->4->1 MB, 4 MB goal, 0 MB stacks, 0 MB globals, 8 P
gc 2388 @182.058s 0%: 0.086+1.1+0.004 ms clock, 0.69+2.0/1.7/0.39+0.034 ms cpu, 4->4->2 MB, 4 MB goal, 0 MB stacks, 0 MB globals, 8 P
gc 2389 @182.140s 0%: 0.038+1.0+0.004 ms clock, 0.30+0.030/2.0/4.3+0.035 ms cpu, 4->4->2 MB, 5 MB goal, 0 MB stacks, 0 MB globals, 8 P
gc 2390 @182.222s 0%: 0.031+0.84+0.020 ms clock, 0.25+0.025/1.5/3.4+0.16 ms cpu, 4->4->1 MB, 4 MB goal, 0 MB stacks, 0 MB globals, 8 P
gc 2391 @182.293s 0%: 0.040+0.75+0.034 ms clock, 0.32+0.040/1.2/2.5+0.27 ms cpu, 3->4->1 MB, 4 MB goal, 0 MB stacks, 0 MB globals, 8 P
gc 2392 @182.362s 0%: 0.037+0.84+0.015 ms clock, 0.29+0.037/1.4/3.4+0.12 ms cpu, 4->4->1 MB, 4 MB goal, 0 MB stacks, 0 MB globals, 8 P
gc 2393 @182.431s 0%: 2.0+1.6+0.042 ms clock, 16+0.049/1.5/1.5+0.33 ms cpu, 4->4->1 MB, 4 MB goal, 0 MB stacks, 0 MB globals, 8 P
gc 2394 @182.489s 0%: 0.037+1.0+0.004 ms clock, 0.29+0.033/1.8/4.4+0.033 ms cpu, 3->3->1 MB, 4 MB goal, 0 MB stacks, 0 MB globals, 8 P
gc 2395 @182.557s 0%: 0.043+0.96+0.009 ms clock, 0.34+0.035/1.7/3.8+0.077 ms cpu, 3->4->2 MB, 4 MB goal, 0 MB stacks, 0 MB globals, 8 P
gc 2396 @182.630s 0%: 0.044+1.0+0.010 ms clock, 0.35+0.034/1.9/4.4+0.087 ms cpu, 4->4->1 MB, 4 MB goal, 0 MB stacks, 0 MB globals, 8 P
gc 2397 @182.708s 0%: 0.059+0.78+0.003 ms clock, 0.47+0.040/1.3/2.8+0.027 ms cpu, 4->4->1 MB, 4 MB goal, 0 MB stacks, 0 MB globals, 8 P
gc 2398 @182.785s 0%: 0.10+0.97+0.017 ms clock, 0.85+0.055/1.6/3.8+0.14 ms cpu, 3->4->1 MB, 4 MB goal, 0 MB stacks, 0 MB globals, 8 P
gc 2399 @182.860s 0%: 0.049+1.0+0.004 ms clock, 0.39+0.038/1.9/4.6+0.035 ms cpu, 3->4->2 MB, 4 MB goal, 0 MB stacks, 0 MB globals, 8 P
gc 2400 @182.939s 0%: 0.071+1.6+0.039 ms clock, 0.57+0.036/1.8/3.0+0.31 ms cpu, 4->4->2 MB, 4 MB goal, 0 MB stacks, 0 MB globals, 8 P
gc 2401 @183.011s 0%: 0.040+0.85+0.003 ms clock, 0.32+0.034/1.5/3.5+0.024 ms cpu, 4->4->2 MB, 5 MB goal, 0 MB stacks, 0 MB globals, 8 P
gc 2402 @183.061s 0%: 0.15+0.89+0.035 ms clock, 1.2+2.1/1.6/0.42+0.28 ms cpu, 4->4->2 MB, 5 MB goal, 0 MB stacks, 0 MB globals, 8 P
gc 2403 @183.148s 0%: 0.042+1.1+0.017 ms clock, 0.34+0.032/2.0/4.7+0.14 ms cpu, 4->4->2 MB, 5 MB goal, 0 MB stacks, 0 MB globals, 8 P
gc 2404 @183.235s 0%: 0.043+0.74+0.004 ms clock, 0.34+0.036/1.2/2.1+0.038 ms cpu, 4->4->1 MB, 4 MB goal, 0 MB stacks, 0 MB globals, 8 P
gc 2405 @183.305s 0%: 0.046+0.82+0.004 ms clock, 0.37+0.035/1.3/3.3+0.035 ms cpu, 3->4->1 MB, 4 MB goal, 0 MB stacks, 0 MB globals, 8 P
gc 2406 @183.379s 0%: 0.040+0.82+0.020 ms clock, 0.32+0.033/1.4/3.1+0.16 ms cpu, 4->4->2 MB, 4 MB goal, 0 MB stacks, 0 MB globals, 8 P
gc 2407 @183.466s 0%: 0.047+0.85+0.003 ms clock, 0.37+0.033/1.4/3.1+0.028 ms cpu, 4->4->1 MB, 5 MB goal, 0 MB stacks, 0 MB globals, 8 P
gc 2408 @183.537s 0%: 0.043+0.93+0.009 ms clock, 0.34+0.034/1.6/3.8+0.073 ms cpu, 3->4->1 MB, 4 MB goal, 0 MB stacks, 0 MB globals, 8 P
gc 2409 @183.609s 0%: 0.041+0.79+0.026 ms clock, 0.33+0.035/1.2/2.8+0.21 ms cpu, 3->4->1 MB, 4 MB goal, 0 MB stacks, 0 MB globals, 8 P
gc 2410 @183.675s 0%: 0.044+0.71+0.003 ms clock, 0.35+0.033/1.1/2.7+0.030 ms cpu, 3->4->1 MB, 4 MB goal, 0 MB stacks, 0 MB globals, 8 P
gc 2411 @183.753s 0%: 0.052+0.94+0.060 ms clock, 0.42+0.038/1.5/3.9+0.48 ms cpu, 3->4->1 MB, 4 MB goal, 0 MB stacks, 0 MB globals, 8 P
gc 2412 @183.825s 0%: 0.037+0.93+0.021 ms clock, 0.30+0.030/1.6/3.7+0.17 ms cpu, 3->4->1 MB, 4 MB goal, 0 MB stacks, 0 MB globals, 8 P
gc 2413 @183.904s 0%: 0.037+0.77+0.017 ms clock, 0.30+0.034/1.3/2.6+0.14 ms cpu, 3->4->2 MB, 4 MB goal, 0 MB stacks, 0 MB globals, 8 P
gc 2414 @183.979s 0%: 0.042+1.0+0.009 ms clock, 0.33+0.036/1.7/3.8+0.076 ms cpu, 4->4->2 MB, 4 MB goal, 0 MB stacks, 0 MB globals, 8 P
gc 2415 @184.065s 0%: 0.10+0.88+0.004 ms clock, 0.80+1.5/1.4/0.22+0.033 ms cpu, 4->4->2 MB, 4 MB goal, 0 MB stacks, 0 MB globals, 8 P
gc 2416 @184.153s 0%: 0.043+1.0+0.015 ms clock, 0.34+0.039/1.6/3.6+0.12 ms cpu, 4->4->1 MB, 4 MB goal, 0 MB stacks, 0 MB globals, 8 P
gc 2417 @184.235s 0%: 0.030+0.86+0.006 ms clock, 0.24+0.040/1.4/3.5+0.051 ms cpu, 4->4->2 MB, 4 MB goal, 0 MB stacks, 0 MB globals, 8 P
gc 2418 @184.311s 0%: 0.045+1.0+0.023 ms clock, 0.36+0.035/1.9/4.7+0.18 ms cpu, 4->4->1 MB, 4 MB goal, 0 MB stacks, 0 MB globals, 8 P
gc 2419 @184.387s 0%: 0.036+0.64+0.046 ms clock, 0.29+0.033/1.0/2.2+0.37 ms cpu, 3->4->2 MB, 4 MB goal, 0 MB stacks, 0 MB globals, 8 P
gc 2420 @184.457s 0%: 0.039+1.0+0.025 ms clock, 0.31+0.033/1.7/4.1+0.20 ms cpu, 4->4->1 MB, 4 MB goal, 0 MB stacks, 0 MB globals, 8 P
gc 2421 @184.527s 0%: 0.037+0.92+0.003 ms clock, 0.30+0.034/1.7/3.7+0.031 ms cpu, 4->4->1 MB, 4 MB goal, 0 MB stacks, 0 MB globals, 8 P
gc 2422 @184.596s 0%: 0.038+1.1+0.023 ms clock, 0.30+0.032/2.0/5.0+0.18 ms cpu, 3->4->1 MB, 4 MB goal, 0 MB stacks, 0 MB globals, 8 P
gc 2423 @184.662s 0%: 0.038+0.96+0.002 ms clock, 0.30+0.033/1.7/3.8+0.022 ms cpu, 3->4->1 MB, 4 MB goal, 0 MB stacks, 0 MB globals, 8 P
gc 2424 @184.738s 0%: 0.041+0.64+0.042 ms clock, 0.32+0.034/1.0/1.9+0.34 ms cpu, 4->4->1 MB, 4 MB goal, 0 MB stacks, 0 MB globals, 8 P
gc 2425 @184.811s 0%: 0.048+0.77+0.015 ms clock, 0.38+0.036/1.3/2.8+0.12 ms cpu, 3->4->1 MB, 4 MB goal, 0 MB stacks, 0 MB globals, 8 P
gc 2426 @184.884s 0%: 0.039+0.97+0.005 ms clock, 0.31+0.034/1.6/3.4+0.044 ms cpu, 3->4->1 MB, 4 MB goal, 0 MB stacks, 0 MB globals, 8 P
gc 2427 @184.949s 0%: 0.037+1.1+0.004 ms clock, 0.30+0.035/1.8/1.4+0.032 ms cpu, 3->3->1 MB, 4 MB goal, 0 MB stacks, 0 MB globals, 8 P
gc 2428 @185.010s 0%: 0.081+0.79+0.003 ms clock, 0.65+0.25/1.4/2.3+0.025 ms cpu, 3->4->2 MB, 4 MB goal, 0 MB stacks, 0 MB globals, 8 P
gc 2429 @185.070s 0%: 0.12+1.0+0.029 ms clock, 0.98+1.9/1.6/1.1+0.23 ms cpu, 4->4->2 MB, 4 MB goal, 0 MB stacks, 0 MB globals, 8 P
gc 2430 @185.143s 0%: 0.039+0.97+0.034 ms clock, 0.31+0.036/1.6/3.8+0.27 ms cpu, 4->4->2 MB, 5 MB goal, 0 MB stacks, 0 MB globals, 8 P
gc 2431 @185.226s 0%: 0.044+0.95+0.003 ms clock, 0.35+0.034/1.5/3.9+0.027 ms cpu, 4->4->2 MB, 4 MB goal, 0 MB stacks, 0 MB globals, 8 P
gc 2432 @185.295s 0%: 0.046+1.0+0.012 ms clock, 0.37+0.034/1.9/4.4+0.10 ms cpu, 4->4->1 MB, 4 MB goal, 0 MB stacks, 0 MB globals, 8 P
gc 2433 @185.372s 0%: 0.043+0.76+0.027 ms clock, 0.35+0.040/1.1/2.4+0.21 ms cpu, 4->4->2 MB, 4 MB goal, 0 MB stacks, 0 MB globals, 8 P
gc 2434 @185.448s 0%: 0.046+0.77+0.005 ms clock, 0.37+0.040/1.3/2.8+0.044 ms cpu, 4->4->2 MB, 4 MB goal, 0 MB stacks, 0 MB globals, 8 P
gc 2435 @185.521s 0%: 0.040+1.0+0.012 ms clock, 0.32+0.033/1.7/3.9+0.10 ms cpu, 4->4->1 MB, 4 MB goal, 0 MB stacks, 0 MB globals, 8 P
gc 2436 @185.601s 0%: 0.058+0.90+0.004 ms clock, 0.46+0.044/1.4/2.3+0.032 ms cpu, 4->4->1 MB, 4 MB goal, 0 MB stacks, 0 MB globals, 8 P
gc 2437 @185.672s 0%: 0.041+0.79+0.005 ms clock, 0.32+0.25/1.2/2.7+0.046 ms cpu, 4->4->2 MB, 4 MB goal, 0 MB stacks, 0 MB globals, 8 P
gc 2438 @185.746s 0%: 0.23+2.2+0.003 ms clock, 1.8+0.099/3.5/1.0+0.029 ms cpu, 4->4->2 MB, 4 MB goal, 0 MB stacks, 0 MB globals, 8 P
gc 2439 @185.814s 0%: 0.043+1.1+0.006 ms clock, 0.34+0.034/1.9/4.1+0.054 ms cpu, 4->4->2 MB, 4 MB goal, 0 MB stacks, 0 MB globals, 8 P
gc 2440 @185.897s 0%: 0.040+0.84+0.033 ms clock, 0.32+0.034/1.5/3.0+0.26 ms cpu, 4->4->1 MB, 4 MB goal, 0 MB stacks, 0 MB globals, 8 P
gc 2441 @185.963s 0%: 0.034+0.91+0.018 ms clock, 0.27+0.027/1.6/4.0+0.14 ms cpu, 3->4->2 MB, 4 MB goal, 0 MB stacks, 0 MB globals, 8 P
gc 2442 @186.036s 0%: 0.036+0.97+0.004 ms clock, 0.29+0.031/1.7/4.2+0.038 ms cpu, 4->4->1 MB, 4 MB goal, 0 MB stacks, 0 MB globals, 8 P
gc 2443 @186.074s 0%: 0.076+0.93+0.007 ms clock, 0.61+0.10/1.6/3.4+0.056 ms cpu, 4->4->2 MB, 4 MB goal, 0 MB stacks, 0 MB globals, 8 P
gc 2444 @186.150s 0%: 0.051+0.84+0.018 ms clock, 0.41+0.036/1.4/3.0+0.14 ms cpu, 4->4->1 MB, 4 MB goal, 0 MB stacks, 0 MB globals, 8 P
gc 2445 @186.231s 0%: 0.048+1.0+0.012 ms clock, 0.39+0.034/1.9/4.4+0.10 ms cpu, 4->4->1 MB, 4 MB goal, 0 MB stacks, 0 MB globals, 8 P
gc 2446 @186.297s 0%: 0.037+0.85+0.010 ms clock, 0.30+0.034/1.4/2.8+0.085 ms cpu, 3->4->1 MB, 4 MB goal, 0 MB stacks, 0 MB globals, 8 P
gc 2447 @186.367s 0%: 0.054+0.72+0.006 ms clock, 0.43+0.037/1.2/2.2+0.048 ms cpu, 4->4->1 MB, 4 MB goal, 0 MB stacks, 0 MB globals, 8 P
gc 2448 @186.446s 0%: 0.17+6.1+0.098 ms clock, 1.4+0.084/2.1/1.9+0.79 ms cpu, 3->4->2 MB, 4 MB goal, 0 MB stacks, 0 MB globals, 8 P
gc 2449 @186.522s 0%: 0.044+0.97+0.004 ms clock, 0.35+0.034/1.8/4.3+0.036 ms cpu, 4->4->1 MB, 5 MB goal, 0 MB stacks, 0 MB globals, 8 P
gc 2450 @186.598s 0%: 0.042+0.86+0.006 ms clock, 0.33+0.032/1.4/3.2+0.048 ms cpu, 4->4->1 MB, 4 MB goal, 0 MB stacks, 0 MB globals, 8 P
gc 2451 @186.664s 0%: 0.037+0.66+0.024 ms clock, 0.30+0.031/1.0/2.3+0.19 ms cpu, 3->3->1 MB, 4 MB goal, 0 MB stacks, 0 MB globals, 8 P
gc 2452 @186.732s 0%: 0.036+0.89+0.003 ms clock, 0.28+0.043/1.6/3.8+0.027 ms cpu, 3->4->1 MB, 4 MB goal, 0 MB stacks, 0 MB globals, 8 P
gc 2453 @186.793s 0%: 0.051+1.2+0.023 ms clock, 0.41+0.033/2.2/5.4+0.18 ms cpu, 4->4->2 MB, 4 MB goal, 0 MB stacks, 0 MB globals, 8 P
gc 2454 @186.869s 0%: 0.046+0.81+0.005 ms clock, 0.37+0.031/1.3/2.7+0.044 ms cpu, 4->4->1 MB, 5 MB goal, 0 MB stacks, 0 MB globals, 8 P
gc 2455 @186.943s 0%: 0.046+0.83+0.027 ms clock, 0.36+0.043/1.3/3.0+0.21 ms cpu, 3->4->1 MB, 4 MB goal, 0 MB stacks, 0 MB globals, 8 P
gc 2456 @187.015s 0%: 0.040+1.0+0.020 ms clock, 0.32+0.036/1.8/4.0+0.16 ms cpu, 3->4->1 MB, 4 MB goal, 0 MB stacks, 0 MB globals, 8 P
gc 2457 @187.078s 0%: 0.10+0.93+0.024 ms clock, 0.84+1.8/1.5/0.28+0.19 ms cpu, 3->4->2 MB, 4 MB goal, 0 MB stacks, 0 MB globals, 8 P
gc 2458 @187.152s 0%: 0.038+0.97+0.029 ms clock, 0.30+0.033/1.5/4.0+0.23 ms cpu, 4->4->2 MB, 5 MB goal, 0 MB stacks, 0 MB globals, 8 P
gc 2459 @187.233s 0%: 0.041+0.92+0.013 ms clock, 0.33+0.032/1.7/3.5+0.10 ms cpu, 4->4->1 MB, 4 MB goal, 0 MB stacks, 0 MB globals, 8 P
gc 2460 @187.305s 0%: 0.039+0.74+0.003 ms clock, 0.31+0.035/1.3/3.0+0.031 ms cpu, 3->4->1 MB, 4 MB goal, 0 MB stacks, 0 MB globals, 8 P
gc 2461 @187.386s 0%: 0.049+0.78+0.033 ms clock, 0.39+0.034/1.4/2.9+0.26 ms cpu, 3->4->1 MB, 4 MB goal, 0 MB stacks, 0 MB globals, 8 P
gc 2462 @187.447s 0%: 0.053+1.4+0.037 ms clock, 0.42+0.047/1.7/0.79+0.30 ms cpu, 3->4->1 MB, 4 MB goal, 0 MB stacks, 0 MB globals, 8 P
gc 2463 @187.509s 0%: 0.036+1.0+0.028 ms clock, 0.29+0.034/1.8/4.3+0.22 ms cpu, 3->4->2 MB, 4 MB goal, 0 MB stacks, 0 MB globals, 8 P
gc 2464 @187.589s 0%: 0.037+1.0+0.025 ms clock, 0.29+0.033/1.9/4.5+0.20 ms cpu, 4->4->1 MB, 5 MB goal, 0 MB stacks, 0 MB globals, 8 P
gc 2465 @187.663s 0%: 0.062+1.1+0.005 ms clock, 0.50+0.037/2.0/4.7+0.040 ms cpu, 3->4->1 MB, 4 MB goal, 0 MB stacks, 0 MB globals, 8 P
gc 2466 @187.734s 0%: 0.036+1.0+0.006 ms clock, 0.29+0.034/1.7/4.3+0.050 ms cpu, 3->4->1 MB, 4 MB goal, 0 MB stacks, 0 MB globals, 8 P
gc 2467 @187.816s 0%: 0.050+1.0+0.027 ms clock, 0.40+0.032/1.8/4.0+0.22 ms cpu, 3->4->1 MB, 4 MB goal, 0 MB stacks, 0 MB globals, 8 P
gc 2468 @187.892s 0%: 0.045+0.83+0.012 ms clock, 0.36+0.039/1.4/3.5+0.099 ms cpu, 3->4->1 MB, 4 MB goal, 0 MB stacks, 0 MB globals, 8 P
gc 2469 @187.972s 0%: 0.039+1.0+0.013 ms clock, 0.31+0.033/1.7/4.0+0.10 ms cpu, 3->4->2 MB, 4 MB goal, 0 MB stacks, 0 MB globals, 8 P
gc 2470 @188.053s 0%: 0.039+0.66+0.018 ms clock, 0.31+0.034/1.1/1.4+0.15 ms cpu, 4->4->1 MB, 4 MB goal, 0 MB stacks, 0 MB globals, 8 P
gc 2471 @188.085s 0%: 0.084+0.74+0.017 ms clock, 0.67+0.038/1.2/2.3+0.13 ms cpu, 3->4->2 MB, 4 MB goal, 0 MB stacks, 0 MB globals, 8 P
gc 2472 @188.165s 0%: 0.048+1.0+0.025 ms clock, 0.38+0.037/1.7/3.9+0.20 ms cpu, 4->4->1 MB, 5 MB goal, 0 MB stacks, 0 MB globals, 8 P
gc 2473 @188.198s 0%: 0.043+0.81+0.003 ms clock, 0.35+0.045/1.4/3.1+0.025 ms cpu, 3->3->2 MB, 4 MB goal, 0 MB stacks, 0 MB globals, 8 P
gc 2474 @188.277s 0%: 0.050+1.0+0.011 ms clock, 0.40+0.035/1.7/4.1+0.089 ms cpu, 4->4->1 MB, 5 MB goal, 0 MB stacks, 0 MB globals, 8 P
gc 2475 @188.357s 0%: 0.035+0.72+0.013 ms clock, 0.28+0.030/1.2/2.5+0.10 ms cpu, 3->3->1 MB, 4 MB goal, 0 MB stacks, 0 MB globals, 8 P
gc 2476 @188.430s 0%: 0.040+0.98+0.017 ms clock, 0.32+0.035/1.7/3.5+0.13 ms cpu, 3->4->1 MB, 4 MB goal, 0 MB stacks, 0 MB globals, 8 P
gc 2477 @188.504s 0%: 0.037+1.0+0.013 ms clock, 0.29+0.033/1.7/4.2+0.10 ms cpu, 4->4->2 MB, 4 MB goal, 0 MB stacks, 0 MB globals, 8 P
gc 2478 @188.582s 0%: 0.045+0.75+0.015 ms clock, 0.36+0.034/1.2/2.6+0.12 ms cpu, 4->4->1 MB, 4 MB goal, 0 MB stacks, 0 MB globals, 8 P
gc 2479 @188.659s 0%: 0.049+0.78+0.008 ms clock, 0.39+0.036/1.3/2.8+0.065 ms cpu, 4->4->2 MB, 4 MB goal, 0 MB stacks, 0 MB globals, 8 P
gc 2480 @188.724s 0%: 0.037+0.74+0.030 ms clock, 0.29+0.034/1.1/2.4+0.24 ms cpu, 4->4->1 MB, 4 MB goal, 0 MB stacks, 0 MB globals, 8 P
gc 2481 @188.802s 0%: 0.076+0.83+0.030 ms clock, 0.60+0.038/1.3/2.7+0.24 ms cpu, 4->4->1 MB, 4 MB goal, 0 MB stacks, 0 MB globals, 8 P
gc 2482 @188.874s 0%: 0.044+1.0+0.004 ms clock, 0.35+0.033/1.8/4.0+0.034 ms cpu, 3->4->1 MB, 4 MB goal, 0 MB stacks, 0 MB globals, 8 P
gc 2483 @188.953s 0%: 0.051+1.0+0.003 ms clock, 0.40+0.034/1.8/4.0+0.026 ms cpu, 3->4->1 MB, 4 MB goal, 0 MB stacks, 0 MB globals, 8 P
gc 2484 @189.027s 0%: 0.040+0.88+0.003 ms clock, 0.32+0.031/1.6/3.8+0.027 ms cpu, 3->4->2 MB, 4 MB goal, 0 MB stacks, 0 MB globals, 8 P
gc 2485 @189.082s 0%: 0.042+0.77+0.004 ms clock, 0.33+0.040/1.2/3.0+0.039 ms cpu, 4->4->1 MB, 4 MB goal, 0 MB stacks, 0 MB globals, 8 P
gc 2486 @189.110s 0%: 0.041+0.75+0.023 ms clock, 0.33+0.051/1.3/2.6+0.18 ms cpu, 4->4->2 MB, 4 MB goal, 0 MB stacks, 0 MB globals, 8 P
gc 2487 @189.187s 0%: 0.043+0.79+0.012 ms clock, 0.34+0.043/1.2/3.1+0.099 ms cpu, 4->4->2 MB, 5 MB goal, 0 MB stacks, 0 MB globals, 8 P
gc 2488 @189.262s 0%: 0.036+0.83+0.009 ms clock, 0.29+0.047/1.4/3.0+0.073 ms cpu, 4->4->1 MB, 5 MB goal, 0 MB stacks, 0 MB globals, 8 P
gc 2489 @189.339s 0%: 0.039+0.84+0.017 ms clock, 0.31+0.029/1.4/3.0+0.14 ms cpu, 4->4->1 MB, 4 MB goal, 0 MB stacks, 0 MB globals, 8 P
gc 2490 @189.408s 0%: 0.039+0.69+0.003 ms clock, 0.31+0.037/1.3/2.7+0.025 ms cpu, 3->4->1 MB, 4 MB goal, 0 MB stacks, 0 MB globals, 8 P
gc 2491 @189.485s 0%: 0.056+1.0+0.023 ms clock, 0.45+0.038/1.8/4.3+0.18 ms cpu, 3->4->1 MB, 4 MB goal, 0 MB stacks, 0 MB globals, 8 P
gc 2492 @189.558s 0%: 0.044+0.81+0.012 ms clock, 0.35+0.037/1.4/3.4+0.10 ms cpu, 3->4->2 MB, 4 MB goal, 0 MB stacks, 0 MB globals, 8 P
gc 2493 @189.637s 0%: 0.047+0.81+0.004 ms clock, 0.38+0.17/1.5/2.9+0.036 ms cpu, 4->4->1 MB, 4 MB goal, 0 MB stacks, 0 MB globals, 8 P
gc 2494 @189.705s 0%: 0.098+1.3+0.009 ms clock, 0.78+0.037/2.5/0.024+0.072 ms cpu, 3->4->1 MB, 4 MB goal, 0 MB stacks, 0 MB globals, 8 P
gc 2495 @189.777s 0%: 0.040+0.86+0.036 ms clock, 0.32+0.036/1.4/3.2+0.28 ms cpu, 4->4->1 MB, 4 MB goal, 0 MB stacks, 0 MB globals, 8 P
gc 2496 @189.857s 0%: 0.037+0.94+0.025 ms clock, 0.29+0.033/1.6/3.6+0.20 ms cpu, 4->4->2 MB, 4 MB goal, 0 MB stacks, 0 MB globals, 8 P
gc 2497 @189.934s 0%: 0.039+0.83+0.002 ms clock, 0.31+0.034/1.4/3.2+0.020 ms cpu, 4->4->2 MB, 5 MB goal, 0 MB stacks, 0 MB globals, 8 P
gc 2498 @190.009s 0%: 0.052+0.99+0.034 ms clock, 0.41+0.52/1.7/2.0+0.27 ms cpu, 4->4->2 MB, 5 MB goal, 0 MB stacks, 0 MB globals, 8 P
gc 2499 @190.089s 0%: 0.075+0.89+0.029 ms clock, 0.60+1.6/1.4/0.014+0.23 ms cpu, 4->5->2 MB, 5 MB goal, 0 MB stacks, 0 MB globals, 8 P
gc 2500 @190.154s 0%: 0.034+0.74+0.025 ms clock, 0.27+0.031/1.2/2.5+0.20 ms cpu, 4->4->2 MB, 5 MB goal, 0 MB stacks, 0 MB globals, 8 P
gc 2501 @190.224s 0%: 0.042+1.0+0.015 ms clock, 0.33+0.036/1.8/4.5+0.12 ms cpu, 4->4->2 MB, 5 MB goal, 0 MB stacks, 0 MB globals, 8 P
gc 2502 @190.303s 0%: 0.045+0.84+0.010 ms clock, 0.36+0.041/1.3/2.9+0.085 ms cpu, 4->4->2 MB, 5 MB goal, 0 MB stacks, 0 MB globals, 8 P
gc 2503 @190.379s 0%: 0.046+0.71+0.003 ms clock, 0.37+0.035/1.2/2.7+0.030 ms cpu, 4->4->1 MB, 4 MB goal, 0 MB stacks, 0 MB globals, 8 P
gc 2504 @190.447s 0%: 0.52+2.1+0.27 ms clock, 4.1+0.10/0.95/0+2.2 ms cpu, 3->4->1 MB, 4 MB goal, 0 MB stacks, 0 MB globals, 8 P
gc 2505 @190.512s 0%: 0.042+0.98+0.024 ms clock, 0.33+0.040/1.5/3.3+0.19 ms cpu, 4->4->2 MB, 4 MB goal, 0 MB stacks, 0 MB globals, 8 P
gc 2506 @190.597s 0%: 0.040+1.0+0.017 ms clock, 0.32+0.033/1.8/4.1+0.13 ms cpu, 4->4->1 MB, 4 MB goal, 0 MB stacks, 0 MB globals, 8 P
gc 2507 @190.677s 0%: 0.049+0.80+0.003 ms clock, 0.39+0.062/1.5/3.4+0.029 ms cpu, 3->4->1 MB, 4 MB goal, 0 MB stacks, 0 MB globals, 8 P
gc 2508 @190.758s 0%: 0.041+0.97+0.035 ms clock, 0.32+0.055/1.6/3.7+0.28 ms cpu, 3->4->1 MB, 4 MB goal, 0 MB stacks, 0 MB globals, 8 P
gc 2509 @190.841s 0%: 0.046+0.85+0.004 ms clock, 0.37+0.034/1.5/3.2+0.036 ms cpu, 4->4->1 MB, 4 MB goal, 0 MB stacks, 0 MB globals, 8 P
gc 2510 @190.908s 0%: 0.040+1.0+0.014 ms clock, 0.32+0.039/1.8/4.0+0.11 ms cpu, 3->4->2 MB, 4 MB goal, 0 MB stacks, 0 MB globals, 8 P
gc 2511 @190.981s 0%: 0.036+0.90+0.003 ms clock, 0.29+0.034/1.5/3.2+0.031 ms cpu, 4->4->2 MB, 5 MB goal, 0 MB stacks, 0 MB globals, 8 P
gc 2512 @191.057s 0%: 0.041+0.88+0.004 ms clock, 0.32+0.034/1.6/3.7+0.038 ms cpu, 4->4->2 MB, 5 MB goal, 0 MB stacks, 0 MB globals, 8 P
gc 2513 @191.095s 0%: 0.052+0.71+0.027 ms clock, 0.41+0.053/1.1/2.6+0.21 ms cpu, 4->4->2 MB, 5 MB goal, 0 MB stacks, 0 MB globals, 8 P
gc 2514 @191.169s 0%: 0.043+1.0+0.011 ms clock, 0.34+0.035/1.7/3.9+0.089 ms cpu, 4->4->1 MB, 5 MB goal, 0 MB stacks, 0 MB globals, 8 P
gc 2515 @191.246s 0%: 0.041+0.95+0.009 ms clock, 0.33+0.034/1.5/3.7+0.074 ms cpu, 3->4->1 MB, 4 MB goal, 0 MB stacks, 0 MB globals, 8 P
gc 2516 @191.320s 0%: 0.045+0.71+0.019 ms clock, 0.36+0.037/1.2/2.9+0.15 ms cpu, 3->4->1 MB, 4 MB goal, 0 MB stacks, 0 MB globals, 8 P
gc 2517 @191.397s 0%: 0.038+0.65+0.003 ms clock, 0.30+0.034/1.1/1.9+0.030 ms cpu, 3->4->1 MB, 4 MB goal, 0 MB stacks, 0 MB globals, 8 P
gc 2518 @191.458s 0%: 0.050+0.89+0.006 ms clock, 0.40+0.49/1.4/2.5+0.048 ms cpu, 3->4->2 MB, 4 MB goal, 0 MB stacks, 0 MB globals, 8 P
gc 2519 @191.533s 0%: 0.036+1.0+0.004 ms clock, 0.29+0.034/1.8/4.6+0.034 ms cpu, 4->4->1 MB, 4 MB goal, 0 MB stacks, 0 MB globals, 8 P
gc 2520 @191.608s 0%: 0.048+0.82+0.009 ms clock, 0.38+0.034/1.2/3.1+0.072 ms cpu, 3->4->1 MB, 4 MB goal, 0 MB stacks, 0 MB globals, 8 P
gc 2521 @191.682s 0%: 0.041+0.81+0.015 ms clock, 0.33+0.033/1.4/3.4+0.12 ms cpu, 3->4->1 MB, 4 MB goal, 0 MB stacks, 0 MB globals, 8 P
gc 2522 @191.760s 0%: 0.043+0.92+0.003 ms clock, 0.34+0.035/1.6/3.6+0.031 ms cpu, 3->4->1 MB, 4 MB goal, 0 MB stacks, 0 MB globals, 8 P
gc 2523 @191.832s 0%: 0.037+0.99+0.017 ms clock, 0.30+0.030/1.8/4.3+0.13 ms cpu, 3->4->2 MB, 4 MB goal, 0 MB stacks, 0 MB globals, 8 P
gc 2524 @191.902s 0%: 0.052+0.78+0.016 ms clock, 0.42+0.038/1.3/2.6+0.13 ms cpu, 4->4->2 MB, 5 MB goal, 0 MB stacks, 0 MB globals, 8 P
gc 2525 @191.974s 0%: 0.039+0.82+0.017 ms clock, 0.31+0.035/1.3/2.7+0.13 ms cpu, 4->4->2 MB, 4 MB goal, 0 MB stacks, 0 MB globals, 8 P
gc 2526 @192.060s 0%: 0.039+0.80+0.009 ms clock, 0.31+0.034/1.4/3.2+0.072 ms cpu, 4->4->1 MB, 5 MB goal, 0 MB stacks, 0 MB globals, 8 P
gc 2527 @192.104s 0%: 0.036+0.97+0.017 ms clock, 0.29+0.032/1.6/4.2+0.13 ms cpu, 3->3->2 MB, 4 MB goal, 0 MB stacks, 0 MB globals, 8 P
gc 2528 @192.183s 0%: 0.042+1.0+0.024 ms clock, 0.34+0.036/1.7/4.2+0.19 ms cpu, 4->4->1 MB, 4 MB goal, 0 MB stacks, 0 MB globals, 8 P
gc 2529 @192.261s 0%: 0.039+0.87+0.024 ms clock, 0.31+0.033/1.4/3.2+0.19 ms cpu, 4->4->2 MB, 4 MB goal, 0 MB stacks, 0 MB globals, 8 P
gc 2530 @192.334s 0%: 0.041+0.71+0.005 ms clock, 0.33+0.033/1.2/2.6+0.041 ms cpu, 4->4->2 MB, 4 MB goal, 0 MB stacks, 0 MB globals, 8 P
gc 2531 @192.415s 0%: 0.040+0.66+0.020 ms clock, 0.32+0.037/1.1/2.0+0.16 ms cpu, 4->4->1 MB, 4 MB goal, 0 MB stacks, 0 MB globals, 8 P
gc 2532 @192.494s 0%: 0.039+1.1+0.017 ms clock, 0.31+0.035/1.9/4.6+0.14 ms cpu, 3->4->2 MB, 4 MB goal, 0 MB stacks, 0 MB globals, 8 P
gc 2533 @192.573s 0%: 0.042+0.82+0.010 ms clock, 0.33+0.038/1.4/2.8+0.087 ms cpu, 4->4->2 MB, 4 MB goal, 0 MB stacks, 0 MB globals, 8 P
gc 2534 @192.652s 0%: 0.030+1.0+0.015 ms clock, 0.24+0.030/1.8/4.7+0.12 ms cpu, 4->4->2 MB, 5 MB goal, 0 MB stacks, 0 MB globals, 8 P
gc 2535 @192.729s 0%: 0.052+4.4+0.006 ms clock, 0.42+0.035/4.4/2.7+0.053 ms cpu, 4->4->1 MB, 4 MB goal, 0 MB stacks, 0 MB globals, 8 P
gc 2536 @192.806s 0%: 0.040+1.0+0.032 ms clock, 0.32+0.034/1.8/4.1+0.25 ms cpu, 3->4->2 MB, 4 MB goal, 0 MB stacks, 0 MB globals, 8 P
gc 2537 @192.882s 0%: 0.047+0.66+0.004 ms clock, 0.37+0.033/1.1/2.6+0.033 ms cpu, 4->4->1 MB, 5 MB goal, 0 MB stacks, 0 MB globals, 8 P
gc 2538 @192.957s 0%: 0.043+0.83+0.031 ms clock, 0.35+0.033/1.1/2.6+0.25 ms cpu, 3->4->1 MB, 4 MB goal, 0 MB stacks, 0 MB globals, 8 P
gc 2539 @193.037s 0%: 0.041+0.87+0.003 ms clock, 0.33+0.035/1.6/2.9+0.028 ms cpu, 4->4->1 MB, 4 MB goal, 0 MB stacks, 0 MB globals, 8 P
gc 2540 @193.100s 0%: 0.16+1.0+0.006 ms clock, 1.3+2.3/1.6/0.33+0.049 ms cpu, 3->4->2 MB, 4 MB goal, 0 MB stacks, 0 MB globals, 8 P
gc 2541 @193.175s 0%: 0.11+1.7+0.043 ms clock, 0.91+0.094/1.9/2.5+0.34 ms cpu, 4->4->2 MB, 5 MB goal, 0 MB stacks, 0 MB globals, 8 P
gc 2542 @193.260s 0%: 0.046+0.86+0.005 ms clock, 0.36+0.037/1.3/2.1+0.047 ms cpu, 4->4->1 MB, 5 MB goal, 0 MB stacks, 0 MB globals, 8 P
gc 2543 @193.329s 0%: 0.081+0.77+0.028 ms clock, 0.65+0.038/1.3/2.6+0.22 ms cpu, 4->4->2 MB, 4 MB goal, 0 MB stacks, 0 MB globals, 8 P
gc 2544 @193.402s 0%: 0.075+0.80+0.020 ms clock, 0.60+0.039/1.3/2.5+0.16 ms cpu, 4->4->1 MB, 4 MB goal, 0 MB stacks, 0 MB globals, 8 P
gc 2545 @193.473s 0%: 0.042+0.72+0.036 ms clock, 0.33+0.035/1.0/2.6+0.29 ms cpu, 3->4->1 MB, 4 MB goal, 0 MB stacks, 0 MB globals, 8 P
gc 2546 @193.548s 0%: 0.077+0.85+0.032 ms clock, 0.62+0.050/1.3/2.6+0.25 ms cpu, 4->4->2 MB, 4 MB goal, 0 MB stacks, 0 MB globals, 8 P
gc 2547 @193.629s 0%: 0.032+0.88+0.049 ms clock, 0.26+0.027/1.5/3.5+0.39 ms cpu, 4->4->2 MB, 4 MB goal, 0 MB stacks, 0 MB globals, 8 P
gc 2548 @193.707s 0%: 0.039+0.81+0.016 ms clock, 0.31+0.032/1.3/2.7+0.13 ms cpu, 4->4->2 MB, 4 MB goal, 0 MB stacks, 0 MB globals, 8 P
gc 2549 @193.781s 0%: 0.042+0.85+0.031 ms clock, 0.33+0.034/1.4/3.1+0.25 ms cpu, 4->4->1 MB, 4 MB goal, 0 MB stacks, 0 MB globals, 8 P
gc 2550 @193.859s 0%: 0.057+1.0+0.031 ms clock, 0.45+0.040/1.8/3.9+0.24 ms cpu, 4->4->2 MB, 4 MB goal, 0 MB stacks, 0 MB globals, 8 P
gc 2551 @193.941s 0%: 0.054+0.76+0.003 ms clock, 0.43+0.036/1.3/2.8+0.026 ms cpu, 4->4->2 MB, 4 MB goal, 0 MB stacks, 0 MB globals, 8 P
gc 2552 @194.011s 0%: 0.043+0.82+0.014 ms clock, 0.34+0.033/1.5/3.1+0.11 ms cpu, 4->4->1 MB, 4 MB goal, 0 MB stacks, 0 MB globals, 8 P
gc 2553 @194.086s 0%: 0.033+0.96+0.011 ms clock, 0.26+0.035/1.7/4.1+0.090 ms cpu, 3->4->1 MB, 4 MB goal, 0 MB stacks, 0 MB globals, 8 P
gc 2554 @194.120s 0%: 0.050+0.68+0.002 ms clock, 0.40+0.035/1.1/2.8+0.021 ms cpu, 3->3->2 MB, 4 MB goal, 0 MB stacks, 0 MB globals, 8 P
gc 2555 @194.200s 0%: 0.050+0.92+0.038 ms clock, 0.40+0.034/1.5/3.5+0.30 ms cpu, 4->4->1 MB, 5 MB goal, 0 MB stacks, 0 MB globals, 8 P
gc 2556 @194.266s 0%: 0.043+1.1+0.006 ms clock, 0.35+0.036/1.9/4.6+0.049 ms cpu, 4->4->2 MB, 4 MB goal, 0 MB stacks, 0 MB globals, 8 P
gc 2557 @194.336s 0%: 0.038+0.96+0.024 ms clock, 0.31+0.032/1.7/4.2+0.19 ms cpu, 4->4->1 MB, 4 MB goal, 0 MB stacks, 0 MB globals, 8 P
gc 2558 @194.412s 0%: 0.037+0.97+0.004 ms clock, 0.29+0.042/1.8/4.4+0.032 ms cpu, 3->4->1 MB, 4 MB goal, 0 MB stacks, 0 MB globals, 8 P
gc 2559 @194.490s 0%: 0.038+0.91+0.033 ms clock, 0.30+0.036/1.5/3.4+0.26 ms cpu, 3->4->2 MB, 4 MB goal, 0 MB stacks, 0 MB globals, 8 P
gc 2560 @194.559s 0%: 0.060+0.96+0.062 ms clock, 0.48+0.039/1.5/1.0+0.49 ms cpu, 4->4->1 MB, 4 MB goal, 0 MB stacks, 0 MB globals, 8 P
gc 2561 @194.629s 0%: 0.039+0.95+0.026 ms clock, 0.31+0.033/1.6/3.8+0.21 ms cpu, 3->4->2 MB, 4 MB goal, 0 MB stacks, 0 MB globals, 8 P
gc 2562 @194.714s 0%: 0.040+0.92+0.003 ms clock, 0.32+0.033/1.7/3.6+0.027 ms cpu, 4->4->2 MB, 4 MB goal, 0 MB stacks, 0 MB globals, 8 P
gc 2563 @194.796s 0%: 0.036+0.82+0.019 ms clock, 0.29+0.032/1.3/3.3+0.15 ms cpu, 4->4->1 MB, 5 MB goal, 0 MB stacks, 0 MB globals, 8 P
gc 2564 @194.872s 0%: 0.047+0.77+0.004 ms clock, 0.37+0.035/1.3/2.8+0.035 ms cpu, 3->4->2 MB, 4 MB goal, 0 MB stacks, 0 MB globals, 8 P
gc 2565 @194.950s 0%: 0.040+0.72+0.022 ms clock, 0.32+0.033/1.2/2.8+0.17 ms cpu, 4->4->2 MB, 4 MB goal, 0 MB stacks, 0 MB globals, 8 P
gc 2566 @195.010s 0%: 0.066+0.87+0.003 ms clock, 0.53+1.3/1.5/1.6+0.026 ms cpu, 4->4->2 MB, 4 MB goal, 0 MB stacks, 0 MB globals, 8 P
gc 2567 @195.087s 0%: 0.062+0.75+0.003 ms clock, 0.49+0.039/1.4/2.9+0.031 ms cpu, 4->4->1 MB, 4 MB goal, 0 MB stacks, 0 MB globals, 8 P
gc 2568 @195.117s 0%: 0.038+0.84+0.003 ms clock, 0.30+0.027/1.5/3.6+0.025 ms cpu, 4->4->2 MB, 4 MB goal, 0 MB stacks, 0 MB globals, 8 P
gc 2569 @195.196s 0%: 0.045+0.77+0.017 ms clock, 0.36+0.034/1.2/2.4+0.13 ms cpu, 4->4->2 MB, 5 MB goal, 0 MB stacks, 0 MB globals, 8 P
gc 2570 @195.281s 0%: 0.044+0.79+0.011 ms clock, 0.35+0.032/1.2/2.8+0.089 ms cpu, 4->4->2 MB, 4 MB goal, 0 MB stacks, 0 MB globals, 8 P
gc 2571 @195.356s 0%: 0.034+0.79+0.016 ms clock, 0.27+0.040/1.1/2.5+0.13 ms cpu, 4->4->2 MB, 4 MB goal, 0 MB stacks, 0 MB globals, 8 P
gc 2572 @195.433s 0%: 0.040+0.93+0.014 ms clock, 0.32+0.034/1.6/3.8+0.11 ms cpu, 4->4->2 MB, 4 MB goal, 0 MB stacks, 0 MB globals, 8 P
gc 2573 @195.498s 0%: 0.043+1.0+0.037 ms clock, 0.34+0.033/1.9/4.4+0.30 ms cpu, 4->4->2 MB, 4 MB goal, 0 MB stacks, 0 MB globals, 8 P
gc 2574 @195.576s 0%: 0.049+0.78+0.017 ms clock, 0.39+0.041/1.3/2.8+0.14 ms cpu, 4->4->1 MB, 5 MB goal, 0 MB stacks, 0 MB globals, 8 P
gc 2575 @195.650s 0%: 0.052+0.79+0.022 ms clock, 0.41+0.035/1.3/2.5+0.18 ms cpu, 4->4->2 MB, 4 MB goal, 0 MB stacks, 0 MB globals, 8 P
gc 2576 @195.720s 0%: 0.040+0.81+0.008 ms clock, 0.32+0.037/1.3/2.4+0.067 ms cpu, 4->4->1 MB, 4 MB goal, 0 MB stacks, 0 MB globals, 8 P
gc 2577 @195.802s 0%: 0.045+1.0+0.010 ms clock, 0.36+0.033/1.9/4.6+0.083 ms cpu, 4->4->1 MB, 4 MB goal, 0 MB stacks, 0 MB globals, 8 P
gc 2578 @195.885s 0%: 0.051+0.80+0.025 ms clock, 0.40+0.037/1.2/2.7+0.20 ms cpu, 4->4->1 MB, 4 MB goal, 0 MB stacks, 0 MB globals, 8 P
gc 2579 @195.949s 0%: 0.038+0.88+0.008 ms clock, 0.31+0.033/1.4/3.2+0.070 ms cpu, 3->4->1 MB, 4 MB goal, 0 MB stacks, 0 MB globals, 8 P
gc 2580 @196.020s 0%: 0.034+0.97+0.003 ms clock, 0.27+0.039/1.7/3.9+0.028 ms cpu, 4->4->2 MB, 4 MB goal, 0 MB stacks, 0 MB globals, 8 P
gc 2581 @196.103s 0%: 0.040+0.94+0.005 ms clock, 0.32+0.036/1.7/3.8+0.043 ms cpu, 4->4->1 MB, 5 MB goal, 0 MB stacks, 0 MB globals, 8 P
gc 2582 @196.136s 0%: 0.039+0.70+0.021 ms clock, 0.31+0.026/1.0/1.9+0.16 ms cpu, 4->4->2 MB, 4 MB goal, 0 MB stacks, 0 MB globals, 8 P
gc 2583 @196.217s 0%: 0.060+0.90+0.004 ms clock, 0.48+0.037/1.4/3.5+0.033 ms cpu, 4->4->1 MB, 5 MB goal, 0 MB stacks, 0 MB globals, 8 P
gc 2584 @196.289s 0%: 0.040+0.65+0.003 ms clock, 0.32+0.035/1.1/2.4+0.029 ms cpu, 3->4->1 MB, 4 MB goal, 0 MB stacks, 0 MB globals, 8 P
gc 2585 @196.368s 0%: 0.039+2.3+0.21 ms clock, 0.31+0.038/1.6/0.064+1.6 ms cpu, 3->4->1 MB, 4 MB goal, 0 MB stacks, 0 MB globals, 8 P
gc 2586 @196.430s 0%: 0.037+0.85+0.005 ms clock, 0.30+0.030/1.5/3.0+0.041 ms cpu, 3->4->2 MB, 4 MB goal, 0 MB stacks, 0 MB globals, 8 P
gc 2587 @196.495s 0%: 0.040+0.96+0.011 ms clock, 0.32+0.034/1.7/4.0+0.095 ms cpu, 4->4->1 MB, 4 MB goal, 0 MB stacks, 0 MB globals, 8 P
gc 2588 @196.568s 0%: 0.075+1.1+0.038 ms clock, 0.60+0.035/1.9/4.5+0.30 ms cpu, 3->4->2 MB, 4 MB goal, 0 MB stacks, 0 MB globals, 8 P
gc 2589 @196.648s 0%: 0.036+0.94+0.014 ms clock, 0.29+0.027/1.6/3.9+0.11 ms cpu, 4->4->2 MB, 4 MB goal, 0 MB stacks, 0 MB globals, 8 P
gc 2590 @196.722s 0%: 0.045+0.85+0.022 ms clock, 0.36+0.11/1.5/3.5+0.18 ms cpu, 4->4->2 MB, 4 MB goal, 0 MB stacks, 0 MB globals, 8 P
gc 2591 @196.784s 0%: 0.051+0.96+0.003 ms clock, 0.41+0.045/1.8/3.9+0.031 ms cpu, 4->4->2 MB, 4 MB goal, 0 MB stacks, 0 MB globals, 8 P
gc 2592 @196.858s 0%: 0.038+1.0+0.014 ms clock, 0.30+0.034/1.7/4.6+0.11 ms cpu, 4->4->2 MB, 4 MB goal, 0 MB stacks, 0 MB globals, 8 P
gc 2593 @196.939s 0%: 0.049+0.82+0.003 ms clock, 0.39+0.037/1.3/2.3+0.028 ms cpu, 4->4->1 MB, 4 MB goal, 0 MB stacks, 0 MB globals, 8 P
gc 2594 @197.011s 0%: 0.042+0.78+0.004 ms clock, 0.34+0.037/1.2/2.7+0.035 ms cpu, 3->4->2 MB, 4 MB goal, 0 MB stacks, 0 MB globals, 8 P
gc 2595 @197.091s 0%: 0.039+0.71+0.004 ms clock, 0.31+0.037/1.2/2.5+0.035 ms cpu, 4->4->2 MB, 4 MB goal, 0 MB stacks, 0 MB globals, 8 P
gc 2596 @197.125s 0%: 0.033+0.85+0.006 ms clock, 0.26+0.031/1.4/3.2+0.052 ms cpu, 4->4->2 MB, 4 MB goal, 0 MB stacks, 0 MB globals, 8 P
gc 2597 @197.206s 0%: 0.042+0.89+0.003 ms clock, 0.33+0.034/1.5/3.6+0.031 ms cpu, 4->4->2 MB, 5 MB goal, 0 MB stacks, 0 MB globals, 8 P
gc 2598 @197.288s 0%: 0.039+0.90+0.028 ms clock, 0.31+0.035/1.5/3.4+0.22 ms cpu, 4->4->2 MB, 4 MB goal, 0 MB stacks, 0 MB globals, 8 P
gc 2599 @197.365s 0%: 0.031+0.72+0.022 ms clock, 0.25+0.038/1.2/2.6+0.18 ms cpu, 4->4->1 MB, 4 MB goal, 0 MB stacks, 0 MB globals, 8 P
gc 2600 @197.438s 0%: 0.041+0.86+0.015 ms clock, 0.33+0.033/1.6/3.4+0.12 ms cpu, 4->4->2 MB, 4 MB goal, 0 MB stacks, 0 MB globals, 8 P
gc 2601 @197.518s 0%: 0.043+1.0+0.015 ms clock, 0.34+0.033/1.9/4.7+0.12 ms cpu, 4->4->2 MB, 5 MB goal, 0 MB stacks, 0 MB globals, 8 P
gc 2602 @197.604s 0%: 0.041+0.77+0.003 ms clock, 0.32+0.063/1.3/3.0+0.024 ms cpu, 4->4->1 MB, 4 MB goal, 0 MB stacks, 0 MB globals, 8 P
gc 2603 @197.685s 0%: 0.042+0.71+0.003 ms clock, 0.33+0.035/1.2/2.5+0.028 ms cpu, 4->4->1 MB, 4 MB goal, 0 MB stacks, 0 MB globals, 8 P
gc 2604 @197.757s 0%: 0.050+0.75+0.003 ms clock, 0.40+0.10/1.3/2.8+0.026 ms cpu, 3->4->1 MB, 4 MB goal, 0 MB stacks, 0 MB globals, 8 P
gc 2605 @197.822s 0%: 0.043+1.1+0.017 ms clock, 0.34+0.039/1.9/4.2+0.13 ms cpu, 3->4->1 MB, 4 MB goal, 0 MB stacks, 0 MB globals, 8 P
gc 2606 @197.903s 0%: 0.039+0.83+0.009 ms clock, 0.31+0.035/1.4/3.0+0.077 ms cpu, 4->4->2 MB, 4 MB goal, 0 MB stacks, 0 MB globals, 8 P
gc 2607 @197.975s 0%: 0.038+0.78+0.021 ms clock, 0.30+0.040/1.2/2.4+0.16 ms cpu, 4->4->1 MB, 4 MB goal, 0 MB stacks, 0 MB globals, 8 P
gc 2608 @198.044s 0%: 0.050+0.75+0.004 ms clock, 0.40+0.078/1.3/2.8+0.037 ms cpu, 3->4->1 MB, 4 MB goal, 0 MB stacks, 0 MB globals, 8 P
gc 2609 @198.117s 0%: 0.036+0.75+0.003 ms clock, 0.29+0.034/1.3/2.8+0.029 ms cpu, 3->4->1 MB, 4 MB goal, 0 MB stacks, 0 MB globals, 8 P
gc 2610 @198.148s 0%: 0.038+0.76+0.003 ms clock, 0.31+0.035/1.3/3.0+0.031 ms cpu, 3->3->2 MB, 4 MB goal, 0 MB stacks, 0 MB globals, 8 P
gc 2611 @198.225s 0%: 0.037+0.97+0.003 ms clock, 0.30+0.043/1.5/3.9+0.027 ms cpu, 4->4->1 MB, 5 MB goal, 0 MB stacks, 0 MB globals, 8 P
gc 2612 @198.307s 0%: 0.037+0.96+0.006 ms clock, 0.29+0.039/1.8/4.1+0.052 ms cpu, 4->4->2 MB, 4 MB goal, 0 MB stacks, 0 MB globals, 8 P
gc 2613 @198.409s 0%: 0.045+0.83+0.028 ms clock, 0.36+0.036/1.4/3.7+0.22 ms cpu, 4->4->1 MB, 4 MB goal, 0 MB stacks, 0 MB globals, 8 P
gc 2614 @198.465s 0%: 0.039+1.0+0.026 ms clock, 0.31+0.035/1.6/3.4+0.21 ms cpu, 4->4->2 MB, 4 MB goal, 0 MB stacks, 0 MB globals, 8 P
gc 2615 @198.546s 0%: 0.041+1.0+0.023 ms clock, 0.33+0.036/1.7/3.9+0.18 ms cpu, 4->4->1 MB, 5 MB goal, 0 MB stacks, 0 MB globals, 8 P
gc 2616 @198.623s 0%: 0.038+1.0+0.004 ms clock, 0.30+0.034/2.0/4.6+0.032 ms cpu, 4->4->2 MB, 4 MB goal, 0 MB stacks, 0 MB globals, 8 P
gc 2617 @198.702s 0%: 0.037+1.0+0.013 ms clock, 0.29+0.035/1.8/4.0+0.11 ms cpu, 4->4->2 MB, 4 MB goal, 0 MB stacks, 0 MB globals, 8 P
gc 2618 @198.780s 0%: 0.037+1.1+0.003 ms clock, 0.29+0.034/1.9/4.4+0.027 ms cpu, 4->4->2 MB, 5 MB goal, 0 MB stacks, 0 MB globals, 8 P
gc 2619 @198.860s 0%: 0.037+0.82+0.003 ms clock, 0.29+0.034/1.3/3.2+0.026 ms cpu, 4->4->2 MB, 5 MB goal, 0 MB stacks, 0 MB globals, 8 P
gc 2620 @198.928s 0%: 0.045+0.84+0.004 ms clock, 0.36+0.050/1.4/3.3+0.034 ms cpu, 4->4->2 MB, 4 MB goal, 0 MB stacks, 0 MB globals, 8 P
gc 2621 @199.015s 0%: 0.038+0.90+0.004 ms clock, 0.30+0.045/1.6/3.5+0.032 ms cpu, 4->4->1 MB, 5 MB goal, 0 MB stacks, 0 MB globals, 8 P
gc 2622 @199.087s 0%: 0.044+0.89+0.003 ms clock, 0.35+0.076/1.6/3.7+0.030 ms cpu, 4->4->2 MB, 4 MB goal, 0 MB stacks, 0 MB globals, 8 P
gc 2623 @199.126s 0%: 0.043+0.70+0.004 ms clock, 0.35+0.031/1.2/3.0+0.032 ms cpu, 4->4->2 MB, 4 MB goal, 0 MB stacks, 0 MB globals, 8 P
gc 2624 @199.201s 0%: 0.048+1.0+0.015 ms clock, 0.39+0.037/1.7/3.6+0.12 ms cpu, 4->4->2 MB, 5 MB goal, 0 MB stacks, 0 MB globals, 8 P
gc 2625 @199.275s 0%: 0.045+0.98+0.016 ms clock, 0.36+0.037/1.7/4.2+0.12 ms cpu, 4->4->2 MB, 4 MB goal, 0 MB stacks, 0 MB globals, 8 P
gc 2626 @199.354s 0%: 0.039+0.99+0.018 ms clock, 0.31+0.035/1.7/3.9+0.14 ms cpu, 4->4->2 MB, 4 MB goal, 0 MB stacks, 0 MB globals, 8 P
gc 2627 @199.430s 0%: 0.039+0.86+0.024 ms clock, 0.31+0.034/1.5/3.5+0.19 ms cpu, 4->4->1 MB, 4 MB goal, 0 MB stacks, 0 MB globals, 8 P
gc 2628 @199.506s 0%: 0.052+0.77+0.003 ms clock, 0.42+0.036/1.3/3.0+0.028 ms cpu, 3->4->2 MB, 4 MB goal, 0 MB stacks, 0 MB globals, 8 P
gc 2629 @199.577s 0%: 0.040+0.64+0.002 ms clock, 0.32+0.055/1.1/2.5+0.023 ms cpu, 4->4->2 MB, 4 MB goal, 0 MB stacks, 0 MB globals, 8 P
gc 2630 @199.650s 0%: 0.052+0.75+0.003 ms clock, 0.41+0.032/1.1/2.2+0.028 ms cpu, 4->4->1 MB, 4 MB goal, 0 MB stacks, 0 MB globals, 8 P
gc 2631 @199.713s 0%: 0.038+0.72+0.004 ms clock, 0.30+0.033/1.1/2.9+0.033 ms cpu, 3->4->2 MB, 4 MB goal, 0 MB stacks, 0 MB globals, 8 P
gc 2632 @199.791s 0%: 0.040+0.83+0.023 ms clock, 0.32+0.032/1.3/3.0+0.18 ms cpu, 4->4->2 MB, 4 MB goal, 0 MB stacks, 0 MB globals, 8 P
gc 2633 @199.866s 0%: 0.050+1.2+0.037 ms clock, 0.40+0.033/1.9/4.6+0.29 ms cpu, 4->4->2 MB, 5 MB goal, 0 MB stacks, 0 MB globals, 8 P
gc 2634 @199.941s 0%: 0.044+0.99+0.013 ms clock, 0.35+0.036/1.8/3.8+0.11 ms cpu, 4->4->2 MB, 5 MB goal, 0 MB stacks, 0 MB globals, 8 P
gc 2635 @200.010s 0%: 0.056+0.93+0.028 ms clock, 0.45+0.042/1.6/2.1+0.23 ms cpu, 4->4->2 MB, 5 MB goal, 0 MB stacks, 0 MB globals, 8 P
gc 2636 @200.084s 0%: 0.041+0.85+0.004 ms clock, 0.33+0.038/1.4/2.5+0.032 ms cpu, 4->4->2 MB, 5 MB goal, 0 MB stacks, 0 MB globals, 8 P
gc 2637 @200.130s 0%: 0.10+0.76+0.033 ms clock, 0.80+1.6/1.3/0.92+0.27 ms cpu, 4->4->2 MB, 4 MB goal, 0 MB stacks, 0 MB globals, 8 P
gc 2638 @200.215s 0%: 0.040+0.84+0.003 ms clock, 0.32+0.037/1.5/3.6+0.025 ms cpu, 4->4->2 MB, 5 MB goal, 0 MB stacks, 0 MB globals, 8 P
gc 2639 @200.295s 0%: 0.047+1.0+0.005 ms clock, 0.38+0.033/1.6/3.6+0.043 ms cpu, 4->4->2 MB, 5 MB goal, 0 MB stacks, 0 MB globals, 8 P
gc 2640 @200.372s 0%: 0.048+1.5+0.004 ms clock, 0.38+0.036/2.2/4.5+0.033 ms cpu, 4->4->2 MB, 4 MB goal, 0 MB stacks, 0 MB globals, 8 P
gc 2641 @200.452s 0%: 0.058+0.75+0.004 ms clock, 0.46+0.051/1.3/2.9+0.036 ms cpu, 4->4->1 MB, 5 MB goal, 0 MB stacks, 0 MB globals, 8 P
gc 2642 @200.524s 0%: 0.046+0.75+0.033 ms clock, 0.36+0.037/1.2/2.5+0.26 ms cpu, 4->4->2 MB, 4 MB goal, 0 MB stacks, 0 MB globals, 8 P
gc 2643 @200.595s 0%: 0.059+0.86+0.003 ms clock, 0.47+0.050/1.5/3.5+0.028 ms cpu, 4->4->2 MB, 4 MB goal, 0 MB stacks, 0 MB globals, 8 P
gc 2644 @200.680s 0%: 0.045+1.0+0.002 ms clock, 0.36+0.034/1.9/4.5+0.023 ms cpu, 4->4->1 MB, 5 MB goal, 0 MB stacks, 0 MB globals, 8 P
gc 2645 @200.755s 0%: 0.035+0.99+0.003 ms clock, 0.28+0.034/1.8/4.6+0.030 ms cpu, 3->4->2 MB, 4 MB goal, 0 MB stacks, 0 MB globals, 8 P
gc 2646 @200.831s 0%: 0.041+0.77+0.004 ms clock, 0.33+0.040/1.3/2.8+0.034 ms cpu, 4->4->2 MB, 4 MB goal, 0 MB stacks, 0 MB globals, 8 P
gc 2647 @200.909s 0%: 0.041+1.0+0.016 ms clock, 0.32+0.034/1.7/4.2+0.13 ms cpu, 4->4->1 MB, 4 MB goal, 0 MB stacks, 0 MB globals, 8 P
gc 2648 @200.975s 0%: 0.044+0.84+0.008 ms clock, 0.35+0.034/1.4/2.6+0.071 ms cpu, 4->4->2 MB, 4 MB goal, 0 MB stacks, 0 MB globals, 8 P
gc 2649 @201.055s 0%: 0.046+0.85+0.035 ms clock, 0.37+0.034/1.3/3.0+0.28 ms cpu, 4->4->1 MB, 5 MB goal, 0 MB stacks, 0 MB globals, 8 P
gc 2650 @201.134s 0%: 0.11+0.94+0.028 ms clock, 0.90+1.5/1.4/0.12+0.22 ms cpu, 3->4->2 MB, 4 MB goal, 0 MB stacks, 0 MB globals, 8 P
gc 2651 @201.206s 0%: 1.4+0.92+0.038 ms clock, 11+0.040/1.2/2.9+0.30 ms cpu, 4->4->2 MB, 5 MB goal, 0 MB stacks, 0 MB globals, 8 P
gc 2652 @201.287s 0%: 0.041+0.99+0.004 ms clock, 0.33+0.035/1.8/3.8+0.032 ms cpu, 4->4->1 MB, 5 MB goal, 0 MB stacks, 0 MB globals, 8 P
gc 2653 @201.361s 0%: 0.030+1.2+0.030 ms clock, 0.24+0.041/2.2/4.8+0.24 ms cpu, 3->4->2 MB, 4 MB goal, 0 MB stacks, 0 MB globals, 8 P
gc 2654 @201.437s 0%: 0.046+0.97+0.003 ms clock, 0.36+0.035/1.8/4.2+0.024 ms cpu, 4->4->2 MB, 5 MB goal, 0 MB stacks, 0 MB globals, 8 P
gc 2655 @201.518s 0%: 0.041+0.86+0.003 ms clock, 0.33+0.035/1.5/3.4+0.028 ms cpu, 4->4->1 MB, 4 MB goal, 0 MB stacks, 0 MB globals, 8 P
gc 2656 @201.593s 0%: 0.041+1.1+0.004 ms clock, 0.33+0.033/2.0/4.4+0.036 ms cpu, 3->4->2 MB, 4 MB goal, 0 MB stacks, 0 MB globals, 8 P
gc 2657 @201.675s 0%: 0.042+0.97+0.013 ms clock, 0.33+0.034/1.3/3.1+0.10 ms cpu, 4->4->1 MB, 4 MB goal, 0 MB stacks, 0 MB globals, 8 P
gc 2658 @201.754s 0%: 0.046+1.0+0.009 ms clock, 0.36+0.034/1.8/4.2+0.076 ms cpu, 4->4->2 MB, 4 MB goal, 0 MB stacks, 0 MB globals, 8 P
gc 2659 @201.835s 0%: 0.035+0.97+0.005 ms clock, 0.28+0/1.8/4.1+0.043 ms cpu, 4->4->1 MB, 5 MB goal, 0 MB stacks, 0 MB globals, 8 P
gc 2660 @201.905s 0%: 0.040+0.83+0.004 ms clock, 0.32+0.034/1.3/3.2+0.037 ms cpu, 3->4->1 MB, 4 MB goal, 0 MB stacks, 0 MB globals, 8 P
gc 2661 @201.979s 0%: 0.039+0.85+0.003 ms clock, 0.31+0.036/1.5/3.7+0.029 ms cpu, 4->4->1 MB, 4 MB goal, 0 MB stacks, 0 MB globals, 8 P
gc 2662 @202.058s 0%: 0.042+0.82+0.003 ms clock, 0.34+0.035/1.2/3.0+0.026 ms cpu, 4->4->1 MB, 4 MB goal, 0 MB stacks, 0 MB globals, 8 P
gc 2663 @202.139s 0%: 0.11+1.0+0.003 ms clock, 0.93+3.1/1.9/0.009+0.029 ms cpu, 3->4->2 MB, 4 MB goal, 0 MB stacks, 0 MB globals, 8 P
gc 2664 @202.220s 0%: 0.045+1.2+0.003 ms clock, 0.36+0.036/2.1/4.7+0.026 ms cpu, 4->4->2 MB, 5 MB goal, 0 MB stacks, 0 MB globals, 8 P
gc 2665 @202.304s 0%: 0.042+0.87+0.027 ms clock, 0.34+0.034/1.4/3.2+0.21 ms cpu, 4->4->1 MB, 4 MB goal, 0 MB stacks, 0 MB globals, 8 P
gc 2666 @202.374s 0%: 0.038+0.89+0.005 ms clock, 0.30+0.030/1.5/3.3+0.046 ms cpu, 4->4->1 MB, 4 MB goal, 0 MB stacks, 0 MB globals, 8 P
gc 2667 @202.450s 0%: 0.050+0.82+0.028 ms clock, 0.40+0.032/1.4/2.9+0.22 ms cpu, 4->4->2 MB, 4 MB goal, 0 MB stacks, 0 MB globals, 8 P
gc 2668 @202.519s 0%: 0.044+0.76+0.012 ms clock, 0.35+0.035/1.3/3.0+0.097 ms cpu, 4->4->1 MB, 4 MB goal, 0 MB stacks, 0 MB globals, 8 P
gc 2669 @202.595s 0%: 0.038+0.69+0.003 ms clock, 0.30+0.033/1.2/2.6+0.028 ms cpu, 3->4->1 MB, 4 MB goal, 0 MB stacks, 0 MB globals, 8 P
gc 2670 @202.672s 0%: 0.038+0.71+0.009 ms clock, 0.30+0.035/1.2/2.7+0.073 ms cpu, 3->3->1 MB, 4 MB goal, 0 MB stacks, 0 MB globals, 8 P
gc 2671 @202.737s 0%: 0.042+0.86+0.008 ms clock, 0.34+0.033/1.4/3.6+0.068 ms cpu, 3->4->1 MB, 4 MB goal, 0 MB stacks, 0 MB globals, 8 P
gc 2672 @202.811s 0%: 0.049+0.93+0.003 ms clock, 0.39+0.035/1.7/3.5+0.027 ms cpu, 4->4->1 MB, 4 MB goal, 0 MB stacks, 0 MB globals, 8 P
gc 2673 @202.883s 0%: 0.039+0.85+0.022 ms clock, 0.31+0.035/1.2/3.1+0.18 ms cpu, 3->4->1 MB, 4 MB goal, 0 MB stacks, 0 MB globals, 8 P
gc 2674 @202.965s 0%: 0.043+1.0+0.036 ms clock, 0.35+0.033/1.9/4.3+0.29 ms cpu, 4->4->2 MB, 4 MB goal, 0 MB stacks, 0 MB globals, 8 P
gc 2675 @203.038s 0%: 0.040+0.82+0.020 ms clock, 0.32+0.028/1.3/2.9+0.16 ms cpu, 4->4->1 MB, 4 MB goal, 0 MB stacks, 0 MB globals, 8 P
gc 2676 @203.115s 0%: 0.042+0.80+0.004 ms clock, 0.34+0.034/1.2/2.7+0.033 ms cpu, 3->4->1 MB, 4 MB goal, 0 MB stacks, 0 MB globals, 8 P
gc 2677 @203.145s 0%: 0.052+1.0+0.050 ms clock, 0.42+0.035/1.7/4.3+0.40 ms cpu, 3->3->2 MB, 4 MB goal, 0 MB stacks, 0 MB globals, 8 P
gc 2678 @203.222s 0%: 0.047+1.8+0.18 ms clock, 0.37+0.045/1.8/2.2+1.4 ms cpu, 4->4->1 MB, 5 MB goal, 0 MB stacks, 0 MB globals, 8 P
gc 2679 @203.300s 0%: 0.042+1.1+0.023 ms clock, 0.33+0.036/2.0/4.8+0.18 ms cpu, 4->4->1 MB, 4 MB goal, 0 MB stacks, 0 MB globals, 8 P
gc 2680 @203.357s 0%: 0.033+0.81+0.033 ms clock, 0.26+0.036/1.2/2.9+0.26 ms cpu, 4->4->2 MB, 4 MB goal, 0 MB stacks, 0 MB globals, 8 P
gc 2681 @203.433s 0%: 0.047+0.80+0.003 ms clock, 0.37+0.036/1.4/2.8+0.028 ms cpu, 4->4->1 MB, 4 MB goal, 0 MB stacks, 0 MB globals, 8 P
gc 2682 @203.511s 0%: 0.041+0.81+0.022 ms clock, 0.33+0.034/1.2/2.4+0.17 ms cpu, 3->4->1 MB, 4 MB goal, 0 MB stacks, 0 MB globals, 8 P
gc 2683 @203.582s 0%: 0.042+1.0+0.038 ms clock, 0.33+0.037/2.0/4.4+0.30 ms cpu, 3->4->2 MB, 4 MB goal, 0 MB stacks, 0 MB globals, 8 P
gc 2684 @203.657s 0%: 0.045+0.88+0.017 ms clock, 0.36+0.035/1.4/2.8+0.14 ms cpu, 4->4->2 MB, 5 MB goal, 0 MB stacks, 0 MB globals, 8 P
gc 2685 @203.732s 0%: 0.045+1.0+0.005 ms clock, 0.36+0.040/1.5/3.2+0.041 ms cpu, 4->4->2 MB, 5 MB goal, 0 MB stacks, 0 MB globals, 8 P
gc 2686 @203.799s 0%: 0.045+1.0+0.004 ms clock, 0.36+0.034/2.0/4.6+0.033 ms cpu, 4->4->2 MB, 4 MB goal, 0 MB stacks, 0 MB globals, 8 P
gc 2687 @203.877s 0%: 0.040+0.88+0.003 ms clock, 0.32+0.034/1.5/3.4+0.026 ms cpu, 4->4->1 MB, 4 MB goal, 0 MB stacks, 0 MB globals, 8 P
gc 2688 @203.953s 0%: 0.038+0.78+0.011 ms clock, 0.30+0.035/1.2/2.9+0.092 ms cpu, 3->4->1 MB, 4 MB goal, 0 MB stacks, 0 MB globals, 8 P
gc 2689 @204.036s 0%: 0.040+1.1+0.018 ms clock, 0.32+0.056/1.9/4.9+0.14 ms cpu, 4->4->2 MB, 4 MB goal, 0 MB stacks, 0 MB globals, 8 P
gc 2690 @204.114s 0%: 0.040+0.96+0.003 ms clock, 0.32+0.034/1.7/4.2+0.024 ms cpu, 4->4->2 MB, 4 MB goal, 0 MB stacks, 0 MB globals, 8 P
gc 2691 @204.152s 0%: 0.043+0.74+0.005 ms clock, 0.34+0.032/1.2/3.0+0.046 ms cpu, 4->4->2 MB, 5 MB goal, 0 MB stacks, 0 MB globals, 8 P
gc 2692 @204.237s 0%: 0.037+1.1+0.013 ms clock, 0.30+0.036/2.1/4.1+0.10 ms cpu, 4->4->1 MB, 5 MB goal, 0 MB stacks, 0 MB globals, 8 P
gc 2693 @204.318s 0%: 0.038+0.69+0.010 ms clock, 0.30+0.033/1.0/2.2+0.084 ms cpu, 3->4->2 MB, 4 MB goal, 0 MB stacks, 0 MB globals, 8 P
gc 2694 @204.394s 0%: 0.037+0.84+0.022 ms clock, 0.30+0.034/1.4/2.9+0.17 ms cpu, 4->4->1 MB, 4 MB goal, 0 MB stacks, 0 MB globals, 8 P
gc 2695 @204.457s 0%: 0.041+0.69+0.031 ms clock, 0.33+0.40/1.0/1.2+0.25 ms cpu, 3->4->1 MB, 4 MB goal, 0 MB stacks, 0 MB globals, 8 P
gc 2696 @204.527s 0%: 0.041+0.75+0.020 ms clock, 0.32+0.033/1.2/2.8+0.16 ms cpu, 4->4->2 MB, 4 MB goal, 0 MB stacks, 0 MB globals, 8 P
gc 2697 @204.602s 0%: 0.049+0.74+0.004 ms clock, 0.39+0.037/1.3/2.7+0.034 ms cpu, 4->4->1 MB, 4 MB goal, 0 MB stacks, 0 MB globals, 8 P
gc 2698 @204.681s 0%: 0.038+0.69+0.008 ms clock, 0.30+0.033/1.0/2.5+0.067 ms cpu, 3->4->1 MB, 4 MB goal, 0 MB stacks, 0 MB globals, 8 P
gc 2699 @204.748s 0%: 0.038+0.90+0.004 ms clock, 0.30+0.035/1.4/3.5+0.039 ms cpu, 3->4->1 MB, 4 MB goal, 0 MB stacks, 0 MB globals, 8 P
gc 2700 @204.809s 0%: 0.036+1.1+0.016 ms clock, 0.28+0.037/2.0/4.5+0.13 ms cpu, 4->4->2 MB, 4 MB goal, 0 MB stacks, 0 MB globals, 8 P
gc 2701 @204.887s 0%: 0.036+0.67+0.003 ms clock, 0.29+0.034/1.2/2.6+0.026 ms cpu, 4->4->1 MB, 4 MB goal, 0 MB stacks, 0 MB globals, 8 P
gc 2702 @204.962s 0%: 0.040+0.81+0.003 ms clock, 0.32+0/1.4/2.5+0.029 ms cpu, 4->4->2 MB, 4 MB goal, 0 MB stacks, 0 MB globals, 8 P
gc 2703 @205.017s 0%: 0.045+0.76+0.009 ms clock, 0.36+0.034/1.3/2.8+0.075 ms cpu, 4->4->2 MB, 4 MB goal, 0 MB stacks, 0 MB globals, 8 P
gc 2704 @205.089s 0%: 0.043+0.77+0.004 ms clock, 0.35+0.034/1.2/2.6+0.036 ms cpu, 4->4->2 MB, 4 MB goal, 0 MB stacks, 0 MB globals, 8 P
gc 2705 @205.150s 0%: 0.13+0.88+0.029 ms clock, 1.1+1.5/1.4/0.74+0.23 ms cpu, 4->4->2 MB, 4 MB goal, 0 MB stacks, 0 MB globals, 8 P
gc 2706 @205.239s 0%: 0.037+0.80+0.055 ms clock, 0.30+0.034/1.3/2.7+0.44 ms cpu, 4->4->1 MB, 5 MB goal, 0 MB stacks, 0 MB globals, 8 P
gc 2707 @205.315s 0%: 0.039+1.2+0.017 ms clock, 0.31+0.033/2.1/5.0+0.13 ms cpu, 3->4->1 MB, 4 MB goal, 0 MB stacks, 0 MB globals, 8 P
gc 2708 @205.384s 0%: 0.040+1.0+0.015 ms clock, 0.32+0.033/1.9/4.8+0.12 ms cpu, 3->4->2 MB, 4 MB goal, 0 MB stacks, 0 MB globals, 8 P
gc 2709 @205.465s 0%: 0.068+1.7+0.065 ms clock, 0.55+0.047/2.0/2.4+0.52 ms cpu, 4->4->1 MB, 4 MB goal, 0 MB stacks, 0 MB globals, 8 P
gc 2710 @205.537s 0%: 0.048+0.98+0.003 ms clock, 0.38+0.035/1.8/4.0+0.029 ms cpu, 4->4->1 MB, 4 MB goal, 0 MB stacks, 0 MB globals, 8 P
gc 2711 @205.611s 0%: 0.035+0.91+0.005 ms clock, 0.28+0.033/1.4/2.9+0.041 ms cpu, 4->4->2 MB, 4 MB goal, 0 MB stacks, 0 MB globals, 8 P
gc 2712 @205.686s 0%: 0.038+0.84+0.019 ms clock, 0.30+0.033/1.4/3.3+0.15 ms cpu, 4->4->1 MB, 4 MB goal, 0 MB stacks, 0 MB globals, 8 P
gc 2713 @205.761s 0%: 0.036+1.0+0.078 ms clock, 0.29+0.035/1.6/3.2+0.62 ms cpu, 3->4->1 MB, 4 MB goal, 0 MB stacks, 0 MB globals, 8 P
gc 2714 @205.828s 0%: 0.037+0.96+0.003 ms clock, 0.30+0.031/1.8/3.8+0.028 ms cpu, 3->4->2 MB, 4 MB goal, 0 MB stacks, 0 MB globals, 8 P
gc 2715 @205.908s 0%: 0.043+1.0+0.018 ms clock, 0.34+0.035/1.9/4.2+0.14 ms cpu, 4->4->2 MB, 5 MB goal, 0 MB stacks, 0 MB globals, 8 P
gc 2716 @205.990s 0%: 0.048+1.1+0.020 ms clock, 0.39+0.034/1.9/4.8+0.16 ms cpu, 4->4->1 MB, 4 MB goal, 0 MB stacks, 0 MB globals, 8 P
gc 2717 @206.057s 0%: 0.042+0.92+0.003 ms clock, 0.33+0.035/1.6/3.9+0.026 ms cpu, 3->4->1 MB, 4 MB goal, 0 MB stacks, 0 MB globals, 8 P
gc 2718 @206.132s 0%: 0.042+0.81+0.003 ms clock, 0.33+0.034/1.4/3.4+0.025 ms cpu, 3->3->1 MB, 4 MB goal, 0 MB stacks, 0 MB globals, 8 P
gc 2719 @206.168s 0%: 0.046+0.83+0.020 ms clock, 0.37+0.034/1.3/2.9+0.16 ms cpu, 3->3->1 MB, 4 MB goal, 0 MB stacks, 0 MB globals, 8 P
gc 2720 @206.250s 0%: 0.043+0.73+0.035 ms clock, 0.35+0.035/1.1/2.6+0.28 ms cpu, 4->4->1 MB, 4 MB goal, 0 MB stacks, 0 MB globals, 8 P
gc 2721 @206.312s 0%: 0.037+0.90+0.011 ms clock, 0.29+0.028/1.4/3.0+0.094 ms cpu, 3->4->2 MB, 4 MB goal, 0 MB stacks, 0 MB globals, 8 P
gc 2722 @206.380s 0%: 0.046+0.90+0.017 ms clock, 0.37+0.038/1.6/3.1+0.14 ms cpu, 4->4->1 MB, 4 MB goal, 0 MB stacks, 0 MB globals, 8 P
gc 2723 @206.455s 0%: 0.040+0.90+0.024 ms clock, 0.32+0.034/1.6/3.7+0.19 ms cpu, 4->4->1 MB, 4 MB goal, 0 MB stacks, 0 MB globals, 8 P
gc 2724 @206.531s 0%: 0.039+0.84+0.010 ms clock, 0.31+0.036/1.4/3.2+0.087 ms cpu, 3->3->1 MB, 4 MB goal, 0 MB stacks, 0 MB globals, 8 P
gc 2725 @206.597s 0%: 0.037+1.0+0.006 ms clock, 0.30+0.033/1.6/3.4+0.054 ms cpu, 3->4->1 MB, 4 MB goal, 0 MB stacks, 0 MB globals, 8 P
gc 2726 @206.669s 0%: 0.054+1.6+0.084 ms clock, 0.43+0.036/2.1/1.9+0.67 ms cpu, 3->4->2 MB, 4 MB goal, 0 MB stacks, 0 MB globals, 8 P
gc 2727 @206.740s 0%: 0.043+0.72+0.004 ms clock, 0.34+0.040/1.2/2.8+0.032 ms cpu, 4->4->1 MB, 5 MB goal, 0 MB stacks, 0 MB globals, 8 P
gc 2728 @206.817s 0%: 0.048+0.72+0.030 ms clock, 0.38+0.035/1.2/2.2+0.24 ms cpu, 4->4->1 MB, 4 MB goal, 0 MB stacks, 0 MB globals, 8 P
gc 2729 @206.892s 0%: 0.036+1.0+0.013 ms clock, 0.29+0.035/1.8/4.2+0.10 ms cpu, 3->4->1 MB, 4 MB goal, 0 MB stacks, 0 MB globals, 8 P
gc 2730 @206.969s 0%: 0.036+0.77+0.021 ms clock, 0.29+0.036/1.2/2.7+0.17 ms cpu, 3->4->1 MB, 4 MB goal, 0 MB stacks, 0 MB globals, 8 P
gc 2731 @207.045s 0%: 0.044+0.77+0.003 ms clock, 0.35+0.031/1.3/3.4+0.024 ms cpu, 3->4->1 MB, 4 MB goal, 0 MB stacks, 0 MB globals, 8 P
gc 2732 @207.121s 0%: 0.039+1.1+0.003 ms clock, 0.31+0.034/2.1/4.5+0.031 ms cpu, 3->4->2 MB, 4 MB goal, 0 MB stacks, 0 MB globals, 8 P
gc 2733 @207.169s 0%: 0.049+0.92+0.003 ms clock, 0.39+0.038/1.7/3.9+0.028 ms cpu, 4->4->2 MB, 4 MB goal, 0 MB stacks, 0 MB globals, 8 P
gc 2734 @207.245s 0%: 0.043+0.71+0.003 ms clock, 0.34+0.033/1.3/3.0+0.024 ms cpu, 4->4->1 MB, 4 MB goal, 0 MB stacks, 0 MB globals, 8 P
gc 2735 @207.320s 0%: 0.039+1.0+0.016 ms clock, 0.31+0.033/1.8/4.1+0.13 ms cpu, 3->4->1 MB, 4 MB goal, 0 MB stacks, 0 MB globals, 8 P
gc 2736 @207.403s 0%: 0.044+0.88+0.003 ms clock, 0.35+0.036/1.6/3.4+0.027 ms cpu, 3->4->1 MB, 4 MB goal, 0 MB stacks, 0 MB globals, 8 P
gc 2737 @207.473s 0%: 0.047+0.96+0.023 ms clock, 0.38+0.036/1.4/2.7+0.18 ms cpu, 3->4->2 MB, 4 MB goal, 0 MB stacks, 0 MB globals, 8 P
gc 2738 @207.553s 0%: 0.039+1.0+0.015 ms clock, 0.31+0.033/1.8/4.4+0.12 ms cpu, 4->4->2 MB, 4 MB goal, 0 MB stacks, 0 MB globals, 8 P
gc 2739 @207.632s 0%: 0.047+0.71+0.004 ms clock, 0.37+0.034/1.2/2.8+0.032 ms cpu, 4->4->1 MB, 4 MB goal, 0 MB stacks, 0 MB globals, 8 P
gc 2740 @207.713s 0%: 0.037+0.95+0.005 ms clock, 0.29+0.037/1.6/3.8+0.044 ms cpu, 3->4->1 MB, 4 MB goal, 0 MB stacks, 0 MB globals, 8 P
gc 2741 @207.786s 0%: 0.038+0.93+0.005 ms clock, 0.30+0.034/1.6/3.9+0.041 ms cpu, 3->4->1 MB, 4 MB goal, 0 MB stacks, 0 MB globals, 8 P
gc 2742 @207.865s 0%: 0.041+0.88+0.024 ms clock, 0.33+0.032/1.5/3.3+0.19 ms cpu, 3->4->1 MB, 4 MB goal, 0 MB stacks, 0 MB globals, 8 P
gc 2743 @207.941s 0%: 0.040+0.99+0.024 ms clock, 0.32+0.034/1.6/3.8+0.19 ms cpu, 4->4->1 MB, 4 MB goal, 0 MB stacks, 0 MB globals, 8 P
gc 2744 @208.009s 0%: 0.041+0.98+0.010 ms clock, 0.32+0.035/1.6/3.8+0.082 ms cpu, 3->4->1 MB, 4 MB goal, 0 MB stacks, 0 MB globals, 8 P
gc 2745 @208.084s 0%: 0.041+0.76+0.004 ms clock, 0.33+0.038/1.3/3.0+0.034 ms cpu, 4->4->1 MB, 4 MB goal, 0 MB stacks, 0 MB globals, 8 P
gc 2746 @208.155s 0%: 0.037+0.81+0.011 ms clock, 0.30+0.026/1.3/3.1+0.090 ms cpu, 3->4->1 MB, 4 MB goal, 0 MB stacks, 0 MB globals, 8 P
gc 2747 @208.187s 0%: 0.043+0.82+0.029 ms clock, 0.34+0.033/1.3/2.9+0.23 ms cpu, 3->3->2 MB, 4 MB goal, 0 MB stacks, 0 MB globals, 8 P
gc 2748 @208.261s 0%: 0.044+0.97+0.004 ms clock, 0.35+0.034/1.7/4.0+0.039 ms cpu, 4->4->2 MB, 5 MB goal, 0 MB stacks, 0 MB globals, 8 P
gc 2749 @208.343s 0%: 0.036+0.77+0.005 ms clock, 0.29+0.039/1.2/2.9+0.041 ms cpu, 4->4->2 MB, 4 MB goal, 0 MB stacks, 0 MB globals, 8 P
gc 2750 @208.412s 0%: 0.041+1.0+0.011 ms clock, 0.33+0.031/1.8/4.2+0.094 ms cpu, 4->4->1 MB, 4 MB goal, 0 MB stacks, 0 MB globals, 8 P
gc 2751 @208.490s 0%: 0.036+0.83+0.023 ms clock, 0.29+0.033/1.4/3.2+0.18 ms cpu, 4->4->2 MB, 4 MB goal, 0 MB stacks, 0 MB globals, 8 P
gc 2752 @208.565s 0%: 0.051+0.93+0.007 ms clock, 0.41+0.062/1.6/3.8+0.059 ms cpu, 4->4->1 MB, 4 MB goal, 0 MB stacks, 0 MB globals, 8 P
gc 2753 @208.640s 0%: 0.035+0.73+0.003 ms clock, 0.28+0.034/1.3/2.7+0.030 ms cpu, 4->4->1 MB, 4 MB goal, 0 MB stacks, 0 MB globals, 8 P
gc 2754 @208.711s 0%: 0.039+0.72+0.006 ms clock, 0.31+0.033/1.3/2.7+0.054 ms cpu, 3->4->2 MB, 4 MB goal, 0 MB stacks, 0 MB globals, 8 P
gc 2755 @208.786s 0%: 0.041+1.0+0.017 ms clock, 0.33+0.034/1.8/4.3+0.13 ms cpu, 4->4->2 MB, 4 MB goal, 0 MB stacks, 0 MB globals, 8 P
gc 2756 @208.868s 0%: 0.041+0.94+0.026 ms clock, 0.33+0.035/1.6/3.7+0.20 ms cpu, 4->4->1 MB, 5 MB goal, 0 MB stacks, 0 MB globals, 8 P
gc 2757 @208.939s 0%: 0.056+0.95+0.003 ms clock, 0.45+0.025/1.7/3.3+0.025 ms cpu, 3->4->2 MB, 4 MB goal, 0 MB stacks, 0 MB globals, 8 P
gc 2758 @209.015s 0%: 0.050+1.0+0.018 ms clock, 0.40+0.036/1.8/4.3+0.14 ms cpu, 4->4->1 MB, 4 MB goal, 0 MB stacks, 0 MB globals, 8 P
gc 2759 @209.078s 0%: 0.042+0.79+0.017 ms clock, 0.34+0.034/1.4/2.8+0.13 ms cpu, 4->4->2 MB, 4 MB goal, 0 MB stacks, 0 MB globals, 8 P
gc 2760 @209.155s 0%: 0.045+0.88+0.007 ms clock, 0.36+0.079/1.6/3.6+0.060 ms cpu, 4->4->1 MB, 4 MB goal, 0 MB stacks, 0 MB globals, 8 P
gc 2761 @209.196s 0%: 0.044+0.96+0.007 ms clock, 0.35+0.034/1.7/4.1+0.061 ms cpu, 3->3->2 MB, 4 MB goal, 0 MB stacks, 0 MB globals, 8 P
gc 2762 @209.269s 0%: 0.036+0.95+0.003 ms clock, 0.28+0.038/1.7/4.0+0.030 ms cpu, 4->4->1 MB, 5 MB goal, 0 MB stacks, 0 MB globals, 8 P
gc 2763 @209.352s 0%: 0.036+0.98+0.003 ms clock, 0.29+0.033/1.8/3.7+0.025 ms cpu, 3->4->1 MB, 4 MB goal, 0 MB stacks, 0 MB globals, 8 P
gc 2764 @209.423s 0%: 0.039+1.2+0.015 ms clock, 0.31+0.035/2.0/4.7+0.12 ms cpu, 3->4->1 MB, 4 MB goal, 0 MB stacks, 0 MB globals, 8 P
gc 2765 @209.500s 0%: 0.040+0.78+0.016 ms clock, 0.32+0.033/1.3/3.2+0.13 ms cpu, 3->4->1 MB, 4 MB goal, 0 MB stacks, 0 MB globals, 8 P
gc 2766 @209.568s 0%: 0.047+0.84+0.002 ms clock, 0.37+0.032/1.5/3.5+0.022 ms cpu, 3->4->1 MB, 4 MB goal, 0 MB stacks, 0 MB globals, 8 P
gc 2767 @209.633s 0%: 0.039+0.85+0.003 ms clock, 0.31+0.066/1.6/3.6+0.031 ms cpu, 3->4->1 MB, 4 MB goal, 0 MB stacks, 0 MB globals, 8 P
gc 2768 @209.699s 0%: 0.047+0.92+0.034 ms clock, 0.37+0.044/1.3/2.1+0.27 ms cpu, 3->4->2 MB, 4 MB goal, 0 MB stacks, 0 MB globals, 8 P
gc 2769 @209.781s 0%: 0.040+0.85+0.016 ms clock, 0.32+0.033/1.4/3.3+0.13 ms cpu, 4->4->1 MB, 5 MB goal, 0 MB stacks, 0 MB globals, 8 P
gc 2770 @209.859s 0%: 0.043+0.72+0.013 ms clock, 0.35+0.037/1.2/2.0+0.10 ms cpu, 3->4->1 MB, 4 MB goal, 0 MB stacks, 0 MB globals, 8 P
gc 2771 @209.932s 0%: 0.045+0.73+0.020 ms clock, 0.36+0.036/1.2/2.7+0.16 ms cpu, 3->4->2 MB, 4 MB goal, 0 MB stacks, 0 MB globals, 8 P
gc 2772 @209.998s 0%: 0.16+1.0+0.005 ms clock, 1.3+0.069/1.9/3.5+0.041 ms cpu, 4->4->2 MB, 4 MB goal, 0 MB stacks, 0 MB globals, 8 P
gc 2773 @210.043s 0%: 0.042+0.94+0.025 ms clock, 0.33+0.030/1.5/3.4+0.20 ms cpu, 4->4->1 MB, 4 MB goal, 0 MB stacks, 0 MB globals, 8 P
gc 2774 @210.110s 0%: 0.037+0.83+0.004 ms clock, 0.29+0.035/1.5/3.2+0.034 ms cpu, 3->4->1 MB, 4 MB goal, 0 MB stacks, 0 MB globals, 8 P
gc 2775 @210.169s 0%: 0.11+0.82+0.030 ms clock, 0.89+1.0/1.3/0.42+0.24 ms cpu, 4->4->2 MB, 4 MB goal, 0 MB stacks, 0 MB globals, 8 P
gc 2776 @210.245s 0%: 0.070+0.80+0.003 ms clock, 0.56+0.036/1.3/2.8+0.029 ms cpu, 4->4->2 MB, 5 MB goal, 0 MB stacks, 0 MB globals, 8 P
gc 2777 @210.322s 0%: 0.053+1.0+0.032 ms clock, 0.42+0.033/1.8/4.3+0.25 ms cpu, 4->4->1 MB, 5 MB goal, 0 MB stacks, 0 MB globals, 8 P
gc 2778 @210.391s 0%: 0.036+0.84+0.037 ms clock, 0.29+0.035/1.3/3.2+0.30 ms cpu, 3->4->2 MB, 4 MB goal, 0 MB stacks, 0 MB globals, 8 P
gc 2779 @210.462s 0%: 0.039+1.0+0.025 ms clock, 0.31+0.036/1.8/4.0+0.20 ms cpu, 4->4->2 MB, 4 MB goal, 0 MB stacks, 0 MB globals, 8 P
gc 2780 @210.530s 0%: 0.039+0.93+0.025 ms clock, 0.31+0.036/1.4/2.9+0.20 ms cpu, 4->4->2 MB, 4 MB goal, 0 MB stacks, 0 MB globals, 8 P
gc 2781 @210.601s 0%: 0.061+0.81+0.031 ms clock, 0.49+0.036/1.4/2.6+0.24 ms cpu, 4->4->1 MB, 5 MB goal, 0 MB stacks, 0 MB globals, 8 P
gc 2782 @210.677s 0%: 0.035+0.87+0.004 ms clock, 0.28+0.037/1.3/2.8+0.034 ms cpu, 4->4->1 MB, 4 MB goal, 0 MB stacks, 0 MB globals, 8 P
gc 2783 @210.748s 0%: 0.037+0.80+0.018 ms clock, 0.30+0.033/1.2/2.8+0.14 ms cpu, 3->4->2 MB, 4 MB goal, 0 MB stacks, 0 MB globals, 8 P
gc 2784 @210.819s 0%: 0.039+0.80+0.018 ms clock, 0.31+0.037/1.3/2.8+0.14 ms cpu, 4->4->1 MB, 4 MB goal, 0 MB stacks, 0 MB globals, 8 P
gc 2785 @210.892s 0%: 0.032+0.93+0.007 ms clock, 0.26+0.026/1.5/3.3+0.062 ms cpu, 4->4->2 MB, 4 MB goal, 0 MB stacks, 0 MB globals, 8 P
gc 2786 @210.964s 0%: 0.050+0.92+0.058 ms clock, 0.40+0.033/1.7/3.9+0.46 ms cpu, 4->4->2 MB, 4 MB goal, 0 MB stacks, 0 MB globals, 8 P
gc 2787 @211.040s 0%: 0.048+0.76+0.018 ms clock, 0.38+0.037/1.3/3.0+0.14 ms cpu, 4->4->1 MB, 4 MB goal, 0 MB stacks, 0 MB globals, 8 P
gc 2788 @211.115s 0%: 0.051+0.95+0.017 ms clock, 0.41+0.034/1.5/3.6+0.14 ms cpu, 4->4->2 MB, 4 MB goal, 0 MB stacks, 0 MB globals, 8 P
gc 2789 @211.173s 0%: 0.21+1.0+0.005 ms clock, 1.7+1.7/2.0/1.4+0.047 ms cpu, 4->4->2 MB, 4 MB goal, 0 MB stacks, 0 MB globals, 8 P
gc 2790 @211.258s 0%: 0.044+0.85+0.024 ms clock, 0.35+0.036/1.5/3.4+0.19 ms cpu, 4->4->1 MB, 5 MB goal, 0 MB stacks, 0 MB globals, 8 P
gc 2791 @211.334s 0%: 0.044+0.88+0.020 ms clock, 0.35+0.034/1.4/2.9+0.16 ms cpu, 4->4->1 MB, 4 MB goal, 0 MB stacks, 0 MB globals, 8 P
gc 2792 @211.405s 0%: 0.039+0.91+0.023 ms clock, 0.31+0.038/1.6/3.9+0.19 ms cpu, 3->4->2 MB, 4 MB goal, 0 MB stacks, 0 MB globals, 8 P
gc 2793 @211.483s 0%: 0.043+0.81+0.018 ms clock, 0.34+0.034/1.4/3.3+0.14 ms cpu, 4->4->2 MB, 4 MB goal, 0 MB stacks, 0 MB globals, 8 P
gc 2794 @211.558s 0%: 0.044+0.93+0.003 ms clock, 0.35+0.034/1.7/3.8+0.027 ms cpu, 4->4->1 MB, 5 MB goal, 0 MB stacks, 0 MB globals, 8 P
gc 2795 @211.634s 0%: 0.041+0.94+0.026 ms clock, 0.33+0.034/1.6/3.4+0.21 ms cpu, 3->4->1 MB, 4 MB goal, 0 MB stacks, 0 MB globals, 8 P
gc 2796 @211.708s 0%: 0.044+0.73+0.003 ms clock, 0.35+0.034/1.2/2.7+0.028 ms cpu, 3->4->1 MB, 4 MB goal, 0 MB stacks, 0 MB globals, 8 P
gc 2797 @211.779s 0%: 0.031+1.0+0.003 ms clock, 0.24+0.028/1.9/4.1+0.027 ms cpu, 3->4->1 MB, 4 MB goal, 0 MB stacks, 0 MB globals, 8 P
gc 2798 @211.859s 0%: 0.043+0.81+0.022 ms clock, 0.35+0.032/1.3/3.0+0.18 ms cpu, 3->4->2 MB, 4 MB goal, 0 MB stacks, 0 MB globals, 8 P
gc 2799 @211.933s 0%: 0.045+0.75+0.003 ms clock, 0.36+0.033/1.2/2.9+0.028 ms cpu, 4->4->2 MB, 4 MB goal, 0 MB stacks, 0 MB globals, 8 P
gc 2800 @212.012s 0%: 0.061+1.0+0.019 ms clock, 0.49+0.035/1.8/3.1+0.15 ms cpu, 4->4->2 MB, 5 MB goal, 0 MB stacks, 0 MB globals, 8 P
gc 2801 @212.081s 0%: 0.042+1.0+0.003 ms clock, 0.33+0.035/1.9/4.1+0.029 ms cpu, 4->4->1 MB, 4 MB goal, 0 MB stacks, 0 MB globals, 8 P
gc 2802 @212.160s 0%: 0.048+0.84+0.004 ms clock, 0.38+0.032/1.3/2.9+0.033 ms cpu, 3->4->1 MB, 4 MB goal, 0 MB stacks, 0 MB globals, 8 P
gc 2803 @212.189s 0%: 0.050+0.80+0.021 ms clock, 0.40+0.032/1.3/2.9+0.17 ms cpu, 3->3->2 MB, 4 MB goal, 0 MB stacks, 0 MB globals, 8 P
gc 2804 @212.279s 0%: 0.045+0.89+0.003 ms clock, 0.36+0.036/1.5/3.9+0.031 ms cpu, 4->4->1 MB, 5 MB goal, 0 MB stacks, 0 MB globals, 8 P
gc 2805 @212.356s 0%: 0.038+0.87+0.024 ms clock, 0.31+0.035/1.5/3.3+0.19 ms cpu, 4->4->1 MB, 4 MB goal, 0 MB stacks, 0 MB globals, 8 P
gc 2806 @212.422s 0%: 0.046+0.73+0.004 ms clock, 0.37+0.036/1.1/2.9+0.033 ms cpu, 3->4->1 MB, 4 MB goal, 0 MB stacks, 0 MB globals, 8 P
gc 2807 @212.500s 0%: 0.048+1.0+0.033 ms clock, 0.38+0.039/1.9/4.0+0.27 ms cpu, 3->4->2 MB, 4 MB goal, 0 MB stacks, 0 MB globals, 8 P
gc 2808 @212.581s 0%: 0.039+1.0+0.008 ms clock, 0.31+0.033/1.8/4.4+0.064 ms cpu, 4->4->1 MB, 4 MB goal, 0 MB stacks, 0 MB globals, 8 P
gc 2809 @212.659s 0%: 0.041+0.88+0.017 ms clock, 0.33+0.037/1.5/3.2+0.14 ms cpu, 4->4->2 MB, 4 MB goal, 0 MB stacks, 0 MB globals, 8 P
gc 2810 @212.742s 0%: 0.041+0.84+0.073 ms clock, 0.32+0.033/1.4/3.5+0.59 ms cpu, 4->4->1 MB, 4 MB goal, 0 MB stacks, 0 MB globals, 8 P
gc 2811 @212.815s 0%: 0.038+0.74+0.004 ms clock, 0.30+0.036/1.2/2.1+0.032 ms cpu, 4->4->1 MB, 4 MB goal, 0 MB stacks, 0 MB globals, 8 P
gc 2812 @212.880s 0%: 0.044+0.84+0.028 ms clock, 0.35+0.040/1.2/2.3+0.22 ms cpu, 3->4->2 MB, 4 MB goal, 0 MB stacks, 0 MB globals, 8 P
gc 2813 @212.967s 0%: 0.039+0.95+0.009 ms clock, 0.31+0.040/1.7/4.0+0.075 ms cpu, 4->4->1 MB, 5 MB goal, 0 MB stacks, 0 MB globals, 8 P
gc 2814 @213.047s 0%: 0.038+0.84+0.033 ms clock, 0.31+0.036/1.4/3.0+0.26 ms cpu, 3->4->1 MB, 4 MB goal, 0 MB stacks, 0 MB globals, 8 P
gc 2815 @213.113s 0%: 0.044+0.91+0.003 ms clock, 0.35+0.040/1.5/3.8+0.025 ms cpu, 3->4->1 MB, 4 MB goal, 0 MB stacks, 0 MB globals, 8 P
gc 2816 @213.182s 0%: 0.097+0.74+0.003 ms clock, 0.78+0.18/1.3/0.78+0.025 ms cpu, 4->4->2 MB, 4 MB goal, 0 MB stacks, 0 MB globals, 8 P
gc 2817 @213.255s 0%: 0.037+0.74+0.035 ms clock, 0.30+0.035/1.2/2.2+0.28 ms cpu, 4->4->2 MB, 4 MB goal, 0 MB stacks, 0 MB globals, 8 P
gc 2818 @213.335s 0%: 0.041+0.88+0.004 ms clock, 0.33+0.035/1.5/3.4+0.037 ms cpu, 4->4->1 MB, 4 MB goal, 0 MB stacks, 0 MB globals, 8 P
gc 2819 @213.403s 0%: 0.065+0.76+0.030 ms clock, 0.52+0.075/1.3/2.4+0.24 ms cpu, 3->4->1 MB, 4 MB goal, 0 MB stacks, 0 MB globals, 8 P
gc 2820 @213.483s 0%: 0.044+0.75+0.005 ms clock, 0.35+0.036/1.3/2.6+0.041 ms cpu, 4->4->1 MB, 4 MB goal, 0 MB stacks, 0 MB globals, 8 P
gc 2821 @213.564s 0%: 0.043+0.82+0.018 ms clock, 0.35+0.034/1.5/3.3+0.15 ms cpu, 3->4->1 MB, 4 MB goal, 0 MB stacks, 0 MB globals, 8 P
gc 2822 @213.640s 0%: 0.041+0.67+0.015 ms clock, 0.32+0.034/1.1/2.5+0.12 ms cpu, 3->4->1 MB, 4 MB goal, 0 MB stacks, 0 MB globals, 8 P
gc 2823 @213.708s 0%: 0.057+0.88+0.003 ms clock, 0.45+0.040/1.5/3.4+0.029 ms cpu, 3->4->1 MB, 4 MB goal, 0 MB stacks, 0 MB globals, 8 P
gc 2824 @213.775s 0%: 0.041+0.79+0.004 ms clock, 0.33+0.070/1.4/2.4+0.032 ms cpu, 3->4->1 MB, 4 MB goal, 0 MB stacks, 0 MB globals, 8 P
gc 2825 @213.848s 0%: 0.046+0.83+0.006 ms clock, 0.37+0.038/1.4/3.1+0.050 ms cpu, 3->4->1 MB, 4 MB goal, 0 MB stacks, 0 MB globals, 8 P
gc 2826 @213.919s 0%: 0.037+0.82+0.052 ms clock, 0.29+0.28/1.4/2.7+0.41 ms cpu, 3->4->1 MB, 4 MB goal, 0 MB stacks, 0 MB globals, 8 P
gc 2827 @213.987s 0%: 0.040+1.0+0.017 ms clock, 0.32+0.034/1.8/4.2+0.13 ms cpu, 3->4->1 MB, 4 MB goal, 0 MB stacks, 0 MB globals, 8 P
gc 2828 @214.059s 0%: 0.036+0.94+0.003 ms clock, 0.28+0.035/1.4/3.5+0.031 ms cpu, 3->4->1 MB, 4 MB goal, 0 MB stacks, 0 MB globals, 8 P
gc 2829 @214.132s 0%: 0.044+0.82+0.004 ms clock, 0.35+0.036/1.4/2.7+0.037 ms cpu, 3->4->1 MB, 4 MB goal, 0 MB stacks, 0 MB globals, 8 P
gc 2830 @214.186s 0%: 0.079+1.0+0.039 ms clock, 0.63+2.0/1.4/0.031+0.31 ms cpu, 4->4->2 MB, 4 MB goal, 0 MB stacks, 0 MB globals, 8 P
gc 2831 @214.267s 0%: 0.039+0.78+0.003 ms clock, 0.31+0.032/1.0/2.7+0.030 ms cpu, 4->4->2 MB, 5 MB goal, 0 MB stacks, 0 MB globals, 8 P
gc 2832 @214.346s 0%: 0.046+0.84+0.003 ms clock, 0.37+0.035/1.5/2.7+0.025 ms cpu, 4->4->1 MB, 4 MB goal, 0 MB stacks, 0 MB globals, 8 P
gc 2833 @214.419s 0%: 0.035+0.93+0.003 ms clock, 0.28+0.033/1.7/3.9+0.029 ms cpu, 3->4->1 MB, 4 MB goal, 0 MB stacks, 0 MB globals, 8 P
gc 2834 @214.481s 0%: 0.051+1.0+0.012 ms clock, 0.40+0.041/1.8/4.2+0.10 ms cpu, 3->4->1 MB, 4 MB goal, 0 MB stacks, 0 MB globals, 8 P
gc 2835 @214.531s 0%: 0.12+2.5+0.13 ms clock, 1.0+0.042/2.1/1.1+1.1 ms cpu, 3->3->1 MB, 4 MB goal, 0 MB stacks, 0 MB globals, 8 P
gc 2836 @214.585s 0%: 0.035+1.0+0.033 ms clock, 0.28+0.034/1.8/4.6+0.26 ms cpu, 3->4->2 MB, 4 MB goal, 0 MB stacks, 0 MB globals, 8 P
gc 2837 @214.667s 0%: 0.039+0.73+0.028 ms clock, 0.31+0.036/1.2/2.6+0.22 ms cpu, 4->4->1 MB, 4 MB goal, 0 MB stacks, 0 MB globals, 8 P
gc 2838 @214.748s 0%: 0.046+0.79+0.003 ms clock, 0.36+0.035/1.3/2.5+0.026 ms cpu, 3->4->1 MB, 4 MB goal, 0 MB stacks, 0 MB globals, 8 P
gc 2839 @214.824s 0%: 0.043+0.85+0.019 ms clock, 0.34+0.034/1.3/3.0+0.15 ms cpu, 3->4->2 MB, 4 MB goal, 0 MB stacks, 0 MB globals, 8 P
gc 2840 @214.908s 0%: 0.038+0.81+0.014 ms clock, 0.31+0.034/1.4/2.8+0.11 ms cpu, 4->4->1 MB, 4 MB goal, 0 MB stacks, 0 MB globals, 8 P
gc 2841 @214.972s 0%: 0.047+0.89+0.003 ms clock, 0.38+0.036/1.6/3.6+0.026 ms cpu, 4->4->1 MB, 4 MB goal, 0 MB stacks, 0 MB globals, 8 P
gc 2842 @215.020s 0%: 0.043+0.97+0.004 ms clock, 0.35+0.033/1.7/4.3+0.032 ms cpu, 3->4->1 MB, 4 MB goal, 0 MB stacks, 0 MB globals, 8 P
gc 2843 @215.091s 0%: 0.040+1.0+0.016 ms clock, 0.32+0.034/1.9/4.4+0.13 ms cpu, 3->4->1 MB, 4 MB goal, 0 MB stacks, 0 MB globals, 8 P
gc 2844 @215.171s 0%: 0.039+1.0+0.015 ms clock, 0.31+0.033/1.7/3.8+0.12 ms cpu, 3->4->1 MB, 4 MB goal, 0 MB stacks, 0 MB globals, 8 P
gc 2845 @215.203s 0%: 0.041+0.86+0.005 ms clock, 0.32+0.034/1.4/3.2+0.042 ms cpu, 4->4->2 MB, 4 MB goal, 0 MB stacks, 0 MB globals, 8 P
gc 2846 @215.276s 0%: 0.039+0.82+0.018 ms clock, 0.31+0.035/1.3/3.0+0.14 ms cpu, 4->4->1 MB, 4 MB goal, 0 MB stacks, 0 MB globals, 8 P
gc 2847 @215.355s 0%: 0.040+0.91+0.026 ms clock, 0.32+0.033/1.5/3.3+0.20 ms cpu, 3->4->1 MB, 4 MB goal, 0 MB stacks, 0 MB globals, 8 P
gc 2848 @215.434s 0%: 0.037+0.96+0.033 ms clock, 0.30+0.031/1.7/3.8+0.26 ms cpu, 3->4->1 MB, 4 MB goal, 0 MB stacks, 0 MB globals, 8 P
gc 2849 @215.508s 0%: 0.036+1.0+0.007 ms clock, 0.29+0.034/1.8/4.1+0.062 ms cpu, 3->4->1 MB, 4 MB goal, 0 MB stacks, 0 MB globals, 8 P
gc 2850 @215.575s 0%: 0.035+1.0+0.003 ms clock, 0.28+0.034/1.7/3.9+0.027 ms cpu, 3->4->1 MB, 4 MB goal, 0 MB stacks, 0 MB globals, 8 P
gc 2851 @215.612s 0%: 0.037+0.66+0.003 ms clock, 0.29+0.031/1.0/1.9+0.030 ms cpu, 3->4->2 MB, 4 MB goal, 0 MB stacks, 0 MB globals, 8 P
gc 2852 @215.692s 0%: 0.042+0.72+0.004 ms clock, 0.33+0.035/1.3/2.8+0.032 ms cpu, 4->4->1 MB, 4 MB goal, 0 MB stacks, 0 MB globals, 8 P
gc 2853 @215.763s 0%: 0.036+0.83+0.013 ms clock, 0.29+0.032/1.3/3.2+0.10 ms cpu, 3->4->1 MB, 4 MB goal, 0 MB stacks, 0 MB globals, 8 P
gc 2854 @215.838s 0%: 0.085+0.89+0.009 ms clock, 0.68+0.042/1.5/3.1+0.075 ms cpu, 3->4->1 MB, 4 MB goal, 0 MB stacks, 0 MB globals, 8 P
gc 2855 @215.908s 0%: 0.043+0.95+0.038 ms clock, 0.34+0.045/1.6/3.8+0.31 ms cpu, 3->4->1 MB, 4 MB goal, 0 MB stacks, 0 MB globals, 8 P
gc 2856 @215.976s 0%: 0.049+0.89+0.021 ms clock, 0.39+0.037/1.6/3.2+0.17 ms cpu, 3->4->1 MB, 4 MB goal, 0 MB stacks, 0 MB globals, 8 P
gc 2857 @216.053s 0%: 0.049+0.85+0.021 ms clock, 0.39+0.034/1.4/2.9+0.17 ms cpu, 4->4->1 MB, 4 MB goal, 0 MB stacks, 0 MB globals, 8 P
gc 2858 @216.119s 0%: 0.040+0.84+0.014 ms clock, 0.32+0.061/1.4/3.3+0.11 ms cpu, 4->4->1 MB, 4 MB goal, 0 MB stacks, 0 MB globals, 8 P
gc 2859 @216.194s 0%: 0.084+0.95+0.004 ms clock, 0.67+1.1/1.4/0.58+0.032 ms cpu, 3->4->2 MB, 4 MB goal, 0 MB stacks, 0 MB globals, 8 P
gc 2860 @216.262s 0%: 0.037+0.93+0.038 ms clock, 0.30+0.034/1.6/3.3+0.30 ms cpu, 4->4->1 MB, 5 MB goal, 0 MB stacks, 0 MB globals, 8 P
gc 2861 @216.325s 0%: 0.041+1.0+0.003 ms clock, 0.32+0.033/1.9/4.3+0.028 ms cpu, 4->4->1 MB, 4 MB goal, 0 MB stacks, 0 MB globals, 8 P
gc 2862 @216.395s 0%: 0.038+0.73+0.004 ms clock, 0.30+0.035/1.2/2.9+0.039 ms cpu, 3->4->1 MB, 4 MB goal, 0 MB stacks, 0 MB globals, 8 P
gc 2863 @216.464s 0%: 0.042+0.69+0.005 ms clock, 0.34+0.034/1.2/3.0+0.043 ms cpu, 3->4->1 MB, 4 MB goal, 0 MB stacks, 0 MB globals, 8 P
gc 2864 @216.537s 0%: 0.038+0.93+0.004 ms clock, 0.30+0.035/1.6/3.8+0.034 ms cpu, 3->4->1 MB, 4 MB goal, 0 MB stacks, 0 MB globals, 8 P
gc 2865 @216.614s 0%: 0.039+1.0+0.014 ms clock, 0.31+0.035/1.8/3.8+0.11 ms cpu, 4->4->1 MB, 4 MB goal, 0 MB stacks, 0 MB globals, 8 P
gc 2866 @216.691s 0%: 0.045+0.82+0.009 ms clock, 0.36+0.034/1.4/3.1+0.076 ms cpu, 3->4->2 MB, 4 MB goal, 0 MB stacks, 0 MB globals, 8 P
gc 2867 @216.761s 0%: 0.045+1.0+0.087 ms clock, 0.36+0.034/1.6/4.1+0.70 ms cpu, 4->4->1 MB, 4 MB goal, 0 MB stacks, 0 MB globals, 8 P
gc 2868 @216.840s 0%: 0.040+1.0+0.045 ms clock, 0.32+0.034/1.9/4.3+0.36 ms cpu, 4->4->2 MB, 4 MB goal, 0 MB stacks, 0 MB globals, 8 P
gc 2869 @216.920s 0%: 0.050+0.87+0.006 ms clock, 0.40+0.036/1.6/3.8+0.050 ms cpu, 4->4->1 MB, 4 MB goal, 0 MB stacks, 0 MB globals, 8 P
gc 2870 @216.996s 0%: 0.039+0.74+0.017 ms clock, 0.31+0.035/1.2/2.8+0.14 ms cpu, 3->4->1 MB, 4 MB goal, 0 MB stacks, 0 MB globals, 8 P
gc 2871 @217.070s 0%: 0.040+0.87+0.026 ms clock, 0.32+0.035/1.3/3.1+0.21 ms cpu, 3->4->1 MB, 4 MB goal, 0 MB stacks, 0 MB globals, 8 P
gc 2872 @217.143s 0%: 0.037+0.89+0.008 ms clock, 0.29+0.033/1.5/3.2+0.065 ms cpu, 3->4->1 MB, 4 MB goal, 0 MB stacks, 0 MB globals, 8 P
gc 2873 @217.198s 0%: 0.15+0.90+0.029 ms clock, 1.2+2.9/1.4/0.092+0.23 ms cpu, 3->4->2 MB, 4 MB goal, 0 MB stacks, 0 MB globals, 8 P
gc 2874 @217.274s 0%: 0.042+0.86+0.053 ms clock, 0.34+0.078/1.5/3.3+0.43 ms cpu, 4->4->2 MB, 5 MB goal, 0 MB stacks, 0 MB globals, 8 P
gc 2875 @217.359s 0%: 0.039+0.86+0.012 ms clock, 0.31+0.033/1.4/2.7+0.098 ms cpu, 4->4->1 MB, 4 MB goal, 0 MB stacks, 0 MB globals, 8 P
gc 2876 @217.430s 0%: 0.045+0.72+0.062 ms clock, 0.36+0.032/1.2/2.5+0.49 ms cpu, 4->4->1 MB, 4 MB goal, 0 MB stacks, 0 MB globals, 8 P
gc 2877 @217.513s 0%: 0.040+0.82+0.081 ms clock, 0.32+0.034/1.3/3.0+0.65 ms cpu, 4->4->1 MB, 4 MB goal, 0 MB stacks, 0 MB globals, 8 P
gc 2878 @217.593s 0%: 0.032+0.82+0.024 ms clock, 0.25+0.037/1.2/2.6+0.19 ms cpu, 4->4->1 MB, 4 MB goal, 0 MB stacks, 0 MB globals, 8 P
gc 2879 @217.655s 0%: 0.66+1.5+0.061 ms clock, 5.3+0.062/2.0/5.2+0.49 ms cpu, 3->4->1 MB, 4 MB goal, 0 MB stacks, 0 MB globals, 8 P
gc 2880 @217.716s 0%: 0.038+0.95+0.016 ms clock, 0.30+0.034/1.6/4.0+0.12 ms cpu, 3->4->1 MB, 4 MB goal, 0 MB stacks, 0 MB globals, 8 P
gc 2881 @217.796s 0%: 0.041+0.64+0.003 ms clock, 0.32+0.039/1.0/2.5+0.024 ms cpu, 3->4->1 MB, 4 MB goal, 0 MB stacks, 0 MB globals, 8 P
gc 2882 @217.876s 0%: 0.048+0.82+0.022 ms clock, 0.38+0.034/1.3/2.7+0.18 ms cpu, 3->4->1 MB, 4 MB goal, 0 MB stacks, 0 MB globals, 8 P
gc 2883 @217.946s 0%: 0.037+0.78+0.051 ms clock, 0.30+0.027/1.2/2.5+0.41 ms cpu, 3->4->1 MB, 4 MB goal, 0 MB stacks, 0 MB globals, 8 P
gc 2884 @218.016s 0%: 0.042+1.0+0.014 ms clock, 0.33+0.041/1.7/3.7+0.11 ms cpu, 3->4->2 MB, 4 MB goal, 0 MB stacks, 0 MB globals, 8 P
gc 2885 @218.098s 0%: 0.039+0.71+0.004 ms clock, 0.31+0.034/1.2/2.8+0.033 ms cpu, 4->4->1 MB, 5 MB goal, 0 MB stacks, 0 MB globals, 8 P
gc 2886 @218.162s 0%: 0.11+1.2+0.004 ms clock, 0.89+0.039/2.1/3.6+0.037 ms cpu, 3->4->1 MB, 4 MB goal, 0 MB stacks, 0 MB globals, 8 P
gc 2887 @218.202s 0%: 0.12+0.84+0.022 ms clock, 1.0+1.4/1.4/0.57+0.17 ms cpu, 3->4->2 MB, 4 MB goal, 0 MB stacks, 0 MB globals, 8 P
gc 2888 @218.283s 0%: 0.041+0.91+0.003 ms clock, 0.33+0.036/1.6/3.9+0.031 ms cpu, 4->4->2 MB, 5 MB goal, 0 MB stacks, 0 MB globals, 8 P
gc 2889 @218.362s 0%: 0.039+1.0+0.018 ms clock, 0.31+0.038/1.7/3.6+0.15 ms cpu, 4->4->2 MB, 4 MB goal, 0 MB stacks, 0 MB globals, 8 P
gc 2890 @218.444s 0%: 0.040+1.0+0.004 ms clock, 0.32+0.031/1.8/4.2+0.033 ms cpu, 4->4->1 MB, 4 MB goal, 0 MB stacks, 0 MB globals, 8 P
gc 2891 @218.517s 0%: 0.044+0.92+0.003 ms clock, 0.35+0.034/1.7/4.1+0.031 ms cpu, 4->4->1 MB, 4 MB goal, 0 MB stacks, 0 MB globals, 8 P
gc 2892 @218.584s 0%: 0.047+0.78+0.015 ms clock, 0.38+0.036/1.2/2.8+0.12 ms cpu, 3->4->1 MB, 4 MB goal, 0 MB stacks, 0 MB globals, 8 P
gc 2893 @218.661s 0%: 0.030+4.7+0.045 ms clock, 0.24+0.027/3.0/10+0.36 ms cpu, 3->4->1 MB, 4 MB goal, 0 MB stacks, 0 MB globals, 8 P
gc 2894 @218.712s 0%: 0.050+1.0+0.017 ms clock, 0.40+0.038/1.9/4.3+0.14 ms cpu, 3->3->1 MB, 4 MB goal, 0 MB stacks, 0 MB globals, 8 P
gc 2895 @218.787s 0%: 0.048+0.90+0.005 ms clock, 0.39+0.036/1.6/3.4+0.041 ms cpu, 3->4->1 MB, 4 MB goal, 0 MB stacks, 0 MB globals, 8 P
gc 2896 @218.867s 0%: 0.036+0.78+0.016 ms clock, 0.28+0.030/1.2/2.7+0.13 ms cpu, 3->4->1 MB, 4 MB goal, 0 MB stacks, 0 MB globals, 8 P
gc 2897 @218.943s 0%: 0.041+0.83+0.010 ms clock, 0.33+0.034/1.3/3.4+0.082 ms cpu, 3->4->1 MB, 4 MB goal, 0 MB stacks, 0 MB globals, 8 P
gc 2898 @219.017s 0%: 0.039+0.73+0.006 ms clock, 0.31+0.031/1.3/2.9+0.055 ms cpu, 3->4->1 MB, 4 MB goal, 0 MB stacks, 0 MB globals, 8 P
gc 2899 @219.075s 0%: 0.034+0.72+0.008 ms clock, 0.27+0.14/1.2/2.3+0.064 ms cpu, 3->4->1 MB, 4 MB goal, 0 MB stacks, 0 MB globals, 8 P
gc 2900 @219.130s 0%: 0.043+0.86+0.016 ms clock, 0.34+0.032/1.4/3.0+0.13 ms cpu, 3->4->2 MB, 4 MB goal, 0 MB stacks, 0 MB globals, 8 P
gc 2901 @219.206s 0%: 0.092+0.80+0.022 ms clock, 0.74+1.3/1.3/0.037+0.18 ms cpu, 4->4->2 MB, 4 MB goal, 0 MB stacks, 0 MB globals, 8 P
gc 2902 @219.281s 0%: 0.041+0.71+0.003 ms clock, 0.32+0.032/1.2/3.1+0.027 ms cpu, 4->4->2 MB, 5 MB goal, 0 MB stacks, 0 MB globals, 8 P
gc 2903 @219.354s 0%: 0.039+0.95+0.019 ms clock, 0.31+0.034/1.6/3.7+0.15 ms cpu, 4->4->2 MB, 5 MB goal, 0 MB stacks, 0 MB globals, 8 P
gc 2904 @219.431s 0%: 0.042+1.2+0.016 ms clock, 0.33+0.034/2.0/4.5+0.13 ms cpu, 4->4->2 MB, 4 MB goal, 0 MB stacks, 0 MB globals, 8 P
gc 2905 @219.512s 0%: 0.046+0.84+0.023 ms clock, 0.36+0.034/1.4/2.7+0.19 ms cpu, 4->4->1 MB, 5 MB goal, 0 MB stacks, 0 MB globals, 8 P
gc 2906 @219.582s 0%: 0.044+1.0+0.023 ms clock, 0.35+0.041/1.8/4.6+0.19 ms cpu, 3->4->2 MB, 4 MB goal, 0 MB stacks, 0 MB globals, 8 P
gc 2907 @219.665s 0%: 0.041+0.72+0.003 ms clock, 0.32+0.033/1.2/2.8+0.026 ms cpu, 4->4->1 MB, 4 MB goal, 0 MB stacks, 0 MB globals, 8 P
gc 2908 @219.742s 0%: 0.043+0.70+0.008 ms clock, 0.34+0.038/1.0/2.2+0.070 ms cpu, 3->4->1 MB, 4 MB goal, 0 MB stacks, 0 MB globals, 8 P
gc 2909 @219.821s 0%: 0.047+0.79+0.019 ms clock, 0.37+0.034/1.4/2.9+0.15 ms cpu, 3->4->1 MB, 4 MB goal, 0 MB stacks, 0 MB globals, 8 P
gc 2910 @219.894s 0%: 0.041+0.91+0.004 ms clock, 0.33+0.035/1.6/3.9+0.038 ms cpu, 3->4->1 MB, 4 MB goal, 0 MB stacks, 0 MB globals, 8 P
gc 2911 @219.967s 0%: 0.034+0.94+0.003 ms clock, 0.27+0.029/1.7/4.2+0.027 ms cpu, 3->4->1 MB, 4 MB goal, 0 MB stacks, 0 MB globals, 8 P
gc 2912 @220.010s 0%: 0.056+0.78+0.003 ms clock, 0.45+0.58/1.4/2.0+0.028 ms cpu, 3->4->2 MB, 4 MB goal, 0 MB stacks, 0 MB globals, 8 P
gc 2913 @220.085s 0%: 0.036+0.85+0.035 ms clock, 0.29+0.035/1.4/2.6+0.28 ms cpu, 4->4->1 MB, 5 MB goal, 0 MB stacks, 0 MB globals, 8 P
gc 2914 @220.162s 0%: 0.038+0.85+0.014 ms clock, 0.30+0.036/1.4/3.0+0.11 ms cpu, 3->4->1 MB, 4 MB goal, 0 MB stacks, 0 MB globals, 8 P
gc 2915 @220.210s 0%: 0.18+0.94+0.004 ms clock, 1.5+0.16/1.7/3.7+0.034 ms cpu, 4->4->2 MB, 4 MB goal, 0 MB stacks, 0 MB globals, 8 P
gc 2916 @220.299s 0%: 0.039+0.85+0.017 ms clock, 0.31+0.034/1.3/3.0+0.13 ms cpu, 4->4->2 MB, 5 MB goal, 0 MB stacks, 0 MB globals, 8 P
gc 2917 @220.382s 0%: 0.046+1.0+0.056 ms clock, 0.37+0.037/1.7/4.0+0.45 ms cpu, 4->4->1 MB, 5 MB goal, 0 MB stacks, 0 MB globals, 8 P
gc 2918 @220.451s 0%: 0.066+0.80+0.003 ms clock, 0.53+0.028/1.3/2.9+0.024 ms cpu, 3->4->2 MB, 4 MB goal, 0 MB stacks, 0 MB globals, 8 P
gc 2919 @220.530s 0%: 0.047+0.77+0.006 ms clock, 0.37+0.033/1.3/3.1+0.050 ms cpu, 4->4->1 MB, 4 MB goal, 0 MB stacks, 0 MB globals, 8 P
gc 2920 @220.613s 0%: 0.082+1.0+0.004 ms clock, 0.66+0.036/1.8/3.9+0.033 ms cpu, 3->4->2 MB, 4 MB goal, 0 MB stacks, 0 MB globals, 8 P
gc 2921 @220.689s 0%: 0.040+0.72+0.005 ms clock, 0.32+0.032/1.1/2.1+0.041 ms cpu, 4->4->1 MB, 5 MB goal, 0 MB stacks, 0 MB globals, 8 P
gc 2922 @220.763s 0%: 0.057+1.0+0.026 ms clock, 0.46+0.069/2.0/4.5+0.21 ms cpu, 4->4->1 MB, 4 MB goal, 0 MB stacks, 0 MB globals, 8 P
gc 2923 @220.837s 0%: 0.036+1.0+0.015 ms clock, 0.29+0.034/1.9/4.4+0.12 ms cpu, 3->4->2 MB, 4 MB goal, 0 MB stacks, 0 MB globals, 8 P
gc 2924 @220.923s 0%: 0.042+0.91+0.003 ms clock, 0.34+0.033/1.5/3.6+0.025 ms cpu, 4->4->2 MB, 5 MB goal, 0 MB stacks, 0 MB globals, 8 P
gc 2925 @221.003s 0%: 0.041+0.82+0.028 ms clock, 0.32+0.043/1.2/2.9+0.22 ms cpu, 4->4->2 MB, 4 MB goal, 0 MB stacks, 0 MB globals, 8 P
gc 2926 @221.073s 0%: 0.034+0.95+0.009 ms clock, 0.27+0.031/1.7/3.7+0.076 ms cpu, 4->4->1 MB, 5 MB goal, 0 MB stacks, 0 MB globals, 8 P
gc 2927 @221.149s 0%: 0.044+0.87+0.004 ms clock, 0.35+0.036/1.6/3.3+0.034 ms cpu, 3->4->1 MB, 4 MB goal, 0 MB stacks, 0 MB globals, 8 P
gc 2928 @221.214s 0%: 0.15+0.82+0.003 ms clock, 1.2+2.2/1.5/0.17+0.028 ms cpu, 3->4->2 MB, 4 MB goal, 0 MB stacks, 0 MB globals, 8 P
gc 2929 @221.297s 0%: 0.040+1.1+0.003 ms clock, 0.32+0.032/2.0/4.9+0.024 ms cpu, 4->4->2 MB, 5 MB goal, 0 MB stacks, 0 MB globals, 8 P
gc 2930 @221.370s 0%: 0.043+0.93+0.011 ms clock, 0.34+0.031/1.6/4.0+0.090 ms cpu, 4->4->2 MB, 4 MB goal, 0 MB stacks, 0 MB globals, 8 P
gc 2931 @221.445s 0%: 0.036+1.0+0.019 ms clock, 0.29+0.033/1.5/3.5+0.15 ms cpu, 4->4->1 MB, 5 MB goal, 0 MB stacks, 0 MB globals, 8 P
gc 2932 @221.518s 0%: 0.039+0.82+0.004 ms clock, 0.31+0.039/1.5/3.3+0.032 ms cpu, 4->4->1 MB, 4 MB goal, 0 MB stacks, 0 MB globals, 8 P
gc 2933 @221.588s 0%: 0.071+0.83+0.031 ms clock, 0.57+0.14/1.2/2.2+0.25 ms cpu, 3->4->2 MB, 4 MB goal, 0 MB stacks, 0 MB globals, 8 P
gc 2934 @221.671s 0%: 0.040+0.66+0.007 ms clock, 0.32+0.032/1.1/2.4+0.063 ms cpu, 4->4->2 MB, 4 MB goal, 0 MB stacks, 0 MB globals, 8 P
gc 2935 @221.750s 0%: 0.039+1.1+0.002 ms clock, 0.31+0.084/2.1/4.5+0.023 ms cpu, 4->4->1 MB, 4 MB goal, 0 MB stacks, 0 MB globals, 8 P
gc 2936 @221.826s 0%: 0.043+1.0+0.012 ms clock, 0.34+0.034/1.8/4.2+0.10 ms cpu, 4->4->1 MB, 4 MB goal, 0 MB stacks, 0 MB globals, 8 P
gc 2937 @221.896s 0%: 0.050+1.0+0.010 ms clock, 0.40+0.034/1.9/4.6+0.086 ms cpu, 3->4->2 MB, 4 MB goal, 0 MB stacks, 0 MB globals, 8 P
gc 2938 @221.970s 0%: 0.032+0.88+0.007 ms clock, 0.25+0.028/1.6/3.6+0.057 ms cpu, 4->4->1 MB, 4 MB goal, 0 MB stacks, 0 MB globals, 8 P
gc 2939 @222.041s 0%: 0.041+1.2+0.016 ms clock, 0.33+0.034/2.1/4.7+0.12 ms cpu, 3->4->2 MB, 4 MB goal, 0 MB stacks, 0 MB globals, 8 P
gc 2940 @222.127s 0%: 0.042+0.79+0.003 ms clock, 0.33+0.034/1.4/2.9+0.031 ms cpu, 4->4->1 MB, 5 MB goal, 0 MB stacks, 0 MB globals, 8 P
gc 2941 @222.204s 0%: 0.038+0.70+0.015 ms clock, 0.31+0.034/1.2/2.1+0.12 ms cpu, 4->4->1 MB, 4 MB goal, 0 MB stacks, 0 MB globals, 8 P
gc 2942 @222.237s 0%: 0.038+0.74+0.017 ms clock, 0.30+0.042/1.2/2.5+0.14 ms cpu, 3->3->2 MB, 4 MB goal, 0 MB stacks, 0 MB globals, 8 P
gc 2943 @222.327s 0%: 0.042+0.94+0.003 ms clock, 0.34+0.034/1.7/3.8+0.029 ms cpu, 4->4->1 MB, 5 MB goal, 0 MB stacks, 0 MB globals, 8 P
gc 2944 @222.405s 0%: 0.041+0.97+0.026 ms clock, 0.33+0.034/1.6/3.4+0.21 ms cpu, 3->4->1 MB, 4 MB goal, 0 MB stacks, 0 MB globals, 8 P
gc 2945 @222.470s 0%: 0.059+0.88+0.030 ms clock, 0.47+0.071/1.3/2.9+0.24 ms cpu, 3->4->1 MB, 4 MB goal, 0 MB stacks, 0 MB globals, 8 P
gc 2946 @222.532s 0%: 0.057+1.0+0.006 ms clock, 0.45+0.037/1.8/4.0+0.051 ms cpu, 3->4->1 MB, 4 MB goal, 0 MB stacks, 0 MB globals, 8 P
gc 2947 @222.610s 0%: 0.052+0.98+0.024 ms clock, 0.41+0.034/1.6/3.7+0.19 ms cpu, 4->4->1 MB, 4 MB goal, 0 MB stacks, 0 MB globals, 8 P
gc 2948 @222.685s 0%: 0.048+0.71+0.017 ms clock, 0.38+0.037/1.1/2.5+0.14 ms cpu, 4->4->1 MB, 4 MB goal, 0 MB stacks, 0 MB globals, 8 P
gc 2949 @222.767s 0%: 0.042+0.97+0.017 ms clock, 0.33+0.032/1.6/3.9+0.14 ms cpu, 3->4->1 MB, 4 MB goal, 0 MB stacks, 0 MB globals, 8 P
gc 2950 @222.844s 0%: 0.045+0.88+0.004 ms clock, 0.36+0.034/1.5/3.6+0.039 ms cpu, 3->4->1 MB, 4 MB goal, 0 MB stacks, 0 MB globals, 8 P
gc 2951 @222.917s 0%: 0.041+1.0+0.003 ms clock, 0.33+0.034/1.9/4.1+0.031 ms cpu, 3->4->1 MB, 4 MB goal, 0 MB stacks, 0 MB globals, 8 P
gc 2952 @222.991s 0%: 0.035+1.0+0.009 ms clock, 0.28+0.033/1.9/4.5+0.076 ms cpu, 3->4->2 MB, 4 MB goal, 0 MB stacks, 0 MB globals, 8 P
gc 2953 @223.060s 0%: 0.047+1.0+0.003 ms clock, 0.38+0.037/1.7/3.7+0.030 ms cpu, 4->4->1 MB, 4 MB goal, 0 MB stacks, 0 MB globals, 8 P
gc 2954 @223.136s 0%: 0.043+0.85+0.009 ms clock, 0.34+0.033/1.5/3.5+0.073 ms cpu, 4->4->1 MB, 4 MB goal, 0 MB stacks, 0 MB globals, 8 P
gc 2955 @223.198s 0%: 0.035+0.96+0.018 ms clock, 0.28+0.035/1.4/3.3+0.14 ms cpu, 3->4->1 MB, 4 MB goal, 0 MB stacks, 0 MB globals, 8 P
gc 2956 @223.230s 0%: 0.039+0.89+0.017 ms clock, 0.31+0.029/1.4/3.3+0.14 ms cpu, 3->3->2 MB, 4 MB goal, 0 MB stacks, 0 MB globals, 8 P
gc 2957 @223.314s 0%: 0.035+0.85+0.013 ms clock, 0.28+0.035/1.4/3.4+0.10 ms cpu, 4->4->1 MB, 5 MB goal, 0 MB stacks, 0 MB globals, 8 P
gc 2958 @223.383s 0%: 0.045+0.69+0.003 ms clock, 0.36+0.036/1.3/2.7+0.027 ms cpu, 3->4->1 MB, 4 MB goal, 0 MB stacks, 0 MB globals, 8 P
gc 2959 @223.461s 0%: 0.049+1.0+0.005 ms clock, 0.39+0.034/1.8/4.2+0.041 ms cpu, 4->4->2 MB, 4 MB goal, 0 MB stacks, 0 MB globals, 8 P
gc 2960 @223.542s 0%: 0.045+1.0+0.004 ms clock, 0.36+0.035/2.0/4.5+0.033 ms cpu, 4->4->2 MB, 5 MB goal, 0 MB stacks, 0 MB globals, 8 P
gc 2961 @223.619s 0%: 0.037+1.0+0.004 ms clock, 0.29+0.034/1.7/4.1+0.034 ms cpu, 4->4->2 MB, 4 MB goal, 0 MB stacks, 0 MB globals, 8 P
gc 2962 @223.689s 0%: 0.035+1.2+0.027 ms clock, 0.28+0.029/2.0/4.6+0.21 ms cpu, 4->4->2 MB, 4 MB goal, 0 MB stacks, 0 MB globals, 8 P
gc 2963 @223.771s 0%: 0.039+0.73+0.003 ms clock, 0.31+0.050/1.3/2.7+0.029 ms cpu, 4->4->2 MB, 4 MB goal, 0 MB stacks, 0 MB globals, 8 P
gc 2964 @223.848s 0%: 0.038+0.84+0.022 ms clock, 0.30+0.032/1.4/3.1+0.17 ms cpu, 4->4->1 MB, 4 MB goal, 0 MB stacks, 0 MB globals, 8 P
gc 2965 @223.931s 0%: 0.042+0.98+0.019 ms clock, 0.34+0.033/1.7/4.1+0.15 ms cpu, 3->4->1 MB, 4 MB goal, 0 MB stacks, 0 MB globals, 8 P
gc 2966 @224.008s 0%: 0.040+1.0+0.029 ms clock, 0.32+0.035/1.7/4.1+0.23 ms cpu, 3->4->1 MB, 4 MB goal, 0 MB stacks, 0 MB globals, 8 P
gc 2967 @224.080s 0%: 0.034+1.0+0.005 ms clock, 0.27+0.026/1.8/4.4+0.042 ms cpu, 4->4->2 MB, 4 MB goal, 0 MB stacks, 0 MB globals, 8 P
gc 2968 @224.168s 0%: 0.045+0.92+0.016 ms clock, 0.36+0.034/1.6/3.7+0.12 ms cpu, 4->4->2 MB, 5 MB goal, 0 MB stacks, 0 MB globals, 8 P
gc 2969 @224.226s 0%: 0.20+0.84+0.004 ms clock, 1.6+1.8/1.4/0.11+0.032 ms cpu, 4->4->2 MB, 4 MB goal, 0 MB stacks, 0 MB globals, 8 P
gc 2970 @224.307s 0%: 0.042+0.85+0.018 ms clock, 0.33+0.035/1.4/3.1+0.14 ms cpu, 4->5->2 MB, 5 MB goal, 0 MB stacks, 0 MB globals, 8 P
gc 2971 @224.381s 0%: 0.038+0.69+0.025 ms clock, 0.30+0.042/1.2/2.5+0.20 ms cpu, 4->4->1 MB, 5 MB goal, 0 MB stacks, 0 MB globals, 8 P
gc 2972 @224.461s 0%: 0.044+0.88+0.043 ms clock, 0.35+0.035/1.3/3.2+0.34 ms cpu, 3->4->2 MB, 4 MB goal, 0 MB stacks, 0 MB globals, 8 P
gc 2973 @224.538s 0%: 0.052+1.1+0.017 ms clock, 0.42+0.036/1.9/4.4+0.13 ms cpu, 4->4->1 MB, 4 MB goal, 0 MB stacks, 0 MB globals, 8 P
gc 2974 @224.610s 0%: 0.046+0.89+0.004 ms clock, 0.37+0.035/1.7/3.7+0.033 ms cpu, 4->4->2 MB, 4 MB goal, 0 MB stacks, 0 MB globals, 8 P
gc 2975 @224.688s 0%: 0.042+1.1+0.015 ms clock, 0.33+0.033/1.9/4.4+0.12 ms cpu, 4->4->1 MB, 4 MB goal, 0 MB stacks, 0 MB globals, 8 P
gc 2976 @224.764s 0%: 0.043+1.0+0.033 ms clock, 0.34+0.036/1.7/4.0+0.27 ms cpu, 3->4->1 MB, 4 MB goal, 0 MB stacks, 0 MB globals, 8 P
gc 2977 @224.846s 0%: 0.042+0.77+0.030 ms clock, 0.34+0.035/1.2/2.7+0.24 ms cpu, 4->4->1 MB, 4 MB goal, 0 MB stacks, 0 MB globals, 8 P
gc 2978 @224.919s 0%: 0.050+1.0+0.027 ms clock, 0.40+0.035/1.7/3.9+0.21 ms cpu, 4->4->2 MB, 4 MB goal, 0 MB stacks, 0 MB globals, 8 P
gc 2979 @225.000s 0%: 0.043+0.89+0.026 ms clock, 0.35+0.036/1.2/2.7+0.20 ms cpu, 4->4->1 MB, 4 MB goal, 0 MB stacks, 0 MB globals, 8 P
gc 2980 @225.048s 0%: 0.049+0.83+0.014 ms clock, 0.39+0.034/1.4/2.8+0.11 ms cpu, 3->4->2 MB, 4 MB goal, 0 MB stacks, 0 MB globals, 8 P
gc 2981 @225.129s 0%: 0.041+0.80+0.013 ms clock, 0.33+0.036/1.3/2.9+0.10 ms cpu, 4->4->2 MB, 5 MB goal, 0 MB stacks, 0 MB globals, 8 P
gc 2982 @225.205s 0%: 0.035+0.95+0.003 ms clock, 0.28+0.032/1.7/4.2+0.027 ms cpu, 4->4->2 MB, 4 MB goal, 0 MB stacks, 0 MB globals, 8 P
gc 2983 @225.245s 0%: 0.051+0.70+0.011 ms clock, 0.41+0.029/1.2/2.6+0.088 ms cpu, 4->4->2 MB, 5 MB goal, 0 MB stacks, 0 MB globals, 8 P
gc 2984 @225.321s 0%: 0.042+1.0+0.018 ms clock, 0.33+0.035/1.8/4.1+0.14 ms cpu, 4->4->2 MB, 5 MB goal, 0 MB stacks, 0 MB globals, 8 P
gc 2985 @225.400s 0%: 0.038+1.0+0.006 ms clock, 0.30+0.032/1.9/4.4+0.052 ms cpu, 4->4->1 MB, 4 MB goal, 0 MB stacks, 0 MB globals, 8 P
gc 2986 @225.479s 0%: 0.045+0.84+0.004 ms clock, 0.36+0.036/1.4/2.4+0.039 ms cpu, 4->4->1 MB, 4 MB goal, 0 MB stacks, 0 MB globals, 8 P
gc 2987 @225.570s 0%: 0.038+1.0+0.019 ms clock, 0.30+0.034/1.8/4.0+0.15 ms cpu, 3->4->2 MB, 4 MB goal, 0 MB stacks, 0 MB globals, 8 P
gc 2988 @225.655s 0%: 0.039+0.75+0.005 ms clock, 0.31+0.041/1.2/2.7+0.042 ms cpu, 4->4->1 MB, 4 MB goal, 0 MB stacks, 0 MB globals, 8 P
gc 2989 @225.738s 0%: 0.045+0.76+0.048 ms clock, 0.36+0.034/1.2/2.4+0.38 ms cpu, 4->4->2 MB, 4 MB goal, 0 MB stacks, 0 MB globals, 8 P
gc 2990 @225.808s 0%: 0.041+1.0+0.007 ms clock, 0.32+0.036/1.9/4.5+0.058 ms cpu, 4->4->2 MB, 4 MB goal, 0 MB stacks, 0 MB globals, 8 P
gc 2991 @225.889s 0%: 0.049+0.99+0.003 ms clock, 0.39+0.043/1.8/4.3+0.026 ms cpu, 4->4->2 MB, 5 MB goal, 0 MB stacks, 0 MB globals, 8 P
gc 2992 @225.978s 0%: 0.040+1.1+0.003 ms clock, 0.32+0.033/2.0/4.6+0.031 ms cpu, 4->4->1 MB, 5 MB goal, 0 MB stacks, 0 MB globals, 8 P
gc 2993 @226.053s 0%: 0.049+1.0+0.008 ms clock, 0.39+0.033/1.9/4.6+0.067 ms cpu, 3->4->1 MB, 4 MB goal, 0 MB stacks, 0 MB globals, 8 P
gc 2994 @226.131s 0%: 0.040+1.1+0.008 ms clock, 0.32+0.034/1.9/4.3+0.065 ms cpu, 4->4->2 MB, 4 MB goal, 0 MB stacks, 0 MB globals, 8 P
gc 2995 @226.215s 0%: 0.039+0.89+0.008 ms clock, 0.31+0.033/1.5/3.7+0.071 ms cpu, 4->4->2 MB, 4 MB goal, 0 MB stacks, 0 MB globals, 8 P
gc 2996 @226.254s 0%: 0.065+1.0+0.015 ms clock, 0.52+0.036/1.7/4.0+0.12 ms cpu, 4->4->2 MB, 5 MB goal, 0 MB stacks, 0 MB globals, 8 P
gc 2997 @226.334s 0%: 0.035+1.0+0.025 ms clock, 0.28+0.033/1.7/3.7+0.20 ms cpu, 4->4->2 MB, 5 MB goal, 0 MB stacks, 0 MB globals, 8 P
gc 2998 @226.417s 0%: 0.043+0.95+0.023 ms clock, 0.34+0.035/1.7/3.9+0.18 ms cpu, 4->4->2 MB, 4 MB goal, 0 MB stacks, 0 MB globals, 8 P
gc 2999 @226.492s 0%: 0.043+0.98+0.004 ms clock, 0.34+0.094/1.8/3.6+0.033 ms cpu, 4->4->1 MB, 4 MB goal, 0 MB stacks, 0 MB globals, 8 P
gc 3000 @226.576s 0%: 0.041+0.75+0.041 ms clock, 0.32+0.033/1.2/2.5+0.33 ms cpu, 4->4->2 MB, 4 MB goal, 0 MB stacks, 0 MB globals, 8 P
gc 3001 @226.617s 0%: 0.039+0.82+0.013 ms clock, 0.31+0.034/1.3/2.7+0.10 ms cpu, 4->4->2 MB, 4 MB goal, 0 MB stacks, 0 MB globals, 8 P
gc 3002 @226.697s 0%: 0.041+0.79+0.021 ms clock, 0.33+0.033/1.3/2.6+0.16 ms cpu, 4->4->1 MB, 5 MB goal, 0 MB stacks, 0 MB globals, 8 P
gc 3003 @226.762s 0%: 0.042+0.78+0.025 ms clock, 0.33+0.034/1.4/2.6+0.20 ms cpu, 3->4->1 MB, 4 MB goal, 0 MB stacks, 0 MB globals, 8 P
gc 3004 @226.829s 0%: 0.049+0.74+0.032 ms clock, 0.39+0.034/1.2/2.5+0.25 ms cpu, 4->4->2 MB, 4 MB goal, 0 MB stacks, 0 MB globals, 8 P
gc 3005 @226.916s 0%: 0.045+0.84+0.013 ms clock, 0.36+0.033/1.2/2.9+0.10 ms cpu, 4->4->2 MB, 4 MB goal, 0 MB stacks, 0 MB globals, 8 P
gc 3006 @227.001s 0%: 0.036+0.72+0.003 ms clock, 0.29+0.030/1.2/2.8+0.031 ms cpu, 4->4->1 MB, 4 MB goal, 0 MB stacks, 0 MB globals, 8 P
gc 3007 @227.064s 0%: 0.050+0.98+0.015 ms clock, 0.40+0.035/1.7/4.1+0.12 ms cpu, 3->4->2 MB, 4 MB goal, 0 MB stacks, 0 MB globals, 8 P
gc 3008 @227.148s 0%: 0.045+0.72+0.035 ms clock, 0.36+0.042/1.0/2.5+0.28 ms cpu, 4->4->2 MB, 5 MB goal, 0 MB stacks, 0 MB globals, 8 P
gc 3009 @227.217s 0%: 0.051+0.83+0.018 ms clock, 0.40+0.040/1.4/3.0+0.14 ms cpu, 4->4->2 MB, 4 MB goal, 0 MB stacks, 0 MB globals, 8 P
gc 3010 @227.254s 0%: 0.044+0.75+0.017 ms clock, 0.35+0.036/1.2/2.7+0.14 ms cpu, 4->4->2 MB, 4 MB goal, 0 MB stacks, 0 MB globals, 8 P
gc 3011 @227.336s 0%: 0.045+0.84+0.016 ms clock, 0.36+0.034/1.2/2.6+0.13 ms cpu, 4->4->1 MB, 5 MB goal, 0 MB stacks, 0 MB globals, 8 P
gc 3012 @227.407s 0%: 0.040+1.1+0.031 ms clock, 0.32+0.034/1.9/4.3+0.25 ms cpu, 3->4->1 MB, 4 MB goal, 0 MB stacks, 0 MB globals, 8 P
gc 3013 @227.486s 0%: 0.049+1.1+0.010 ms clock, 0.39+0.035/1.9/4.6+0.085 ms cpu, 4->4->1 MB, 4 MB goal, 0 MB stacks, 0 MB globals, 8 P
gc 3014 @227.562s 0%: 0.041+0.76+0.014 ms clock, 0.32+0.035/1.2/2.5+0.11 ms cpu, 4->4->2 MB, 4 MB goal, 0 MB stacks, 0 MB globals, 8 P
gc 3015 @227.644s 0%: 0.052+0.81+0.012 ms clock, 0.41+0.034/1.4/2.8+0.098 ms cpu, 4->4->2 MB, 5 MB goal, 0 MB stacks, 0 MB globals, 8 P
gc 3016 @227.719s 0%: 0.040+0.86+0.003 ms clock, 0.32+0.034/1.5/3.3+0.031 ms cpu, 4->4->1 MB, 4 MB goal, 0 MB stacks, 0 MB globals, 8 P
gc 3017 @227.794s 0%: 0.039+0.95+0.027 ms clock, 0.31+0.033/1.6/3.7+0.22 ms cpu, 4->4->2 MB, 4 MB goal, 0 MB stacks, 0 MB globals, 8 P
gc 3018 @227.873s 0%: 0.034+1.0+0.013 ms clock, 0.27+0.036/1.9/4.2+0.10 ms cpu, 4->4->2 MB, 4 MB goal, 0 MB stacks, 0 MB globals, 8 P
gc 3019 @227.949s 0%: 0.047+0.78+0.021 ms clock, 0.38+0.035/1.3/2.9+0.16 ms cpu, 4->4->1 MB, 5 MB goal, 0 MB stacks, 0 MB globals, 8 P
gc 3020 @228.018s 0%: 0.052+0.93+0.004 ms clock, 0.42+0.036/1.7/3.9+0.035 ms cpu, 4->4->1 MB, 4 MB goal, 0 MB stacks, 0 MB globals, 8 P
gc 3021 @228.055s 0%: 0.045+0.82+0.017 ms clock, 0.36+0.034/1.2/3.0+0.14 ms cpu, 4->4->2 MB, 4 MB goal, 0 MB stacks, 0 MB globals, 8 P
gc 3022 @228.134s 0%: 0.053+0.92+0.003 ms clock, 0.42+0.033/1.4/2.9+0.029 ms cpu, 4->4->2 MB, 5 MB goal, 0 MB stacks, 0 MB globals, 8 P
gc 3023 @228.211s 0%: 0.061+1.0+0.002 ms clock, 0.49+0.033/1.9/4.4+0.023 ms cpu, 4->4->2 MB, 4 MB goal, 0 MB stacks, 0 MB globals, 8 P
gc 3024 @228.252s 0%: 0.038+0.88+0.017 ms clock, 0.30+0.033/1.5/3.1+0.14 ms cpu, 4->4->2 MB, 5 MB goal, 0 MB stacks, 0 MB globals, 8 P
gc 3025 @228.326s 0%: 0.041+0.90+0.003 ms clock, 0.32+0.037/1.5/3.5+0.031 ms cpu, 4->4->2 MB, 5 MB goal, 0 MB stacks, 0 MB globals, 8 P
gc 3026 @228.394s 0%: 0.045+0.77+0.031 ms clock, 0.36+0.047/1.3/2.9+0.24 ms cpu, 4->4->2 MB, 4 MB goal, 0 MB stacks, 0 MB globals, 8 P
gc 3027 @228.461s 0%: 0.047+0.85+0.015 ms clock, 0.38+0.036/1.5/3.5+0.12 ms cpu, 4->4->2 MB, 4 MB goal, 0 MB stacks, 0 MB globals, 8 P
gc 3028 @228.540s 0%: 0.17+2.0+0.070 ms clock, 1.4+0.045/1.3/0.032+0.56 ms cpu, 4->4->2 MB, 5 MB goal, 0 MB stacks, 0 MB globals, 8 P
gc 3029 @228.616s 0%: 0.039+0.77+0.003 ms clock, 0.31+0.034/1.3/2.4+0.029 ms cpu, 4->4->2 MB, 5 MB goal, 0 MB stacks, 0 MB globals, 8 P
gc 3030 @228.700s 0%: 0.058+1.0+0.024 ms clock, 0.46+0.038/1.8/4.3+0.19 ms cpu, 4->4->2 MB, 5 MB goal, 0 MB stacks, 0 MB globals, 8 P
gc 3031 @228.786s 0%: 0.042+0.95+0.005 ms clock, 0.34+0.035/1.5/3.1+0.042 ms cpu, 4->4->1 MB, 5 MB goal, 0 MB stacks, 0 MB globals, 8 P
gc 3032 @228.866s 0%: 0.048+0.89+0.012 ms clock, 0.38+0.037/1.5/3.3+0.10 ms cpu, 4->4->2 MB, 4 MB goal, 0 MB stacks, 0 MB globals, 8 P
gc 3033 @228.942s 0%: 0.038+1.0+0.003 ms clock, 0.31+0.034/1.8/4.2+0.028 ms cpu, 4->4->2 MB, 4 MB goal, 0 MB stacks, 0 MB globals, 8 P
gc 3034 @229.023s 0%: 0.051+1.1+0.003 ms clock, 0.40+0.037/2.1/4.6+0.028 ms cpu, 4->4->2 MB, 5 MB goal, 0 MB stacks, 0 MB globals, 8 P
gc 3035 @229.101s 0%: 0.038+0.90+0.037 ms clock, 0.30+0.035/1.6/3.4+0.29 ms cpu, 4->4->1 MB, 4 MB goal, 0 MB stacks, 0 MB globals, 8 P
gc 3036 @229.175s 0%: 0.049+0.86+0.003 ms clock, 0.39+0.036/1.5/3.4+0.030 ms cpu, 3->4->2 MB, 4 MB goal, 0 MB stacks, 0 MB globals, 8 P
gc 3037 @229.248s 0%: 0.20+0.76+0.003 ms clock, 1.6+1.1/1.3/0.44+0.030 ms cpu, 4->4->2 MB, 4 MB goal, 0 MB stacks, 0 MB globals, 8 P
gc 3038 @229.335s 0%: 0.038+0.90+0.003 ms clock, 0.30+0.035/1.5/3.4+0.031 ms cpu, 4->4->2 MB, 5 MB goal, 0 MB stacks, 0 MB globals, 8 P
gc 3039 @229.412s 0%: 0.038+0.81+0.037 ms clock, 0.30+0.033/1.4/3.0+0.29 ms cpu, 4->4->1 MB, 4 MB goal, 0 MB stacks, 0 MB globals, 8 P
gc 3040 @229.481s 0%: 0.038+1.0+0.021 ms clock, 0.31+0.035/1.9/4.4+0.17 ms cpu, 4->4->2 MB, 4 MB goal, 0 MB stacks, 0 MB globals, 8 P
gc 3041 @229.559s 0%: 0.048+0.74+0.023 ms clock, 0.38+0.038/1.2/2.2+0.18 ms cpu, 4->4->2 MB, 4 MB goal, 0 MB stacks, 0 MB globals, 8 P
gc 3042 @229.629s 0%: 0.045+0.73+0.003 ms clock, 0.36+0.034/1.3/2.5+0.030 ms cpu, 4->4->1 MB, 4 MB goal, 0 MB stacks, 0 MB globals, 8 P
gc 3043 @229.706s 0%: 0.037+0.91+0.003 ms clock, 0.29+0.038/1.7/3.7+0.031 ms cpu, 3->4->1 MB, 4 MB goal, 0 MB stacks, 0 MB globals, 8 P
gc 3044 @229.781s 0%: 0.043+0.97+0.010 ms clock, 0.34+0.035/1.7/3.8+0.080 ms cpu, 3->4->2 MB, 4 MB goal, 0 MB stacks, 0 MB globals, 8 P
gc 3045 @229.862s 0%: 0.041+1.0+0.028 ms clock, 0.33+0.035/2.0/4.3+0.22 ms cpu, 4->4->1 MB, 4 MB goal, 0 MB stacks, 0 MB globals, 8 P
gc 3046 @229.939s 0%: 0.039+0.80+0.008 ms clock, 0.31+0.034/1.3/2.4+0.068 ms cpu, 3->4->2 MB, 4 MB goal, 0 MB stacks, 0 MB globals, 8 P
gc 3047 @230.010s 0%: 0.042+1.0+0.020 ms clock, 0.33+0.089/1.7/2.7+0.16 ms cpu, 4->4->1 MB, 4 MB goal, 0 MB stacks, 0 MB globals, 8 P
gc 3048 @230.089s 0%: 0.049+0.92+0.003 ms clock, 0.39+0.080/1.6/3.7+0.028 ms cpu, 4->4->2 MB, 4 MB goal, 0 MB stacks, 0 MB globals, 8 P
gc 3049 @230.164s 0%: 0.037+1.1+0.085 ms clock, 0.30+0.033/2.0/4.4+0.68 ms cpu, 4->4->2 MB, 5 MB goal, 0 MB stacks, 0 MB globals, 8 P
gc 3050 @230.252s 0%: 0.10+0.87+0.024 ms clock, 0.87+1.5/1.3/0.20+0.19 ms cpu, 4->5->2 MB, 5 MB goal, 0 MB stacks, 0 MB globals, 8 P
gc 3051 @230.337s 0%: 0.039+1.0+0.004 ms clock, 0.31+0.035/2.0/4.7+0.034 ms cpu, 4->4->2 MB, 5 MB goal, 0 MB stacks, 0 MB globals, 8 P
gc 3052 @230.423s 0%: 0.039+0.85+0.012 ms clock, 0.31+0.034/1.3/3.2+0.099 ms cpu, 4->4->1 MB, 5 MB goal, 0 MB stacks, 0 MB globals, 8 P
gc 3053 @230.494s 0%: 0.045+0.69+0.003 ms clock, 0.36+0.039/1.2/2.8+0.025 ms cpu, 3->4->1 MB, 4 MB goal, 0 MB stacks, 0 MB globals, 8 P
gc 3054 @230.572s 0%: 0.043+0.99+0.010 ms clock, 0.34+0.035/1.7/3.9+0.082 ms cpu, 3->4->2 MB, 4 MB goal, 0 MB stacks, 0 MB globals, 8 P
gc 3055 @230.655s 0%: 0.038+1.0+0.004 ms clock, 0.30+0.034/1.9/4.6+0.032 ms cpu, 4->4->2 MB, 5 MB goal, 0 MB stacks, 0 MB globals, 8 P
gc 3056 @230.728s 0%: 0.037+0.89+0.036 ms clock, 0.29+0.035/1.4/3.1+0.29 ms cpu, 4->4->2 MB, 4 MB goal, 0 MB stacks, 0 MB globals, 8 P
gc 3057 @230.807s 0%: 0.041+0.63+0.002 ms clock, 0.33+0.047/1.1/2.5+0.023 ms cpu, 4->4->1 MB, 4 MB goal, 0 MB stacks, 0 MB globals, 8 P
gc 3058 @230.883s 0%: 0.040+0.92+0.020 ms clock, 0.32+0.034/1.6/3.8+0.16 ms cpu, 3->4->1 MB, 4 MB goal, 0 MB stacks, 0 MB globals, 8 P
gc 3059 @230.954s 0%: 0.041+0.88+0.021 ms clock, 0.33+0.034/1.5/3.5+0.17 ms cpu, 4->4->2 MB, 4 MB goal, 0 MB stacks, 0 MB globals, 8 P
gc 3060 @231.024s 0%: 0.044+0.97+0.010 ms clock, 0.35+0.038/1.6/3.6+0.080 ms cpu, 4->4->2 MB, 4 MB goal, 0 MB stacks, 0 MB globals, 8 P
gc 3061 @231.098s 0%: 0.048+0.93+0.005 ms clock, 0.38+0.041/1.5/3.8+0.041 ms cpu, 4->4->1 MB, 5 MB goal, 0 MB stacks, 0 MB globals, 8 P
gc 3062 @231.182s 0%: 0.039+1.1+0.003 ms clock, 0.31+0.034/1.9/4.3+0.027 ms cpu, 4->4->1 MB, 4 MB goal, 0 MB stacks, 0 MB globals, 8 P
gc 3063 @231.243s 0%: 0.044+0.94+0.003 ms clock, 0.35+0.036/1.7/3.7+0.028 ms cpu, 4->4->2 MB, 4 MB goal, 0 MB stacks, 0 MB globals, 8 P
gc 3064 @231.276s 0%: 0.045+0.71+0.003 ms clock, 0.36+0.035/1.1/2.6+0.028 ms cpu, 4->4->2 MB, 4 MB goal, 0 MB stacks, 0 MB globals, 8 P
gc 3065 @231.363s 0%: 0.053+0.85+0.008 ms clock, 0.43+0.034/1.5/3.2+0.070 ms cpu, 4->4->1 MB, 5 MB goal, 0 MB stacks, 0 MB globals, 8 P
gc 3066 @231.434s 0%: 0.043+0.96+0.003 ms clock, 0.34+0.034/1.8/4.1+0.028 ms cpu, 3->4->1 MB, 4 MB goal, 0 MB stacks, 0 MB globals, 8 P
gc 3067 @231.512s 0%: 0.051+0.72+0.029 ms clock, 0.41+0.041/1.2/2.6+0.23 ms cpu, 3->4->2 MB, 4 MB goal, 0 MB stacks, 0 MB globals, 8 P
gc 3068 @231.593s 0%: 0.047+0.88+0.007 ms clock, 0.38+0.034/1.6/3.7+0.061 ms cpu, 4->4->2 MB, 4 MB goal, 0 MB stacks, 0 MB globals, 8 P
gc 3069 @231.671s 0%: 0.036+0.87+0.003 ms clock, 0.28+0.026/1.6/3.6+0.026 ms cpu, 4->4->1 MB, 5 MB goal, 0 MB stacks, 0 MB globals, 8 P
gc 3070 @231.746s 0%: 0.048+0.83+0.017 ms clock, 0.39+0.033/1.4/3.1+0.13 ms cpu, 3->4->2 MB, 4 MB goal, 0 MB stacks, 0 MB globals, 8 P
gc 3071 @231.824s 0%: 0.048+1.0+0.012 ms clock, 0.38+0.032/1.8/4.2+0.10 ms cpu, 4->4->2 MB, 5 MB goal, 0 MB stacks, 0 MB globals, 8 P
gc 3072 @231.900s 0%: 0.036+0.89+0.003 ms clock, 0.29+0.030/1.2/3.1+0.027 ms cpu, 4->4->2 MB, 4 MB goal, 0 MB stacks, 0 MB globals, 8 P
gc 3073 @231.977s 0%: 0.090+1.2+0.083 ms clock, 0.72+0.11/1.8/0.96+0.66 ms cpu, 4->4->2 MB, 4 MB goal, 0 MB stacks, 0 MB globals, 8 P
gc 3074 @232.054s 0%: 0.051+0.93+0.003 ms clock, 0.41+0.037/1.6/3.7+0.026 ms cpu, 4->4->2 MB, 5 MB goal, 0 MB stacks, 0 MB globals, 8 P
gc 3075 @232.140s 0%: 0.040+0.83+0.013 ms clock, 0.32+0.034/1.4/3.0+0.10 ms cpu, 4->4->1 MB, 5 MB goal, 0 MB stacks, 0 MB globals, 8 P
gc 3076 @232.209s 0%: 0.046+0.77+0.025 ms clock, 0.36+0.035/1.3/3.3+0.20 ms cpu, 3->4->1 MB, 4 MB goal, 0 MB stacks, 0 MB globals, 8 P
gc 3077 @232.260s 0%: 0.14+0.84+0.012 ms clock, 1.1+1.2/1.3/1.3+0.096 ms cpu, 3->4->2 MB, 4 MB goal, 0 MB stacks, 0 MB globals, 8 P
gc 3078 @232.339s 0%: 0.11+1.2+0.012 ms clock, 0.95+0.20/2.0/2.8+0.10 ms cpu, 4->4->2 MB, 5 MB goal, 0 MB stacks, 0 MB globals, 8 P
gc 3079 @232.412s 0%: 0.038+0.86+0.016 ms clock, 0.30+0.034/1.4/3.3+0.13 ms cpu, 4->4->1 MB, 4 MB goal, 0 MB stacks, 0 MB globals, 8 P
gc 3080 @232.487s 0%: 0.046+0.76+0.047 ms clock, 0.37+0.037/1.3/2.6+0.37 ms cpu, 4->4->2 MB, 4 MB goal, 0 MB stacks, 0 MB globals, 8 P
gc 3081 @232.563s 0%: 0.047+0.80+0.004 ms clock, 0.37+0.050/1.3/2.8+0.039 ms cpu, 4->4->2 MB, 5 MB goal, 0 MB stacks, 0 MB globals, 8 P
gc 3082 @232.632s 0%: 0.066+0.95+0.022 ms clock, 0.53+0.044/1.5/3.1+0.17 ms cpu, 4->4->1 MB, 4 MB goal, 0 MB stacks, 0 MB globals, 8 P
gc 3083 @232.704s 0%: 0.048+0.95+0.009 ms clock, 0.38+0.045/1.4/3.3+0.075 ms cpu, 3->4->2 MB, 4 MB goal, 0 MB stacks, 0 MB globals, 8 P
gc 3084 @232.773s 0%: 0.043+0.75+0.031 ms clock, 0.35+0.034/1.2/2.6+0.25 ms cpu, 4->4->1 MB, 4 MB goal, 0 MB stacks, 0 MB globals, 8 P
gc 3085 @232.844s 0%: 0.045+1.0+0.051 ms clock, 0.36+0.034/1.7/3.8+0.40 ms cpu, 3->4->2 MB, 4 MB goal, 0 MB stacks, 0 MB globals, 8 P
gc 3086 @232.918s 0%: 0.044+1.0+0.030 ms clock, 0.35+0.034/1.8/4.3+0.24 ms cpu, 4->4->1 MB, 4 MB goal, 0 MB stacks, 0 MB globals, 8 P
gc 3087 @232.993s 0%: 0.053+0.80+0.003 ms clock, 0.43+0.039/1.3/2.7+0.027 ms cpu, 3->4->2 MB, 4 MB goal, 0 MB stacks, 0 MB globals, 8 P
gc 3088 @233.068s 0%: 0.037+1.0+0.009 ms clock, 0.29+0.033/1.8/4.6+0.072 ms cpu, 4->4->2 MB, 5 MB goal, 0 MB stacks, 0 MB globals, 8 P
gc 3089 @233.137s 0%: 0.047+1.0+0.003 ms clock, 0.38+0.043/1.7/4.1+0.027 ms cpu, 4->4->2 MB, 4 MB goal, 0 MB stacks, 0 MB globals, 8 P
gc 3090 @233.213s 0%: 0.044+0.84+0.004 ms clock, 0.35+0.035/1.4/3.5+0.034 ms cpu, 4->4->1 MB, 4 MB goal, 0 MB stacks, 0 MB globals, 8 P
gc 3091 @233.263s 0%: 0.14+0.80+0.009 ms clock, 1.1+1.1/1.2/0.74+0.078 ms cpu, 4->4->2 MB, 4 MB goal, 0 MB stacks, 0 MB globals, 8 P
gc 3092 @233.346s 0%: 0.042+0.83+0.028 ms clock, 0.34+0.035/1.4/3.3+0.22 ms cpu, 4->4->2 MB, 5 MB goal, 0 MB stacks, 0 MB globals, 8 P
gc 3093 @233.416s 0%: 0.037+0.78+0.003 ms clock, 0.29+0.035/1.4/3.1+0.027 ms cpu, 4->4->1 MB, 5 MB goal, 0 MB stacks, 0 MB globals, 8 P
gc 3094 @233.490s 0%: 0.041+0.97+0.006 ms clock, 0.33+0.036/1.6/4.0+0.048 ms cpu, 4->4->1 MB, 4 MB goal, 0 MB stacks, 0 MB globals, 8 P
gc 3095 @233.567s 0%: 0.044+1.0+0.038 ms clock, 0.35+0.034/1.9/4.2+0.30 ms cpu, 4->4->2 MB, 4 MB goal, 0 MB stacks, 0 MB globals, 8 P
gc 3096 @233.639s 0%: 0.040+1.1+0.006 ms clock, 0.32+0.033/2.0/4.4+0.052 ms cpu, 4->4->2 MB, 5 MB goal, 0 MB stacks, 0 MB globals, 8 P
gc 3097 @233.719s 0%: 0.039+0.98+0.013 ms clock, 0.31+0.037/1.7/4.3+0.10 ms cpu, 4->4->1 MB, 5 MB goal, 0 MB stacks, 0 MB globals, 8 P
gc 3098 @233.800s 0%: 0.044+0.84+0.009 ms clock, 0.35+0.037/1.4/3.2+0.078 ms cpu, 4->4->2 MB, 4 MB goal, 0 MB stacks, 0 MB globals, 8 P
gc 3099 @233.870s 0%: 0.044+0.78+0.030 ms clock, 0.35+0.038/1.2/2.4+0.24 ms cpu, 4->4->2 MB, 4 MB goal, 0 MB stacks, 0 MB globals, 8 P
gc 3100 @233.951s 0%: 0.044+0.78+0.028 ms clock, 0.35+0.037/1.3/2.8+0.23 ms cpu, 4->4->1 MB, 4 MB goal, 0 MB stacks, 0 MB globals, 8 P
gc 3101 @234.023s 0%: 0.045+1.0+0.004 ms clock, 0.36+0.037/1.9/4.6+0.035 ms cpu, 4->4->2 MB, 4 MB goal, 0 MB stacks, 0 MB globals, 8 P
gc 3102 @234.102s 0%: 0.060+1.7+0.35 ms clock, 0.48+0.044/1.0/0+2.8 ms cpu, 4->4->1 MB, 4 MB goal, 0 MB stacks, 0 MB globals, 8 P
gc 3103 @234.159s 0%: 0.040+0.81+0.010 ms clock, 0.32+0.034/1.4/3.2+0.080 ms cpu, 4->4->2 MB, 4 MB goal, 0 MB stacks, 0 MB globals, 8 P
gc 3104 @234.241s 0%: 0.040+0.94+0.026 ms clock, 0.32+0.039/1.6/3.7+0.21 ms cpu, 4->4->2 MB, 5 MB goal, 0 MB stacks, 0 MB globals, 8 P
gc 3105 @234.278s 0%: 0.041+0.72+0.004 ms clock, 0.33+0.051/1.2/2.9+0.034 ms cpu, 4->4->2 MB, 5 MB goal, 0 MB stacks, 0 MB globals, 8 P
gc 3106 @234.363s 0%: 0.043+0.89+0.040 ms clock, 0.34+0.037/1.4/2.9+0.32 ms cpu, 4->4->1 MB, 5 MB goal, 0 MB stacks, 0 MB globals, 8 P
gc 3107 @234.430s 0%: 0.040+0.87+0.045 ms clock, 0.32+0.034/1.5/3.2+0.36 ms cpu, 3->4->2 MB, 4 MB goal, 0 MB stacks, 0 MB globals, 8 P
gc 3108 @234.506s 0%: 0.045+1.0+0.030 ms clock, 0.36+0.034/1.8/4.1+0.24 ms cpu, 4->4->2 MB, 4 MB goal, 0 MB stacks, 0 MB globals, 8 P
gc 3109 @234.578s 0%: 0.040+0.97+0.034 ms clock, 0.32+0.034/1.7/4.0+0.27 ms cpu, 4->4->2 MB, 4 MB goal, 0 MB stacks, 0 MB globals, 8 P
gc 3110 @234.665s 0%: 0.044+0.88+0.006 ms clock, 0.35+0.034/1.4/3.2+0.053 ms cpu, 4->4->1 MB, 5 MB goal, 0 MB stacks, 0 MB globals, 8 P
gc 3111 @234.735s 0%: 0.042+0.74+0.027 ms clock, 0.33+0.038/1.1/2.5+0.22 ms cpu, 3->4->2 MB, 4 MB goal, 0 MB stacks, 0 MB globals, 8 P
gc 3112 @234.808s 0%: 0.044+0.97+0.003 ms clock, 0.35+0.033/1.8/4.1+0.030 ms cpu, 4->4->1 MB, 4 MB goal, 0 MB stacks, 0 MB globals, 8 P
gc 3113 @234.890s 0%: 0.043+0.94+0.004 ms clock, 0.35+0.038/1.5/3.8+0.036 ms cpu, 4->4->1 MB, 4 MB goal, 0 MB stacks, 0 MB globals, 8 P
gc 3114 @234.973s 0%: 0.042+1.0+0.015 ms clock, 0.34+0.037/1.9/4.2+0.12 ms cpu, 4->4->1 MB, 4 MB goal, 0 MB stacks, 0 MB globals, 8 P
gc 3115 @235.010s 0%: 0.049+1.1+0.052 ms clock, 0.39+0.039/1.8/3.7+0.41 ms cpu, 4->4->2 MB, 4 MB goal, 0 MB stacks, 0 MB globals, 8 P
gc 3116 @235.091s 0%: 0.042+9.4+0.007 ms clock, 0.34+0.035/2.5/21+0.057 ms cpu, 4->4->2 MB, 4 MB goal, 0 MB stacks, 0 MB globals, 8 P
gc 3117 @235.174s 0%: 0.040+0.83+0.023 ms clock, 0.32+0.035/1.2/3.0+0.19 ms cpu, 4->4->2 MB, 5 MB goal, 0 MB stacks, 0 MB globals, 8 P
gc 3118 @235.248s 0%: 0.037+0.83+0.024 ms clock, 0.29+0.034/1.3/2.8+0.19 ms cpu, 4->4->1 MB, 4 MB goal, 0 MB stacks, 0 MB globals, 8 P
gc 3119 @235.286s 0%: 0.034+1.0+0.031 ms clock, 0.27+0.035/1.8/4.1+0.25 ms cpu, 4->4->2 MB, 4 MB goal, 0 MB stacks, 0 MB globals, 8 P
gc 3120 @235.364s 0%: 0.042+0.69+0.003 ms clock, 0.33+0.034/1.2/2.8+0.029 ms cpu, 4->4->1 MB, 5 MB goal, 0 MB stacks, 0 MB globals, 8 P
gc 3121 @235.440s 0%: 0.038+0.82+0.016 ms clock, 0.30+0.034/1.3/2.8+0.13 ms cpu, 4->4->2 MB, 4 MB goal, 0 MB stacks, 0 MB globals, 8 P
gc 3122 @235.527s 0%: 0.039+0.85+0.006 ms clock, 0.31+0.051/1.4/3.0+0.050 ms cpu, 4->4->2 MB, 5 MB goal, 0 MB stacks, 0 MB globals, 8 P
gc 3123 @235.618s 0%: 0.041+0.82+0.027 ms clock, 0.32+0.035/1.4/3.0+0.22 ms cpu, 4->4->1 MB, 5 MB goal, 0 MB stacks, 0 MB globals, 8 P
gc 3124 @235.698s 0%: 0.047+0.73+0.007 ms clock, 0.37+0.031/1.2/2.5+0.058 ms cpu, 3->4->1 MB, 4 MB goal, 0 MB stacks, 0 MB globals, 8 P
gc 3125 @235.782s 0%: 0.039+0.76+0.003 ms clock, 0.31+0.035/1.4/3.0+0.030 ms cpu, 3->4->1 MB, 4 MB goal, 0 MB stacks, 0 MB globals, 8 P
gc 3126 @235.846s 0%: 0.044+0.91+0.003 ms clock, 0.35+0.033/1.7/3.7+0.029 ms cpu, 3->4->2 MB, 4 MB goal, 0 MB stacks, 0 MB globals, 8 P
gc 3127 @235.931s 0%: 0.036+0.70+0.003 ms clock, 0.29+0.036/1.2/2.5+0.029 ms cpu, 4->4->1 MB, 5 MB goal, 0 MB stacks, 0 MB globals, 8 P
gc 3128 @236.002s 0%: 0.041+1.0+0.011 ms clock, 0.33+0.036/1.8/4.1+0.090 ms cpu, 4->4->2 MB, 4 MB goal, 0 MB stacks, 0 MB globals, 8 P
gc 3129 @236.088s 0%: 0.036+0.79+0.015 ms clock, 0.29+0.036/1.3/3.2+0.12 ms cpu, 4->4->2 MB, 5 MB goal, 0 MB stacks, 0 MB globals, 8 P
gc 3130 @236.150s 0%: 0.041+0.89+0.029 ms clock, 0.33+0.038/1.5/3.1+0.23 ms cpu, 4->4->2 MB, 5 MB goal, 0 MB stacks, 0 MB globals, 8 P
gc 3131 @236.230s 0%: 0.037+0.92+0.007 ms clock, 0.30+0.034/1.7/4.0+0.062 ms cpu, 4->4->2 MB, 5 MB goal, 0 MB stacks, 0 MB globals, 8 P
gc 3132 @236.275s 0%: 0.19+0.77+0.006 ms clock, 1.5+1.1/1.3/1.0+0.049 ms cpu, 4->4->2 MB, 4 MB goal, 0 MB stacks, 0 MB globals, 8 P
gc 3133 @236.356s 0%: 0.041+0.96+0.003 ms clock, 0.33+0.040/1.8/4.2+0.031 ms cpu, 4->4->2 MB, 5 MB goal, 0 MB stacks, 0 MB globals, 8 P
gc 3134 @236.418s 0%: 0.085+1.4+0.013 ms clock, 0.68+0.038/2.2/1.9+0.10 ms cpu, 4->4->2 MB, 4 MB goal, 0 MB stacks, 0 MB globals, 8 P
gc 3135 @236.501s 0%: 0.040+1.1+0.004 ms clock, 0.32+0.034/2.1/5.2+0.035 ms cpu, 4->4->2 MB, 5 MB goal, 0 MB stacks, 0 MB globals, 8 P
gc 3136 @236.582s 0%: 0.039+0.99+0.004 ms clock, 0.31+0.035/1.7/3.9+0.035 ms cpu, 4->4->1 MB, 5 MB goal, 0 MB stacks, 0 MB globals, 8 P
gc 3137 @236.655s 0%: 0.042+1.0+0.016 ms clock, 0.33+0.033/1.9/4.2+0.13 ms cpu, 3->4->1 MB, 4 MB goal, 0 MB stacks, 0 MB globals, 8 P
gc 3138 @236.729s 0%: 0.037+1.0+0.003 ms clock, 0.29+0.038/1.9/4.4+0.028 ms cpu, 3->4->1 MB, 4 MB goal, 0 MB stacks, 0 MB globals, 8 P
gc 3139 @236.806s 0%: 0.038+1.1+0.005 ms clock, 0.31+0.039/1.9/4.6+0.041 ms cpu, 3->4->2 MB, 4 MB goal, 0 MB stacks, 0 MB globals, 8 P
gc 3140 @236.884s 0%: 0.036+1.1+0.005 ms clock, 0.29+0.041/2.0/5.0+0.042 ms cpu, 4->4->1 MB, 4 MB goal, 0 MB stacks, 0 MB globals, 8 P
gc 3141 @236.961s 0%: 0.044+0.93+0.003 ms clock, 0.35+0.034/1.6/3.9+0.030 ms cpu, 4->4->1 MB, 4 MB goal, 0 MB stacks, 0 MB globals, 8 P
gc 3142 @237.033s 0%: 0.029+0.92+0.003 ms clock, 0.23+0.039/1.5/3.2+0.030 ms cpu, 3->4->1 MB, 4 MB goal, 0 MB stacks, 0 MB globals, 8 P
gc 3143 @237.112s 0%: 0.033+1.1+0.016 ms clock, 0.26+0.039/1.9/5.0+0.12 ms cpu, 3->4->2 MB, 4 MB goal, 0 MB stacks, 0 MB globals, 8 P
gc 3144 @237.188s 0%: 0.037+1.1+0.028 ms clock, 0.29+0.035/1.9/4.8+0.22 ms cpu, 4->4->2 MB, 4 MB goal, 0 MB stacks, 0 MB globals, 8 P
gc 3145 @237.268s 0%: 0.040+0.82+0.007 ms clock, 0.32+0.034/1.4/2.8+0.056 ms cpu, 4->4->1 MB, 4 MB goal, 0 MB stacks, 0 MB globals, 8 P
gc 3146 @237.299s 0%: 0.044+0.81+0.010 ms clock, 0.35+0.038/1.3/3.0+0.087 ms cpu, 3->3->2 MB, 4 MB goal, 0 MB stacks, 0 MB globals, 8 P
gc 3147 @237.380s 0%: 0.037+0.86+0.029 ms clock, 0.30+0.035/1.5/3.5+0.23 ms cpu, 4->4->1 MB, 5 MB goal, 0 MB stacks, 0 MB globals, 8 P
gc 3148 @237.463s 0%: 0.040+0.81+0.004 ms clock, 0.32+0.047/1.4/2.6+0.034 ms cpu, 3->4->1 MB, 4 MB goal, 0 MB stacks, 0 MB globals, 8 P
gc 3149 @237.540s 0%: 0.047+0.65+0.004 ms clock, 0.37+0.076/1.1/2.5+0.032 ms cpu, 3->4->1 MB, 4 MB goal, 0 MB stacks, 0 MB globals, 8 P
gc 3150 @237.612s 0%: 0.041+0.87+0.005 ms clock, 0.33+0.034/1.3/3.1+0.042 ms cpu, 4->4->2 MB, 4 MB goal, 0 MB stacks, 0 MB globals, 8 P
gc 3151 @237.676s 0%: 0.039+0.94+0.011 ms clock, 0.31+0.035/1.5/3.8+0.094 ms cpu, 4->4->2 MB, 4 MB goal, 0 MB stacks, 0 MB globals, 8 P
gc 3152 @237.756s 0%: 0.11+1.4+0.003 ms clock, 0.95+0.057/2.2/3.9+0.030 ms cpu, 4->4->1 MB, 4 MB goal, 0 MB stacks, 0 MB globals, 8 P
gc 3153 @237.831s 0%: 0.043+0.87+0.005 ms clock, 0.35+0.034/1.6/3.3+0.046 ms cpu, 3->4->2 MB, 4 MB goal, 0 MB stacks, 0 MB globals, 8 P
gc 3154 @237.908s 0%: 0.043+1.0+0.018 ms clock, 0.34+0.039/1.9/4.7+0.15 ms cpu, 4->4->1 MB, 4 MB goal, 0 MB stacks, 0 MB globals, 8 P
gc 3155 @237.981s 0%: 0.037+0.90+0.003 ms clock, 0.30+0.033/1.7/3.6+0.029 ms cpu, 4->4->1 MB, 4 MB goal, 0 MB stacks, 0 MB globals, 8 P
gc 3156 @238.057s 0%: 0.045+0.75+0.023 ms clock, 0.36+0.034/1.1/2.6+0.18 ms cpu, 3->4->1 MB, 4 MB goal, 0 MB stacks, 0 MB globals, 8 P
gc 3157 @238.130s 0%: 0.043+0.85+0.010 ms clock, 0.34+0.034/1.4/2.8+0.087 ms cpu, 3->4->1 MB, 4 MB goal, 0 MB stacks, 0 MB globals, 8 P
gc 3158 @238.208s 0%: 0.040+1.0+0.004 ms clock, 0.32+0.034/1.9/4.5+0.034 ms cpu, 3->4->2 MB, 4 MB goal, 0 MB stacks, 0 MB globals, 8 P
gc 3159 @238.283s 0%: 0.15+0.91+0.024 ms clock, 1.2+2.0/1.6/0.31+0.19 ms cpu, 4->4->2 MB, 5 MB goal, 0 MB stacks, 0 MB globals, 8 P
gc 3160 @238.369s 0%: 0.044+0.79+0.016 ms clock, 0.35+0.051/1.2/2.8+0.13 ms cpu, 4->4->2 MB, 5 MB goal, 0 MB stacks, 0 MB globals, 8 P
gc 3161 @238.442s 0%: 0.037+1.1+0.040 ms clock, 0.30+0.035/1.9/4.0+0.32 ms cpu, 4->4->1 MB, 4 MB goal, 0 MB stacks, 0 MB globals, 8 P
gc 3162 @238.507s 0%: 0.052+0.92+0.037 ms clock, 0.41+0.037/1.5/3.8+0.29 ms cpu, 4->4->2 MB, 4 MB goal, 0 MB stacks, 0 MB globals, 8 P
gc 3163 @238.590s 0%: 0.044+0.76+0.067 ms clock, 0.35+0.036/1.3/3.1+0.53 ms cpu, 4->4->2 MB, 5 MB goal, 0 MB stacks, 0 MB globals, 8 P
gc 3164 @238.654s 0%: 0.044+0.97+0.006 ms clock, 0.35+0.036/1.7/4.1+0.053 ms cpu, 4->4->2 MB, 4 MB goal, 0 MB stacks, 0 MB globals, 8 P
gc 3165 @238.733s 0%: 0.040+1.2+0.030 ms clock, 0.32+0.033/1.9/4.8+0.24 ms cpu, 4->4->2 MB, 5 MB goal, 0 MB stacks, 0 MB globals, 8 P
gc 3166 @238.804s 0%: 0.041+1.0+0.006 ms clock, 0.32+0.034/1.7/3.9+0.051 ms cpu, 4->4->2 MB, 4 MB goal, 0 MB stacks, 0 MB globals, 8 P
gc 3167 @238.887s 0%: 0.069+1.0+0.006 ms clock, 0.55+0.036/1.8/4.0+0.053 ms cpu, 4->4->2 MB, 4 MB goal, 0 MB stacks, 0 MB globals, 8 P
gc 3168 @238.965s 0%: 0.044+1.0+0.003 ms clock, 0.35+0.034/1.9/4.5+0.028 ms cpu, 4->4->2 MB, 4 MB goal, 0 MB stacks, 0 MB globals, 8 P
gc 3169 @239.049s 0%: 0.15+2.8+0.035 ms clock, 1.2+0.056/1.1/0+0.28 ms cpu, 4->4->2 MB, 4 MB goal, 0 MB stacks, 0 MB globals, 8 P
gc 3170 @239.114s 0%: 0.040+1.0+0.003 ms clock, 0.32+0.035/1.9/4.5+0.027 ms cpu, 4->4->1 MB, 4 MB goal, 0 MB stacks, 0 MB globals, 8 P
gc 3171 @239.178s 0%: 0.058+1.5+0.005 ms clock, 0.46+0.061/2.2/2.2+0.040 ms cpu, 4->4->2 MB, 4 MB goal, 0 MB stacks, 0 MB globals, 8 P
gc 3172 @239.253s 0%: 0.036+0.93+0.060 ms clock, 0.29+0.034/1.5/3.3+0.48 ms cpu, 4->4->1 MB, 4 MB goal, 0 MB stacks, 0 MB globals, 8 P
gc 3173 @239.295s 0%: 0.043+1.0+0.005 ms clock, 0.34+0.033/1.7/3.6+0.041 ms cpu, 4->4->2 MB, 4 MB goal, 0 MB stacks, 0 MB globals, 8 P
gc 3174 @239.384s 0%: 0.034+1.0+0.012 ms clock, 0.27+0.034/1.6/3.6+0.10 ms cpu, 4->4->1 MB, 4 MB goal, 0 MB stacks, 0 MB globals, 8 P
gc 3175 @239.471s 0%: 0.055+0.91+0.030 ms clock, 0.44+0.037/1.5/3.7+0.24 ms cpu, 4->4->1 MB, 4 MB goal, 0 MB stacks, 0 MB globals, 8 P
gc 3176 @239.538s 0%: 0.048+1.0+0.003 ms clock, 0.38+0.036/1.7/4.1+0.026 ms cpu, 3->4->1 MB, 4 MB goal, 0 MB stacks, 0 MB globals, 8 P
gc 3177 @239.592s 0%: 0.025+1.8+0.008 ms clock, 0.20+0.083/1.7/0.89+0.064 ms cpu, 4->4->2 MB, 4 MB goal, 0 MB stacks, 0 MB globals, 8 P
gc 3178 @239.664s 0%: 0.036+0.78+0.018 ms clock, 0.28+0.033/1.4/2.8+0.14 ms cpu, 4->4->1 MB, 4 MB goal, 0 MB stacks, 0 MB globals, 8 P
gc 3179 @239.740s 0%: 0.035+0.72+0.002 ms clock, 0.28+0.034/1.2/3.0+0.022 ms cpu, 3->4->1 MB, 4 MB goal, 0 MB stacks, 0 MB globals, 8 P
gc 3180 @239.819s 0%: 0.037+1.0+0.015 ms clock, 0.30+0.033/1.8/4.1+0.12 ms cpu, 4->4->2 MB, 4 MB goal, 0 MB stacks, 0 MB globals, 8 P
gc 3181 @239.894s 0%: 0.038+0.92+0.023 ms clock, 0.30+0.035/1.4/3.1+0.19 ms cpu, 4->4->2 MB, 4 MB goal, 0 MB stacks, 0 MB globals, 8 P
gc 3182 @239.968s 0%: 0.037+0.93+0.009 ms clock, 0.29+0.033/1.7/4.0+0.077 ms cpu, 4->4->1 MB, 4 MB goal, 0 MB stacks, 0 MB globals, 8 P
gc 3183 @240.012s 0%: 0.040+0.79+0.003 ms clock, 0.32+0.037/1.3/2.7+0.031 ms cpu, 3->3->1 MB, 4 MB goal, 0 MB stacks, 0 MB globals, 8 P
gc 3184 @240.097s 0%: 0.094+1.0+0.016 ms clock, 0.75+0.37/1.9/3.3+0.13 ms cpu, 3->4->1 MB, 4 MB goal, 0 MB stacks, 0 MB globals, 8 P
gc 3185 @240.180s 0%: 0.037+0.85+0.011 ms clock, 0.30+0.035/1.4/3.3+0.090 ms cpu, 3->4->1 MB, 4 MB goal, 0 MB stacks, 0 MB globals, 8 P
gc 3186 @240.253s 0%: 0.044+0.96+0.032 ms clock, 0.35+0.030/1.6/3.9+0.25 ms cpu, 3->4->1 MB, 4 MB goal, 0 MB stacks, 0 MB globals, 8 P
gc 3187 @240.290s 0%: 0.10+0.77+0.019 ms clock, 0.82+0.56/1.3/1.9+0.15 ms cpu, 3->4->2 MB, 4 MB goal, 0 MB stacks, 0 MB globals, 8 P
gc 3188 @240.371s 0%: 0.059+0.90+0.014 ms clock, 0.47+0.034/1.6/3.6+0.11 ms cpu, 4->4->1 MB, 5 MB goal, 0 MB stacks, 0 MB globals, 8 P
gc 3189 @240.446s 0%: 0.046+0.67+0.003 ms clock, 0.37+0.036/1.2/2.4+0.029 ms cpu, 4->4->1 MB, 4 MB goal, 0 MB stacks, 0 MB globals, 8 P
gc 3190 @240.524s 0%: 0.037+0.90+0.004 ms clock, 0.29+0.039/1.6/4.0+0.035 ms cpu, 3->4->2 MB, 4 MB goal, 0 MB stacks, 0 MB globals, 8 P
gc 3191 @240.597s 0%: 0.040+0.82+0.022 ms clock, 0.32+0.035/1.3/2.7+0.17 ms cpu, 4->4->2 MB, 4 MB goal, 0 MB stacks, 0 MB globals, 8 P
gc 3192 @240.671s 0%: 0.038+0.78+0.020 ms clock, 0.31+0.037/1.3/2.9+0.16 ms cpu, 4->4->1 MB, 5 MB goal, 0 MB stacks, 0 MB globals, 8 P
gc 3193 @240.743s 0%: 0.040+0.94+0.008 ms clock, 0.32+0.034/1.6/3.4+0.066 ms cpu, 3->3->1 MB, 4 MB goal, 0 MB stacks, 0 MB globals, 8 P
gc 3194 @240.821s 0%: 0.048+1.2+0.003 ms clock, 0.38+0.039/2.1/4.3+0.030 ms cpu, 3->4->2 MB, 4 MB goal, 0 MB stacks, 0 MB globals, 8 P
gc 3195 @240.899s 0%: 0.057+0.88+0.043 ms clock, 0.45+0.037/1.5/3.2+0.34 ms cpu, 4->5->2 MB, 5 MB goal, 0 MB stacks, 0 MB globals, 8 P
gc 3196 @240.988s 0%: 0.039+0.82+0.024 ms clock, 0.31+0.036/1.4/3.0+0.19 ms cpu, 4->4->2 MB, 5 MB goal, 0 MB stacks, 0 MB globals, 8 P
gc 3197 @241.061s 0%: 0.044+0.67+0.040 ms clock, 0.35+0.035/1.1/2.3+0.32 ms cpu, 4->4->1 MB, 5 MB goal, 0 MB stacks, 0 MB globals, 8 P
gc 3198 @241.138s 0%: 0.050+1.0+0.013 ms clock, 0.40+0.036/1.8/4.3+0.10 ms cpu, 4->4->2 MB, 4 MB goal, 0 MB stacks, 0 MB globals, 8 P
gc 3199 @241.214s 0%: 0.039+0.76+0.038 ms clock, 0.31+0.036/1.2/2.6+0.30 ms cpu, 4->4->1 MB, 4 MB goal, 0 MB stacks, 0 MB globals, 8 P
gc 3200 @241.285s 0%: 0.042+0.90+0.003 ms clock, 0.33+0.035/1.7/3.9+0.025 ms cpu, 3->4->1 MB, 4 MB goal, 0 MB stacks, 0 MB globals, 8 P
gc 3201 @241.321s 0%: 0.045+0.86+0.008 ms clock, 0.36+0.034/1.3/3.5+0.071 ms cpu, 4->4->2 MB, 4 MB goal, 0 MB stacks, 0 MB globals, 8 P
gc 3202 @241.401s 0%: 0.044+0.91+0.023 ms clock, 0.35+0.033/1.5/3.4+0.18 ms cpu, 4->4->2 MB, 5 MB goal, 0 MB stacks, 0 MB globals, 8 P
gc 3203 @241.478s 0%: 0.040+0.85+0.003 ms clock, 0.32+0.033/1.6/3.2+0.027 ms cpu, 4->4->1 MB, 4 MB goal, 0 MB stacks, 0 MB globals, 8 P
gc 3204 @241.559s 0%: 0.045+1.0+0.015 ms clock, 0.36+0.034/1.8/4.3+0.12 ms cpu, 3->4->1 MB, 4 MB goal, 0 MB stacks, 0 MB globals, 8 P
gc 3205 @241.641s 0%: 0.042+0.90+0.015 ms clock, 0.33+0.035/1.6/3.7+0.12 ms cpu, 3->4->1 MB, 4 MB goal, 0 MB stacks, 0 MB globals, 8 P
gc 3206 @241.707s 0%: 0.048+0.62+0.003 ms clock, 0.38+0.034/1.0/2.2+0.031 ms cpu, 3->4->1 MB, 4 MB goal, 0 MB stacks, 0 MB globals, 8 P
gc 3207 @241.785s 0%: 0.047+1.0+0.006 ms clock, 0.38+0.039/1.8/4.2+0.055 ms cpu, 3->4->1 MB, 4 MB goal, 0 MB stacks, 0 MB globals, 8 P
gc 3208 @241.867s 0%: 0.040+1.0+0.021 ms clock, 0.32+0.035/1.8/4.1+0.17 ms cpu, 4->4->1 MB, 4 MB goal, 0 MB stacks, 0 MB globals, 8 P
gc 3209 @241.942s 0%: 0.053+0.72+0.003 ms clock, 0.43+0.033/1.2/2.9+0.025 ms cpu, 4->4->1 MB, 4 MB goal, 0 MB stacks, 0 MB globals, 8 P
gc 3210 @242.016s 0%: 0.044+1.0+0.019 ms clock, 0.35+0.035/1.8/3.9+0.15 ms cpu, 3->4->1 MB, 4 MB goal, 0 MB stacks, 0 MB globals, 8 P
gc 3211 @242.089s 0%: 0.071+0.72+0.008 ms clock, 0.57+0.036/1.3/2.9+0.068 ms cpu, 3->4->2 MB, 4 MB goal, 0 MB stacks, 0 MB globals, 8 P
gc 3212 @242.169s 0%: 0.040+0.87+0.012 ms clock, 0.32+0.033/1.5/2.8+0.10 ms cpu, 4->4->1 MB, 4 MB goal, 0 MB stacks, 0 MB globals, 8 P
gc 3213 @242.241s 0%: 0.041+0.85+0.003 ms clock, 0.33+0.057/1.5/3.3+0.029 ms cpu, 3->4->1 MB, 4 MB goal, 0 MB stacks, 0 MB globals, 8 P
gc 3214 @242.299s 0%: 0.073+0.84+0.005 ms clock, 0.58+1.2/1.4/0.66+0.045 ms cpu, 3->4->2 MB, 4 MB goal, 0 MB stacks, 0 MB globals, 8 P
gc 3215 @242.389s 0%: 0.040+0.93+0.003 ms clock, 0.32+0.035/1.7/4.0+0.027 ms cpu, 4->4->2 MB, 5 MB goal, 0 MB stacks, 0 MB globals, 8 P
gc 3216 @242.465s 0%: 0.037+0.89+0.004 ms clock, 0.29+0.035/1.5/3.7+0.038 ms cpu, 4->4->2 MB, 4 MB goal, 0 MB stacks, 0 MB globals, 8 P
gc 3217 @242.540s 0%: 0.047+1.0+0.003 ms clock, 0.37+0.033/2.0/4.6+0.026 ms cpu, 4->4->2 MB, 4 MB goal, 0 MB stacks, 0 MB globals, 8 P
gc 3218 @242.619s 0%: 0.046+0.79+0.021 ms clock, 0.36+0.034/1.3/2.7+0.17 ms cpu, 4->4->2 MB, 5 MB goal, 0 MB stacks, 0 MB globals, 8 P
gc 3219 @242.695s 0%: 0.037+0.98+0.027 ms clock, 0.29+0.048/1.7/3.9+0.21 ms cpu, 4->4->2 MB, 5 MB goal, 0 MB stacks, 0 MB globals, 8 P
gc 3220 @242.770s 0%: 0.053+0.86+0.013 ms clock, 0.43+0.084/1.4/3.3+0.10 ms cpu, 4->4->1 MB, 5 MB goal, 0 MB stacks, 0 MB globals, 8 P
gc 3221 @242.834s 0%: 0.043+0.86+0.028 ms clock, 0.35+0.038/1.4/3.3+0.22 ms cpu, 3->4->2 MB, 4 MB goal, 0 MB stacks, 0 MB globals, 8 P
gc 3222 @242.911s 0%: 0.052+0.94+0.046 ms clock, 0.41+0.064/1.4/2.6+0.36 ms cpu, 4->4->1 MB, 4 MB goal, 0 MB stacks, 0 MB globals, 8 P
gc 3223 @242.984s 0%: 0.039+0.83+0.017 ms clock, 0.31+0.031/1.3/2.3+0.13 ms cpu, 3->4->1 MB, 4 MB goal, 0 MB stacks, 0 MB globals, 8 P
gc 3224 @243.061s 0%: 0.043+0.94+0.003 ms clock, 0.34+0.036/1.5/3.5+0.031 ms cpu, 4->4->1 MB, 4 MB goal, 0 MB stacks, 0 MB globals, 8 P
gc 3225 @243.135s 0%: 0.036+0.84+0.013 ms clock, 0.29+0.033/1.4/3.1+0.10 ms cpu, 4->4->2 MB, 4 MB goal, 0 MB stacks, 0 MB globals, 8 P
gc 3226 @243.204s 0%: 0.036+0.69+0.003 ms clock, 0.29+0.033/1.2/2.8+0.028 ms cpu, 4->4->1 MB, 4 MB goal, 0 MB stacks, 0 MB globals, 8 P
gc 3227 @243.279s 0%: 0.038+0.85+0.004 ms clock, 0.30+0.033/1.5/3.2+0.037 ms cpu, 3->4->1 MB, 4 MB goal, 0 MB stacks, 0 MB globals, 8 P
gc 3228 @243.307s 0%: 0.047+0.75+0.017 ms clock, 0.38+0.036/1.2/2.5+0.13 ms cpu, 3->3->2 MB, 4 MB goal, 0 MB stacks, 0 MB globals, 8 P
gc 3229 @243.389s 0%: 0.039+1.0+0.007 ms clock, 0.31+0.034/1.9/4.2+0.063 ms cpu, 4->4->2 MB, 4 MB goal, 0 MB stacks, 0 MB globals, 8 P
gc 3230 @243.465s 0%: 0.039+1.0+0.003 ms clock, 0.31+0.037/1.9/3.9+0.030 ms cpu, 4->4->2 MB, 4 MB goal, 0 MB stacks, 0 MB globals, 8 P
gc 3231 @243.544s 0%: 0.046+0.98+0.004 ms clock, 0.37+0.032/1.8/4.6+0.033 ms cpu, 4->4->1 MB, 4 MB goal, 0 MB stacks, 0 MB globals, 8 P
gc 3232 @243.619s 0%: 0.042+1.0+0.003 ms clock, 0.33+0.033/1.9/4.5+0.027 ms cpu, 3->4->1 MB, 4 MB goal, 0 MB stacks, 0 MB globals, 8 P
gc 3233 @243.687s 0%: 0.039+1.0+0.014 ms clock, 0.31+0.030/1.8/3.9+0.11 ms cpu, 3->4->2 MB, 4 MB goal, 0 MB stacks, 0 MB globals, 8 P
gc 3234 @243.764s 0%: 0.045+1.0+0.003 ms clock, 0.36+0.034/1.9/4.4+0.029 ms cpu, 4->4->1 MB, 5 MB goal, 0 MB stacks, 0 MB globals, 8 P
gc 3235 @243.837s 0%: 0.052+1.1+0.015 ms clock, 0.42+0.060/2.0/4.9+0.12 ms cpu, 3->4->1 MB, 4 MB goal, 0 MB stacks, 0 MB globals, 8 P
gc 3236 @243.911s 0%: 0.039+0.80+0.023 ms clock, 0.31+0.035/1.3/2.8+0.18 ms cpu, 3->4->2 MB, 4 MB goal, 0 MB stacks, 0 MB globals, 8 P
gc 3237 @243.981s 0%: 0.039+0.65+0.003 ms clock, 0.31+0.041/1.1/2.4+0.029 ms cpu, 4->4->1 MB, 4 MB goal, 0 MB stacks, 0 MB globals, 8 P
gc 3238 @244.062s 0%: 0.043+0.74+0.023 ms clock, 0.34+0.041/1.2/2.6+0.18 ms cpu, 3->4->2 MB, 4 MB goal, 0 MB stacks, 0 MB globals, 8 P
gc 3239 @244.144s 0%: 0.042+0.91+0.003 ms clock, 0.33+0.036/1.7/3.7+0.029 ms cpu, 4->4->1 MB, 5 MB goal, 0 MB stacks, 0 MB globals, 8 P
gc 3240 @244.216s 0%: 0.050+0.85+0.011 ms clock, 0.40+0.035/1.3/3.3+0.092 ms cpu, 3->4->1 MB, 4 MB goal, 0 MB stacks, 0 MB globals, 8 P
gc 3241 @244.290s 0%: 0.050+0.98+0.014 ms clock, 0.40+0.035/1.7/4.0+0.11 ms cpu, 3->4->1 MB, 4 MB goal, 0 MB stacks, 0 MB globals, 8 P
gc 3242 @244.326s 0%: 0.047+0.67+0.003 ms clock, 0.38+0.038/1.1/2.2+0.028 ms cpu, 3->3->2 MB, 4 MB goal, 0 MB stacks, 0 MB globals, 8 P
gc 3243 @244.404s 0%: 0.040+0.86+0.003 ms clock, 0.32+0.034/1.4/2.9+0.027 ms cpu, 4->4->1 MB, 4 MB goal, 0 MB stacks, 0 MB globals, 8 P
gc 3244 @244.483s 0%: 0.042+0.92+0.003 ms clock, 0.34+0.034/1.5/3.6+0.028 ms cpu, 3->4->2 MB, 4 MB goal, 0 MB stacks, 0 MB globals, 8 P
gc 3245 @244.553s 0%: 0.039+0.89+0.012 ms clock, 0.31+0.033/1.5/3.7+0.097 ms cpu, 4->4->2 MB, 4 MB goal, 0 MB stacks, 0 MB globals, 8 P
gc 3246 @244.642s 0%: 0.044+0.70+0.004 ms clock, 0.35+0.045/1.2/2.3+0.035 ms cpu, 4->4->1 MB, 5 MB goal, 0 MB stacks, 0 MB globals, 8 P
gc 3247 @244.707s 0%: 0.037+0.97+0.003 ms clock, 0.29+0.033/1.8/3.9+0.030 ms cpu, 4->4->1 MB, 4 MB goal, 0 MB stacks, 0 MB globals, 8 P
gc 3248 @244.771s 0%: 0.041+0.79+0.013 ms clock, 0.32+0.033/1.1/2.8+0.10 ms cpu, 3->4->1 MB, 4 MB goal, 0 MB stacks, 0 MB globals, 8 P
gc 3249 @244.841s 0%: 0.037+0.92+0.022 ms clock, 0.29+0.035/1.6/3.7+0.17 ms cpu, 3->4->1 MB, 4 MB goal, 0 MB stacks, 0 MB globals, 8 P
gc 3250 @244.915s 0%: 0.041+0.90+0.004 ms clock, 0.33+0.033/1.4/3.3+0.033 ms cpu, 3->4->1 MB, 4 MB goal, 0 MB stacks, 0 MB globals, 8 P
gc 3251 @244.989s 0%: 0.040+0.83+0.004 ms clock, 0.32+0.035/1.4/3.2+0.036 ms cpu, 3->4->1 MB, 4 MB goal, 0 MB stacks, 0 MB globals, 8 P
gc 3252 @245.038s 0%: 0.035+0.87+0.014 ms clock, 0.28+0.036/1.4/3.1+0.11 ms cpu, 3->4->2 MB, 4 MB goal, 0 MB stacks, 0 MB globals, 8 P
gc 3253 @245.108s 0%: 0.037+1.0+0.007 ms clock, 0.30+0.032/1.7/3.9+0.062 ms cpu, 4->4->1 MB, 4 MB goal, 0 MB stacks, 0 MB globals, 8 P
gc 3254 @245.179s 0%: 0.039+0.81+0.013 ms clock, 0.31+0.037/1.3/2.7+0.10 ms cpu, 3->4->1 MB, 4 MB goal, 0 MB stacks, 0 MB globals, 8 P
gc 3255 @245.262s 0%: 0.042+1.0+0.009 ms clock, 0.33+0.035/1.7/3.7+0.075 ms cpu, 4->4->2 MB, 4 MB goal, 0 MB stacks, 0 MB globals, 8 P
gc 3256 @245.311s 0%: 0.19+0.82+0.079 ms clock, 1.5+1.9/1.3/0.55+0.63 ms cpu, 4->4->2 MB, 4 MB goal, 0 MB stacks, 0 MB globals, 8 P
gc 3257 @245.390s 0%: 0.046+0.99+0.009 ms clock, 0.37+0/1.8/4.2+0.073 ms cpu, 4->4->2 MB, 5 MB goal, 0 MB stacks, 0 MB globals, 8 P
gc 3258 @245.463s 0%: 0.045+0.87+0.003 ms clock, 0.36+0.037/1.6/3.4+0.029 ms cpu, 4->4->2 MB, 4 MB goal, 0 MB stacks, 0 MB globals, 8 P
gc 3259 @245.534s 0%: 0.048+0.95+0.034 ms clock, 0.39+0.035/1.7/4.2+0.27 ms cpu, 4->4->1 MB, 4 MB goal, 0 MB stacks, 0 MB globals, 8 P
gc 3260 @245.614s 0%: 0.048+0.98+0.027 ms clock, 0.38+0.036/1.6/3.7+0.22 ms cpu, 3->4->1 MB, 4 MB goal, 0 MB stacks, 0 MB globals, 8 P
gc 3261 @245.694s 0%: 0.045+0.82+0.016 ms clock, 0.36+0.034/1.0/2.2+0.13 ms cpu, 3->4->1 MB, 4 MB goal, 0 MB stacks, 0 MB globals, 8 P
gc 3262 @245.775s 0%: 0.042+1.0+0.008 ms clock, 0.34+0.035/1.8/4.0+0.065 ms cpu, 4->4->2 MB, 4 MB goal, 0 MB stacks, 0 MB globals, 8 P
gc 3263 @245.851s 0%: 0.036+0.94+0.024 ms clock, 0.28+0.034/1.6/3.8+0.19 ms cpu, 4->4->1 MB, 4 MB goal, 0 MB stacks, 0 MB globals, 8 P
gc 3264 @245.929s 0%: 0.037+0.80+0.004 ms clock, 0.29+0.033/1.4/3.2+0.032 ms cpu, 3->4->1 MB, 4 MB goal, 0 MB stacks, 0 MB globals, 8 P
gc 3265 @246.008s 0%: 0.039+0.80+0.028 ms clock, 0.31+0.038/1.2/3.2+0.23 ms cpu, 3->4->1 MB, 4 MB goal, 0 MB stacks, 0 MB globals, 8 P
gc 3266 @246.085s 0%: 0.033+0.88+0.003 ms clock, 0.26+0.028/1.6/3.6+0.031 ms cpu, 3->4->1 MB, 4 MB goal, 0 MB stacks, 0 MB globals, 8 P
gc 3267 @246.159s 0%: 0.039+0.80+0.010 ms clock, 0.31+0.033/1.3/2.6+0.083 ms cpu, 3->4->1 MB, 4 MB goal, 0 MB stacks, 0 MB globals, 8 P
gc 3268 @246.235s 0%: 0.036+0.98+0.048 ms clock, 0.29+0.034/1.6/3.6+0.38 ms cpu, 3->4->2 MB, 4 MB goal, 0 MB stacks, 0 MB globals, 8 P
gc 3269 @246.311s 0%: 0.066+1.0+0.009 ms clock, 0.52+0.10/1.6/2.2+0.073 ms cpu, 4->4->1 MB, 5 MB goal, 0 MB stacks, 0 MB globals, 8 P
gc 3270 @246.341s 0%: 0.038+1.0+0.003 ms clock, 0.30+0.033/1.9/4.5+0.029 ms cpu, 3->3->2 MB, 4 MB goal, 0 MB stacks, 0 MB globals, 8 P
gc 3271 @246.420s 0%: 0.039+0.84+0.003 ms clock, 0.31+0.036/1.3/3.0+0.030 ms cpu, 4->4->1 MB, 4 MB goal, 0 MB stacks, 0 MB globals, 8 P
gc 3272 @246.503s 0%: 0.070+0.83+0.023 ms clock, 0.56+0.037/1.4/2.8+0.18 ms cpu, 3->4->1 MB, 4 MB goal, 0 MB stacks, 0 MB globals, 8 P
gc 3273 @246.566s 0%: 0.030+0.86+0.034 ms clock, 0.24+0.034/1.3/1.8+0.27 ms cpu, 3->4->1 MB, 4 MB goal, 0 MB stacks, 0 MB globals, 8 P
gc 3274 @246.629s 0%: 0.041+0.85+0.051 ms clock, 0.33+0.041/1.5/3.3+0.41 ms cpu, 3->4->1 MB, 4 MB goal, 0 MB stacks, 0 MB globals, 8 P
gc 3275 @246.706s 0%: 0.039+0.97+0.031 ms clock, 0.31+0.036/1.6/3.6+0.24 ms cpu, 3->4->1 MB, 4 MB goal, 0 MB stacks, 0 MB globals, 8 P
gc 3276 @246.783s 0%: 0.049+0.89+0.023 ms clock, 0.39+0.033/1.6/3.6+0.18 ms cpu, 3->4->1 MB, 4 MB goal, 0 MB stacks, 0 MB globals, 8 P
gc 3277 @246.856s 0%: 0.039+0.81+0.012 ms clock, 0.31+0.033/1.4/3.1+0.10 ms cpu, 3->4->1 MB, 4 MB goal, 0 MB stacks, 0 MB globals, 8 P
gc 3278 @246.931s 0%: 0.040+0.82+0.018 ms clock, 0.32+0.035/1.3/2.7+0.14 ms cpu, 4->4->2 MB, 4 MB goal, 0 MB stacks, 0 MB globals, 8 P
gc 3279 @247.005s 0%: 0.038+0.88+0.013 ms clock, 0.30+0.037/1.6/3.4+0.11 ms cpu, 4->4->2 MB, 4 MB goal, 0 MB stacks, 0 MB globals, 8 P
gc 3280 @247.077s 0%: 0.037+0.80+0.023 ms clock, 0.29+0.49/1.3/2.1+0.19 ms cpu, 4->4->1 MB, 4 MB goal, 0 MB stacks, 0 MB globals, 8 P
gc 3281 @247.159s 0%: 0.042+0.97+0.003 ms clock, 0.33+0.036/1.7/3.9+0.028 ms cpu, 3->4->2 MB, 4 MB goal, 0 MB stacks, 0 MB globals, 8 P
gc 3282 @247.234s 0%: 0.038+0.77+0.023 ms clock, 0.30+0.035/1.2/2.7+0.18 ms cpu, 4->4->1 MB, 4 MB goal, 0 MB stacks, 0 MB globals, 8 P
gc 3283 @247.311s 0%: 0.054+0.94+0.005 ms clock, 0.43+0.61/1.7/1.8+0.041 ms cpu, 3->4->1 MB, 4 MB goal, 0 MB stacks, 0 MB globals, 8 P
gc 3284 @247.345s 0%: 0.036+0.87+0.004 ms clock, 0.29+0.034/1.6/3.6+0.035 ms cpu, 3->4->2 MB, 4 MB goal, 0 MB stacks, 0 MB globals, 8 P
gc 3285 @247.427s 0%: 0.035+0.75+0.003 ms clock, 0.28+0.037/1.3/3.0+0.031 ms cpu, 4->4->1 MB, 5 MB goal, 0 MB stacks, 0 MB globals, 8 P
gc 3286 @247.499s 0%: 0.048+0.84+0.019 ms clock, 0.39+0.042/1.4/3.1+0.15 ms cpu, 3->4->1 MB, 4 MB goal, 0 MB stacks, 0 MB globals, 8 P
gc 3287 @247.563s 0%: 0.036+0.79+0.016 ms clock, 0.29+0.035/1.4/3.1+0.13 ms cpu, 3->4->2 MB, 4 MB goal, 0 MB stacks, 0 MB globals, 8 P
gc 3288 @247.637s 0%: 0.042+0.84+0.003 ms clock, 0.34+0.033/1.4/3.1+0.029 ms cpu, 4->4->2 MB, 4 MB goal, 0 MB stacks, 0 MB globals, 8 P
gc 3289 @247.721s 0%: 0.042+0.98+0.004 ms clock, 0.34+0.035/1.7/4.0+0.039 ms cpu, 4->4->2 MB, 5 MB goal, 0 MB stacks, 0 MB globals, 8 P
gc 3290 @247.802s 0%: 0.045+0.93+0.003 ms clock, 0.36+0.034/1.6/3.9+0.030 ms cpu, 4->4->1 MB, 4 MB goal, 0 MB stacks, 0 MB globals, 8 P
gc 3291 @247.876s 0%: 0.049+0.75+0.024 ms clock, 0.39+0.036/1.3/3.1+0.19 ms cpu, 3->4->1 MB, 4 MB goal, 0 MB stacks, 0 MB globals, 8 P
gc 3292 @247.941s 0%: 0.040+0.75+0.019 ms clock, 0.32+0.037/1.2/2.5+0.15 ms cpu, 3->4->1 MB, 4 MB goal, 0 MB stacks, 0 MB globals, 8 P
gc 3293 @248.024s 0%: 0.041+0.73+0.003 ms clock, 0.33+0.035/1.3/2.8+0.025 ms cpu, 4->4->1 MB, 4 MB goal, 0 MB stacks, 0 MB globals, 8 P
gc 3294 @248.086s 0%: 0.036+0.73+0.003 ms clock, 0.28+0.035/1.3/2.8+0.026 ms cpu, 3->4->1 MB, 4 MB goal, 0 MB stacks, 0 MB globals, 8 P
gc 3295 @248.162s 0%: 0.037+0.94+0.003 ms clock, 0.29+0.037/1.7/4.2+0.031 ms cpu, 3->4->1 MB, 4 MB goal, 0 MB stacks, 0 MB globals, 8 P
gc 3296 @248.228s 0%: 0.049+0.94+0.003 ms clock, 0.39+0.062/1.7/3.5+0.026 ms cpu, 3->3->1 MB, 4 MB goal, 0 MB stacks, 0 MB globals, 8 P
gc 3297 @248.312s 0%: 0.050+0.81+0.002 ms clock, 0.40+0.037/1.4/2.9+0.023 ms cpu, 4->4->1 MB, 4 MB goal, 0 MB stacks, 0 MB globals, 8 P
gc 3298 @248.342s 0%: 0.046+1.1+0.005 ms clock, 0.37+0.035/2.0/4.6+0.047 ms cpu, 3->3->2 MB, 4 MB goal, 0 MB stacks, 0 MB globals, 8 P
gc 3299 @248.423s 0%: 0.044+0.80+0.025 ms clock, 0.35+0.035/1.3/3.1+0.20 ms cpu, 4->4->1 MB, 5 MB goal, 0 MB stacks, 0 MB globals, 8 P
gc 3300 @248.500s 0%: 0.041+0.82+0.004 ms clock, 0.33+0.037/1.4/3.7+0.032 ms cpu, 3->4->1 MB, 4 MB goal, 0 MB stacks, 0 MB globals, 8 P
gc 3301 @248.581s 0%: 0.036+0.86+0.040 ms clock, 0.29+0.035/1.2/2.7+0.32 ms cpu, 3->4->2 MB, 4 MB goal, 0 MB stacks, 0 MB globals, 8 P
gc 3302 @248.655s 0%: 0.035+0.87+0.003 ms clock, 0.28+0.039/1.3/2.9+0.029 ms cpu, 4->4->2 MB, 4 MB goal, 0 MB stacks, 0 MB globals, 8 P
gc 3303 @248.738s 0%: 0.050+0.99+0.019 ms clock, 0.40+0.037/1.7/3.6+0.15 ms cpu, 4->4->1 MB, 4 MB goal, 0 MB stacks, 0 MB globals, 8 P
gc 3304 @248.806s 0%: 0.041+1.0+0.034 ms clock, 0.32+0.036/1.8/4.5+0.27 ms cpu, 3->4->2 MB, 4 MB goal, 0 MB stacks, 0 MB globals, 8 P
gc 3305 @248.885s 0%: 0.048+1.0+0.003 ms clock, 0.38+0.033/1.9/4.3+0.025 ms cpu, 4->4->2 MB, 5 MB goal, 0 MB stacks, 0 MB globals, 8 P
gc 3306 @248.954s 0%: 0.043+1.1+0.021 ms clock, 0.34+0.034/1.9/4.1+0.17 ms cpu, 4->4->2 MB, 4 MB goal, 0 MB stacks, 0 MB globals, 8 P
gc 3307 @249.037s 0%: 0.046+0.99+0.013 ms clock, 0.37+0.035/1.4/3.4+0.10 ms cpu, 4->4->1 MB, 4 MB goal, 0 MB stacks, 0 MB globals, 8 P
gc 3308 @249.097s 0%: 0.044+1.0+0.036 ms clock, 0.35+0.036/1.8/4.7+0.29 ms cpu, 3->4->2 MB, 4 MB goal, 0 MB stacks, 0 MB globals, 8 P
gc 3309 @249.171s 0%: 0.038+1.0+0.010 ms clock, 0.30+0.033/1.8/4.0+0.084 ms cpu, 4->4->1 MB, 4 MB goal, 0 MB stacks, 0 MB globals, 8 P
gc 3310 @249.247s 0%: 0.037+0.78+0.027 ms clock, 0.30+0.034/1.3/3.0+0.21 ms cpu, 4->4->1 MB, 4 MB goal, 0 MB stacks, 0 MB globals, 8 P
gc 3311 @249.321s 0%: 0.048+1.0+0.011 ms clock, 0.39+0.037/1.8/4.3+0.091 ms cpu, 3->4->2 MB, 4 MB goal, 0 MB stacks, 0 MB globals, 8 P
gc 3312 @249.357s 0%: 0.047+0.97+0.004 ms clock, 0.38+0.037/1.5/3.3+0.034 ms cpu, 4->4->2 MB, 4 MB goal, 0 MB stacks, 0 MB globals, 8 P
gc 3313 @249.434s 0%: 0.037+1.0+0.021 ms clock, 0.30+0.033/1.9/4.5+0.17 ms cpu, 4->4->2 MB, 4 MB goal, 0 MB stacks, 0 MB globals, 8 P
gc 3314 @249.513s 0%: 0.037+1.0+0.004 ms clock, 0.29+0.034/1.9/4.2+0.037 ms cpu, 4->4->1 MB, 4 MB goal, 0 MB stacks, 0 MB globals, 8 P
gc 3315 @249.579s 0%: 0.036+0.86+0.003 ms clock, 0.29+0.035/1.6/3.5+0.030 ms cpu, 3->4->1 MB, 4 MB goal, 0 MB stacks, 0 MB globals, 8 P
gc 3316 @249.652s 0%: 0.052+1.0+0.008 ms clock, 0.41+0.038/1.7/3.7+0.065 ms cpu, 3->4->1 MB, 4 MB goal, 0 MB stacks, 0 MB globals, 8 P
gc 3317 @249.731s 0%: 0.039+0.87+0.003 ms clock, 0.31+0.034/1.5/3.3+0.030 ms cpu, 3->4->1 MB, 4 MB goal, 0 MB stacks, 0 MB globals, 8 P
gc 3318 @249.806s 0%: 0.065+0.81+0.024 ms clock, 0.52+0.054/1.3/1.6+0.19 ms cpu, 3->4->2 MB, 4 MB goal, 0 MB stacks, 0 MB globals, 8 P
gc 3319 @249.880s 0%: 0.035+1.0+0.003 ms clock, 0.28+0.035/1.9/4.8+0.031 ms cpu, 4->4->1 MB, 4 MB goal, 0 MB stacks, 0 MB globals, 8 P
gc 3320 @249.955s 0%: 0.045+0.86+0.024 ms clock, 0.36+0.039/1.5/3.0+0.19 ms cpu, 3->4->1 MB, 4 MB goal, 0 MB stacks, 0 MB globals, 8 P
gc 3321 @250.010s 0%: 0.067+0.77+0.003 ms clock, 0.53+0.11/1.2/2.4+0.026 ms cpu, 3->4->2 MB, 4 MB goal, 0 MB stacks, 0 MB globals, 8 P
gc 3322 @250.093s 0%: 0.038+1.0+0.028 ms clock, 0.30+0.036/1.8/3.7+0.22 ms cpu, 4->4->1 MB, 4 MB goal, 0 MB stacks, 0 MB globals, 8 P
gc 3323 @250.158s 0%: 0.037+0.88+0.017 ms clock, 0.30+0.034/1.4/3.2+0.13 ms cpu, 3->4->1 MB, 4 MB goal, 0 MB stacks, 0 MB globals, 8 P
gc 3324 @250.225s 0%: 0.046+0.80+0.004 ms clock, 0.37+0.037/1.3/2.9+0.035 ms cpu, 4->4->1 MB, 4 MB goal, 0 MB stacks, 0 MB globals, 8 P
gc 3325 @250.307s 0%: 0.037+0.69+0.027 ms clock, 0.30+0.072/1.1/2.1+0.21 ms cpu, 3->4->1 MB, 4 MB goal, 0 MB stacks, 0 MB globals, 8 P
gc 3326 @250.335s 0%: 0.053+0.80+0.020 ms clock, 0.42+0.045/1.2/2.5+0.16 ms cpu, 3->3->2 MB, 4 MB goal, 0 MB stacks, 0 MB globals, 8 P
gc 3327 @250.414s 0%: 0.039+0.75+0.008 ms clock, 0.31+0.035/1.3/2.8+0.064 ms cpu, 4->4->1 MB, 4 MB goal, 0 MB stacks, 0 MB globals, 8 P
gc 3328 @250.482s 0%: 0.043+0.86+0.005 ms clock, 0.34+0.035/1.5/3.2+0.041 ms cpu, 3->4->1 MB, 4 MB goal, 0 MB stacks, 0 MB globals, 8 P
gc 3329 @250.556s 0%: 0.049+1.1+0.075 ms clock, 0.39+0.046/1.9/3.9+0.60 ms cpu, 3->4->1 MB, 4 MB goal, 0 MB stacks, 0 MB globals, 8 P
gc 3330 @250.627s 0%: 0.040+1.1+0.079 ms clock, 0.32+0.036/1.2/3.2+0.63 ms cpu, 3->4->1 MB, 4 MB goal, 0 MB stacks, 0 MB globals, 8 P
gc 3331 @250.693s 0%: 0.040+1.2+0.010 ms clock, 0.32+0.036/2.1/5.2+0.081 ms cpu, 3->4->2 MB, 4 MB goal, 0 MB stacks, 0 MB globals, 8 P
gc 3332 @250.774s 0%: 0.038+0.91+0.003 ms clock, 0.31+0.034/1.7/4.1+0.026 ms cpu, 4->4->1 MB, 5 MB goal, 0 MB stacks, 0 MB globals, 8 P
gc 3333 @250.851s 0%: 0.046+0.90+0.010 ms clock, 0.36+0/1.5/3.7+0.084 ms cpu, 3->4->2 MB, 4 MB goal, 0 MB stacks, 0 MB globals, 8 P
gc 3334 @250.931s 0%: 0.049+1.0+0.007 ms clock, 0.39+0.037/2.0/4.7+0.060 ms cpu, 4->4->2 MB, 5 MB goal, 0 MB stacks, 0 MB globals, 8 P
gc 3335 @251.013s 0%: 0.038+1.1+0.003 ms clock, 0.30+0.034/2.1/4.7+0.030 ms cpu, 4->4->1 MB, 4 MB goal, 0 MB stacks, 0 MB globals, 8 P
gc 3336 @251.083s 0%: 0.042+1.1+0.043 ms clock, 0.34+0.034/1.8/4.5+0.34 ms cpu, 3->4->1 MB, 4 MB goal, 0 MB stacks, 0 MB globals, 8 P
gc 3337 @251.152s 0%: 0.047+0.93+0.017 ms clock, 0.37+0.049/1.4/2.5+0.13 ms cpu, 3->4->2 MB, 4 MB goal, 0 MB stacks, 0 MB globals, 8 P
gc 3338 @251.223s 0%: 0.047+0.95+0.033 ms clock, 0.37+0.037/1.5/1.7+0.26 ms cpu, 4->4->2 MB, 5 MB goal, 0 MB stacks, 0 MB globals, 8 P
gc 3339 @251.298s 0%: 0.050+1.1+0.020 ms clock, 0.40+0.034/2.0/5.0+0.16 ms cpu, 4->4->2 MB, 4 MB goal, 0 MB stacks, 0 MB globals, 8 P
gc 3340 @251.335s 0%: 0.086+0.87+0.015 ms clock, 0.68+0.57/1.2/1.5+0.12 ms cpu, 4->4->2 MB, 4 MB goal, 0 MB stacks, 0 MB globals, 8 P
gc 3341 @251.416s 0%: 0.043+0.88+0.030 ms clock, 0.35+0.035/1.4/3.9+0.24 ms cpu, 4->4->2 MB, 5 MB goal, 0 MB stacks, 0 MB globals, 8 P
gc 3342 @251.500s 0%: 0.038+0.86+0.024 ms clock, 0.30+0.034/1.4/3.3+0.19 ms cpu, 4->4->1 MB, 4 MB goal, 0 MB stacks, 0 MB globals, 8 P
gc 3343 @251.574s 0%: 0.042+0.86+0.003 ms clock, 0.33+0.038/1.6/3.7+0.029 ms cpu, 3->4->1 MB, 4 MB goal, 0 MB stacks, 0 MB globals, 8 P
gc 3344 @251.643s 0%: 0.044+0.69+0.003 ms clock, 0.35+0.037/1.1/2.4+0.030 ms cpu, 3->4->1 MB, 4 MB goal, 0 MB stacks, 0 MB globals, 8 P
gc 3345 @251.721s 0%: 0.053+0.91+0.008 ms clock, 0.42+0.037/1.6/3.7+0.064 ms cpu, 3->4->1 MB, 4 MB goal, 0 MB stacks, 0 MB globals, 8 P
gc 3346 @251.783s 0%: 0.050+1.0+0.018 ms clock, 0.40+0.036/1.9/4.4+0.15 ms cpu, 3->4->1 MB, 4 MB goal, 0 MB stacks, 0 MB globals, 8 P
gc 3347 @251.850s 0%: 0.036+1.1+0.014 ms clock, 0.29+0.033/1.9/4.4+0.11 ms cpu, 4->4->1 MB, 4 MB goal, 0 MB stacks, 0 MB globals, 8 P
gc 3348 @251.921s 0%: 0.039+0.70+0.019 ms clock, 0.31+0.034/1.1/2.5+0.15 ms cpu, 3->4->1 MB, 4 MB goal, 0 MB stacks, 0 MB globals, 8 P
gc 3349 @251.994s 0%: 0.042+1.0+0.021 ms clock, 0.34+0.031/1.9/4.3+0.17 ms cpu, 4->4->2 MB, 4 MB goal, 0 MB stacks, 0 MB globals, 8 P
gc 3350 @252.077s 0%: 0.039+0.79+0.034 ms clock, 0.31+0.033/1.3/2.9+0.27 ms cpu, 4->4->1 MB, 5 MB goal, 0 MB stacks, 0 MB globals, 8 P
gc 3351 @252.141s 0%: 0.049+0.87+0.003 ms clock, 0.39+0.034/1.5/3.3+0.024 ms cpu, 3->4->2 MB, 4 MB goal, 0 MB stacks, 0 MB globals, 8 P
gc 3352 @252.227s 0%: 0.038+0.83+0.015 ms clock, 0.30+0.034/1.4/2.9+0.12 ms cpu, 4->4->1 MB, 4 MB goal, 0 MB stacks, 0 MB globals, 8 P
gc 3353 @252.307s 0%: 0.039+0.71+0.027 ms clock, 0.31+0.033/1.1/2.0+0.21 ms cpu, 3->4->1 MB, 4 MB goal, 0 MB stacks, 0 MB globals, 8 P
gc 3354 @252.339s 0%: 0.11+0.73+0.022 ms clock, 0.92+0.47/1.1/0.60+0.18 ms cpu, 3->4->2 MB, 4 MB goal, 0 MB stacks, 0 MB globals, 8 P
gc 3355 @252.420s 0%: 0.064+1.0+0.045 ms clock, 0.51+0.037/1.8/3.7+0.36 ms cpu, 4->4->2 MB, 4 MB goal, 0 MB stacks, 0 MB globals, 8 P
gc 3356 @252.507s 0%: 0.053+2.9+0.21 ms clock, 0.42+0.046/1.0/0.23+1.7 ms cpu, 4->4->2 MB, 4 MB goal, 0 MB stacks, 0 MB globals, 8 P
gc 3357 @252.585s 0%: 0.053+0.84+0.015 ms clock, 0.43+0.033/1.4/2.5+0.12 ms cpu, 4->4->1 MB, 5 MB goal, 0 MB stacks, 0 MB globals, 8 P
gc 3358 @252.659s 0%: 0.049+0.86+0.004 ms clock, 0.39+0.040/1.5/2.5+0.038 ms cpu, 4->4->1 MB, 4 MB goal, 0 MB stacks, 0 MB globals, 8 P
gc 3359 @252.740s 0%: 0.044+0.88+0.011 ms clock, 0.35+0.034/1.5/3.4+0.090 ms cpu, 3->4->1 MB, 4 MB goal, 0 MB stacks, 0 MB globals, 8 P
gc 3360 @252.813s 0%: 0.038+0.84+0.006 ms clock, 0.30+0.036/1.5/3.2+0.054 ms cpu, 3->4->1 MB, 4 MB goal, 0 MB stacks, 0 MB globals, 8 P
gc 3361 @252.887s 0%: 0.038+0.68+0.023 ms clock, 0.30+0.035/1.0/2.4+0.18 ms cpu, 3->4->1 MB, 4 MB goal, 0 MB stacks, 0 MB globals, 8 P
gc 3362 @252.956s 0%: 0.045+0.85+0.003 ms clock, 0.36+0.034/1.5/3.1+0.030 ms cpu, 3->4->1 MB, 4 MB goal, 0 MB stacks, 0 MB globals, 8 P
gc 3363 @253.033s 0%: 0.043+0.96+0.025 ms clock, 0.34+0.033/1.7/4.2+0.20 ms cpu, 3->4->1 MB, 4 MB goal, 0 MB stacks, 0 MB globals, 8 P
gc 3364 @253.114s 0%: 0.047+0.66+0.030 ms clock, 0.37+0.063/1.0/1.7+0.24 ms cpu, 3->4->1 MB, 4 MB goal, 0 MB stacks, 0 MB globals, 8 P
gc 3365 @253.177s 0%: 0.042+0.87+0.003 ms clock, 0.34+0.033/1.5/3.7+0.026 ms cpu, 3->4->2 MB, 4 MB goal, 0 MB stacks, 0 MB globals, 8 P
gc 3366 @253.260s 0%: 0.037+1.0+0.003 ms clock, 0.30+0.034/1.7/4.6+0.024 ms cpu, 4->4->1 MB, 4 MB goal, 0 MB stacks, 0 MB globals, 8 P
gc 3367 @253.335s 0%: 0.039+0.86+0.006 ms clock, 0.31+0.034/1.5/3.6+0.055 ms cpu, 3->4->1 MB, 4 MB goal, 0 MB stacks, 0 MB globals, 8 P
gc 3368 @253.368s 0%: 0.042+0.86+0.003 ms clock, 0.33+0.031/1.5/3.4+0.024 ms cpu, 3->3->2 MB, 4 MB goal, 0 MB stacks, 0 MB globals, 8 P
gc 3369 @253.447s 0%: 0.046+0.73+0.003 ms clock, 0.37+0.039/1.3/2.8+0.028 ms cpu, 4->4->2 MB, 4 MB goal, 0 MB stacks, 0 MB globals, 8 P
gc 3370 @253.524s 0%: 0.032+0.87+0.020 ms clock, 0.26+0.040/1.5/3.2+0.16 ms cpu, 4->4->1 MB, 4 MB goal, 0 MB stacks, 0 MB globals, 8 P
gc 3371 @253.596s 0%: 0.050+0.93+0.024 ms clock, 0.40+0.037/1.5/3.8+0.19 ms cpu, 3->4->1 MB, 4 MB goal, 0 MB stacks, 0 MB globals, 8 P
gc 3372 @253.670s 0%: 0.043+0.73+0.003 ms clock, 0.34+0.032/1.3/3.0+0.027 ms cpu, 3->4->1 MB, 4 MB goal, 0 MB stacks, 0 MB globals, 8 P
gc 3373 @253.752s 0%: 0.037+0.82+0.016 ms clock, 0.29+0.035/1.4/3.1+0.12 ms cpu, 4->4->1 MB, 4 MB goal, 0 MB stacks, 0 MB globals, 8 P
gc 3374 @253.831s 0%: 0.040+0.81+0.024 ms clock, 0.32+0.039/1.2/2.8+0.19 ms cpu, 3->4->1 MB, 4 MB goal, 0 MB stacks, 0 MB globals, 8 P
gc 3375 @253.910s 0%: 0.051+1.0+0.002 ms clock, 0.41+0.033/1.8/4.2+0.022 ms cpu, 3->4->2 MB, 4 MB goal, 0 MB stacks, 0 MB globals, 8 P
gc 3376 @253.992s 0%: 0.039+0.88+0.004 ms clock, 0.31+0.036/1.5/3.0+0.039 ms cpu, 4->4->1 MB, 4 MB goal, 0 MB stacks, 0 MB globals, 8 P
gc 3377 @254.063s 0%: 0.031+0.79+0.003 ms clock, 0.25+0.044/1.3/2.8+0.028 ms cpu, 4->4->1 MB, 4 MB goal, 0 MB stacks, 0 MB globals, 8 P
gc 3378 @254.134s 0%: 0.038+0.76+0.017 ms clock, 0.31+0.034/1.2/2.9+0.14 ms cpu, 3->4->1 MB, 4 MB goal, 0 MB stacks, 0 MB globals, 8 P
gc 3379 @254.209s 0%: 0.039+1.0+0.009 ms clock, 0.31+0.033/1.9/4.5+0.079 ms cpu, 3->4->2 MB, 4 MB goal, 0 MB stacks, 0 MB globals, 8 P
gc 3380 @254.289s 0%: 0.042+0.78+0.014 ms clock, 0.34+0.039/1.3/2.9+0.11 ms cpu, 4->4->2 MB, 4 MB goal, 0 MB stacks, 0 MB globals, 8 P
gc 3381 @254.347s 0%: 0.11+0.84+0.006 ms clock, 0.92+1.4/1.5/0.91+0.051 ms cpu, 4->4->2 MB, 4 MB goal, 0 MB stacks, 0 MB globals, 8 P
gc 3382 @254.422s 0%: 0.038+1.1+0.017 ms clock, 0.30+0.035/1.9/4.5+0.13 ms cpu, 4->4->1 MB, 4 MB goal, 0 MB stacks, 0 MB globals, 8 P
gc 3383 @254.492s 0%: 0.045+0.77+0.017 ms clock, 0.36+0.041/1.2/2.7+0.14 ms cpu, 3->4->1 MB, 4 MB goal, 0 MB stacks, 0 MB globals, 8 P
gc 3384 @254.562s 0%: 0.050+0.90+0.004 ms clock, 0.40+0.033/1.3/3.0+0.034 ms cpu, 3->4->1 MB, 4 MB goal, 0 MB stacks, 0 MB globals, 8 P
gc 3385 @254.637s 0%: 0.047+1.0+0.018 ms clock, 0.38+0.039/1.7/3.7+0.14 ms cpu, 3->4->1 MB, 4 MB goal, 0 MB stacks, 0 MB globals, 8 P
gc 3386 @254.713s 0%: 0.050+1.1+0.011 ms clock, 0.40+0.034/2.0/4.7+0.095 ms cpu, 3->4->1 MB, 4 MB goal, 0 MB stacks, 0 MB globals, 8 P
gc 3387 @254.789s 0%: 0.039+0.90+0.005 ms clock, 0.31+0.034/1.6/3.7+0.040 ms cpu, 3->4->1 MB, 4 MB goal, 0 MB stacks, 0 MB globals, 8 P
gc 3388 @254.864s 0%: 0.052+0.76+0.003 ms clock, 0.42+0.033/1.3/2.9+0.028 ms cpu, 3->4->1 MB, 4 MB goal, 0 MB stacks, 0 MB globals, 8 P
gc 3389 @254.942s 0%: 0.039+0.71+0.005 ms clock, 0.31+0.034/1.3/2.5+0.044 ms cpu, 3->4->1 MB, 4 MB goal, 0 MB stacks, 0 MB globals, 8 P
gc 3390 @255.009s 0%: 0.049+0.99+0.024 ms clock, 0.39+0.43/1.7/2.5+0.19 ms cpu, 3->4->1 MB, 4 MB goal, 0 MB stacks, 0 MB globals, 8 P
gc 3391 @255.078s 0%: 0.036+0.69+0.005 ms clock, 0.29+0.040/1.2/2.4+0.040 ms cpu, 3->4->1 MB, 4 MB goal, 0 MB stacks, 0 MB globals, 8 P
gc 3392 @255.150s 0%: 0.044+1.1+0.020 ms clock, 0.35+0.033/1.7/4.3+0.16 ms cpu, 3->4->1 MB, 4 MB goal, 0 MB stacks, 0 MB globals, 8 P
gc 3393 @255.232s 0%: 0.041+0.90+0.027 ms clock, 0.33+0.034/1.3/2.7+0.22 ms cpu, 3->4->1 MB, 4 MB goal, 0 MB stacks, 0 MB globals, 8 P
gc 3394 @255.305s 0%: 0.041+0.68+0.003 ms clock, 0.33+0.036/1.2/2.5+0.029 ms cpu, 3->4->1 MB, 4 MB goal, 0 MB stacks, 0 MB globals, 8 P
gc 3395 @255.351s 0%: 0.068+0.80+0.003 ms clock, 0.54+0.073/1.3/2.8+0.029 ms cpu, 4->4->1 MB, 4 MB goal, 0 MB stacks, 0 MB globals, 8 P
gc 3396 @255.430s 0%: 0.043+0.79+0.006 ms clock, 0.34+0.040/1.3/2.4+0.050 ms cpu, 3->4->1 MB, 4 MB goal, 0 MB stacks, 0 MB globals, 8 P
gc 3397 @255.500s 0%: 0.034+0.79+0.018 ms clock, 0.27+0.091/1.3/3.1+0.14 ms cpu, 3->4->1 MB, 4 MB goal, 0 MB stacks, 0 MB globals, 8 P
gc 3398 @255.570s 0%: 0.040+0.82+0.007 ms clock, 0.32+0.035/1.3/3.0+0.059 ms cpu, 3->4->1 MB, 4 MB goal, 0 MB stacks, 0 MB globals, 8 P
gc 3399 @255.650s 0%: 0.040+0.66+0.003 ms clock, 0.32+0.037/1.1/2.5+0.026 ms cpu, 3->4->1 MB, 4 MB goal, 0 MB stacks, 0 MB globals, 8 P
gc 3400 @255.731s 0%: 0.045+0.89+0.019 ms clock, 0.36+0.040/1.4/2.9+0.15 ms cpu, 3->4->1 MB, 4 MB goal, 0 MB stacks, 0 MB globals, 8 P
gc 3401 @255.798s 0%: 0.042+0.79+0.003 ms clock, 0.34+0.046/1.4/2.5+0.028 ms cpu, 4->4->1 MB, 4 MB goal, 0 MB stacks, 0 MB globals, 8 P
gc 3402 @255.876s 0%: 0.048+0.83+0.006 ms clock, 0.39+0.032/1.3/2.9+0.051 ms cpu, 4->4->1 MB, 4 MB goal, 0 MB stacks, 0 MB globals, 8 P
gc 3403 @255.953s 0%: 0.043+0.75+0.003 ms clock, 0.34+0.035/1.1/2.5+0.026 ms cpu, 3->4->1 MB, 4 MB goal, 0 MB stacks, 0 MB globals, 8 P
gc 3404 @256.031s 0%: 0.046+1.0+0.025 ms clock, 0.36+0.033/1.8/4.0+0.20 ms cpu, 3->4->1 MB, 4 MB goal, 0 MB stacks, 0 MB globals, 8 P
gc 3405 @256.103s 0%: 0.038+0.91+0.003 ms clock, 0.30+0.031/1.7/3.6+0.030 ms cpu, 3->4->1 MB, 4 MB goal, 0 MB stacks, 0 MB globals, 8 P
gc 3406 @256.179s 0%: 0.043+0.86+0.009 ms clock, 0.35+0.036/1.4/3.2+0.074 ms cpu, 3->4->1 MB, 4 MB goal, 0 MB stacks, 0 MB globals, 8 P
gc 3407 @256.248s 0%: 0.044+0.85+0.027 ms clock, 0.35+0.033/1.4/2.7+0.21 ms cpu, 3->4->1 MB, 4 MB goal, 0 MB stacks, 0 MB globals, 8 P
gc 3408 @256.319s 0%: 0.035+0.70+0.003 ms clock, 0.28+0.041/1.2/3.0+0.025 ms cpu, 3->3->1 MB, 4 MB goal, 0 MB stacks, 0 MB globals, 8 P
gc 3409 @256.355s 0%: 0.13+0.98+0.007 ms clock, 1.0+0.78/1.5/2.3+0.063 ms cpu, 3->4->2 MB, 4 MB goal, 0 MB stacks, 0 MB globals, 8 P
gc 3410 @256.435s 0%: 0.041+1.0+0.003 ms clock, 0.33+0.039/1.9/4.3+0.030 ms cpu, 4->4->1 MB, 5 MB goal, 0 MB stacks, 0 MB globals, 8 P
gc 3411 @256.501s 0%: 0.040+0.80+0.018 ms clock, 0.32+0.038/1.2/3.2+0.14 ms cpu, 3->4->1 MB, 4 MB goal, 0 MB stacks, 0 MB globals, 8 P
gc 3412 @256.574s 0%: 0.043+1.0+0.004 ms clock, 0.35+0.039/1.8/4.3+0.033 ms cpu, 3->4->1 MB, 4 MB goal, 0 MB stacks, 0 MB globals, 8 P
gc 3413 @256.638s 0%: 0.055+0.98+0.015 ms clock, 0.44+0.033/1.7/4.0+0.12 ms cpu, 3->4->1 MB, 4 MB goal, 0 MB stacks, 0 MB globals, 8 P
gc 3414 @256.715s 0%: 0.048+0.89+0.004 ms clock, 0.38+0.036/1.3/2.5+0.032 ms cpu, 4->4->1 MB, 4 MB goal, 0 MB stacks, 0 MB globals, 8 P
gc 3415 @256.788s 0%: 0.046+0.77+0.021 ms clock, 0.36+0.032/1.3/2.8+0.17 ms cpu, 3->4->1 MB, 4 MB goal, 0 MB stacks, 0 MB globals, 8 P
gc 3416 @256.866s 0%: 0.039+0.85+0.015 ms clock, 0.31+0.029/1.4/3.1+0.12 ms cpu, 3->4->1 MB, 4 MB goal, 0 MB stacks, 0 MB globals, 8 P
gc 3417 @256.933s 0%: 0.042+0.98+0.032 ms clock, 0.34+0.034/1.7/4.0+0.26 ms cpu, 3->4->1 MB, 4 MB goal, 0 MB stacks, 0 MB globals, 8 P
gc 3418 @257.005s 0%: 0.064+0.77+0.017 ms clock, 0.51+0.043/1.3/3.1+0.13 ms cpu, 3->4->1 MB, 4 MB goal, 0 MB stacks, 0 MB globals, 8 P
gc 3419 @257.072s 0%: 0.049+0.80+0.023 ms clock, 0.39+0.037/1.3/2.8+0.18 ms cpu, 3->4->1 MB, 4 MB goal, 0 MB stacks, 0 MB globals, 8 P
gc 3420 @257.153s 0%: 0.040+0.92+0.010 ms clock, 0.32+0.034/1.6/4.3+0.082 ms cpu, 3->4->1 MB, 4 MB goal, 0 MB stacks, 0 MB globals, 8 P
gc 3421 @257.236s 0%: 0.045+0.76+0.003 ms clock, 0.36+0.035/1.3/3.2+0.026 ms cpu, 3->4->1 MB, 4 MB goal, 0 MB stacks, 0 MB globals, 8 P
gc 3422 @257.306s 0%: 0.044+0.86+0.004 ms clock, 0.35+0.034/1.5/3.5+0.038 ms cpu, 3->4->1 MB, 4 MB goal, 0 MB stacks, 0 MB globals, 8 P
gc 3423 @257.358s 0%: 0.18+0.71+0.004 ms clock, 1.5+0.45/1.2/0.76+0.038 ms cpu, 3->4->2 MB, 4 MB goal, 0 MB stacks, 0 MB globals, 8 P
gc 3424 @257.416s 0%: 0.049+0.78+0.005 ms clock, 0.39+0.046/1.2/2.3+0.042 ms cpu, 4->4->2 MB, 5 MB goal, 0 MB stacks, 0 MB globals, 8 P
gc 3425 @257.496s 0%: 0.044+0.91+0.005 ms clock, 0.35+0.036/1.6/3.5+0.043 ms cpu, 4->4->1 MB, 4 MB goal, 0 MB stacks, 0 MB globals, 8 P
gc 3426 @257.577s 0%: 0.040+1.1+0.010 ms clock, 0.32+0.035/1.9/4.3+0.083 ms cpu, 3->4->1 MB, 4 MB goal, 0 MB stacks, 0 MB globals, 8 P
gc 3427 @257.654s 0%: 0.050+1.0+0.008 ms clock, 0.40+0.035/1.9/4.6+0.069 ms cpu, 4->4->2 MB, 4 MB goal, 0 MB stacks, 0 MB globals, 8 P
gc 3428 @257.733s 0%: 0.042+0.78+0.008 ms clock, 0.33+0.034/1.3/2.6+0.064 ms cpu, 4->4->1 MB, 4 MB goal, 0 MB stacks, 0 MB globals, 8 P
gc 3429 @257.793s 0%: 0.046+0.83+0.003 ms clock, 0.37+0.039/1.4/3.0+0.028 ms cpu, 3->4->1 MB, 4 MB goal, 0 MB stacks, 0 MB globals, 8 P
gc 3430 @257.856s 0%: 0.043+0.90+0.006 ms clock, 0.35+0.035/1.5/3.3+0.054 ms cpu, 3->4->1 MB, 4 MB goal, 0 MB stacks, 0 MB globals, 8 P
gc 3431 @257.933s 0%: 0.042+0.90+0.003 ms clock, 0.34+0.041/1.6/3.8+0.027 ms cpu, 3->4->1 MB, 4 MB goal, 0 MB stacks, 0 MB globals, 8 P
gc 3432 @258.007s 0%: 0.036+1.0+0.018 ms clock, 0.29+0.036/1.7/3.6+0.14 ms cpu, 4->4->1 MB, 4 MB goal, 0 MB stacks, 0 MB globals, 8 P
gc 3433 @258.083s 0%: 0.041+0.73+0.021 ms clock, 0.33+0.036/1.0/2.4+0.17 ms cpu, 3->4->1 MB, 4 MB goal, 0 MB stacks, 0 MB globals, 8 P
gc 3434 @258.169s 0%: 0.044+1.0+0.004 ms clock, 0.35+0.036/1.9/4.0+0.033 ms cpu, 3->4->1 MB, 4 MB goal, 0 MB stacks, 0 MB globals, 8 P
gc 3435 @258.241s 0%: 0.072+0.84+0.003 ms clock, 0.57+0.036/1.5/3.6+0.029 ms cpu, 3->4->1 MB, 4 MB goal, 0 MB stacks, 0 MB globals, 8 P
gc 3436 @258.318s 0%: 0.026+0.74+0.003 ms clock, 0.21+0.039/1.3/3.2+0.031 ms cpu, 3->4->1 MB, 4 MB goal, 0 MB stacks, 0 MB globals, 8 P
gc 3437 @258.362s 0%: 0.19+0.77+0.029 ms clock, 1.5+0.55/1.2/0.68+0.23 ms cpu, 3->4->2 MB, 4 MB goal, 0 MB stacks, 0 MB globals, 8 P
gc 3438 @258.441s 0%: 0.046+0.89+0.005 ms clock, 0.37+0.035/1.5/3.0+0.040 ms cpu, 4->4->1 MB, 4 MB goal, 0 MB stacks, 0 MB globals, 8 P
gc 3439 @258.518s 0%: 0.041+1.0+0.003 ms clock, 0.33+0.036/1.9/4.8+0.028 ms cpu, 3->4->1 MB, 4 MB goal, 0 MB stacks, 0 MB globals, 8 P
gc 3440 @258.593s 0%: 0.039+0.73+0.016 ms clock, 0.31+0.037/1.2/2.7+0.12 ms cpu, 3->4->1 MB, 4 MB goal, 0 MB stacks, 0 MB globals, 8 P
gc 3441 @258.663s 0%: 0.042+0.98+0.003 ms clock, 0.34+0.034/1.8/3.8+0.025 ms cpu, 3->4->1 MB, 4 MB goal, 0 MB stacks, 0 MB globals, 8 P
gc 3442 @258.743s 0%: 0.037+1.1+0.003 ms clock, 0.29+0.034/2.0/4.6+0.025 ms cpu, 4->4->1 MB, 4 MB goal, 0 MB stacks, 0 MB globals, 8 P
gc 3443 @258.814s 0%: 0.042+1.0+0.026 ms clock, 0.34+0.036/1.6/3.4+0.21 ms cpu, 3->4->2 MB, 4 MB goal, 0 MB stacks, 0 MB globals, 8 P
gc 3444 @258.891s 0%: 0.042+0.97+0.004 ms clock, 0.34+0.033/1.7/3.8+0.033 ms cpu, 4->4->1 MB, 4 MB goal, 0 MB stacks, 0 MB globals, 8 P
gc 3445 @258.969s 0%: 0.048+1.1+0.020 ms clock, 0.38+0.034/1.6/4.1+0.16 ms cpu, 4->4->1 MB, 4 MB goal, 0 MB stacks, 0 MB globals, 8 P
gc 3446 @259.050s 0%: 0.040+1.0+0.018 ms clock, 0.32+0.033/1.8/4.3+0.14 ms cpu, 3->4->1 MB, 4 MB goal, 0 MB stacks, 0 MB globals, 8 P
gc 3447 @259.126s 0%: 0.039+0.84+0.018 ms clock, 0.31+0.035/1.4/3.3+0.14 ms cpu, 4->4->1 MB, 4 MB goal, 0 MB stacks, 0 MB globals, 8 P
gc 3448 @259.198s 0%: 0.055+1.0+0.031 ms clock, 0.44+0.038/1.7/4.1+0.25 ms cpu, 3->4->1 MB, 4 MB goal, 0 MB stacks, 0 MB globals, 8 P
gc 3449 @259.267s 0%: 0.043+1.0+0.004 ms clock, 0.34+0.036/2.0/4.4+0.035 ms cpu, 3->4->2 MB, 4 MB goal, 0 MB stacks, 0 MB globals, 8 P
gc 3450 @259.343s 0%: 0.037+0.80+0.008 ms clock, 0.29+0.035/1.4/2.7+0.068 ms cpu, 4->4->1 MB, 4 MB goal, 0 MB stacks, 0 MB globals, 8 P
gc 3451 @259.369s 0%: 0.033+0.97+0.004 ms clock, 0.27+0.034/1.6/3.8+0.038 ms cpu, 3->3->2 MB, 4 MB goal, 0 MB stacks, 0 MB globals, 8 P
gc 3452 @259.443s 0%: 0.035+0.77+0.024 ms clock, 0.28+0.034/1.4/3.1+0.19 ms cpu, 4->4->1 MB, 4 MB goal, 0 MB stacks, 0 MB globals, 8 P
gc 3453 @259.518s 0%: 0.078+0.79+0.022 ms clock, 0.62+0.041/1.2/2.6+0.17 ms cpu, 3->3->1 MB, 4 MB goal, 0 MB stacks, 0 MB globals, 8 P
gc 3454 @259.587s 0%: 0.042+1.0+0.023 ms clock, 0.34+0.034/1.8/4.5+0.18 ms cpu, 3->4->2 MB, 4 MB goal, 0 MB stacks, 0 MB globals, 8 P
gc 3455 @259.664s 0%: 0.042+0.89+0.003 ms clock, 0.34+0.031/1.6/3.7+0.028 ms cpu, 4->4->1 MB, 4 MB goal, 0 MB stacks, 0 MB globals, 8 P
gc 3456 @259.736s 0%: 0.043+0.88+0.017 ms clock, 0.34+0.036/1.5/3.5+0.13 ms cpu, 3->4->1 MB, 4 MB goal, 0 MB stacks, 0 MB globals, 8 P
gc 3457 @259.812s 0%: 0.039+0.90+0.005 ms clock, 0.31+0.037/1.6/3.4+0.043 ms cpu, 3->4->2 MB, 4 MB goal, 0 MB stacks, 0 MB globals, 8 P
gc 3458 @259.897s 0%: 0.035+0.74+0.021 ms clock, 0.28+0.034/1.2/2.8+0.17 ms cpu, 4->4->1 MB, 4 MB goal, 0 MB stacks, 0 MB globals, 8 P
gc 3459 @259.972s 0%: 0.041+1.0+0.011 ms clock, 0.33+0.036/1.8/4.2+0.091 ms cpu, 3->4->1 MB, 4 MB goal, 0 MB stacks, 0 MB globals, 8 P
gc 3460 @260.025s 0%: 0.055+0.81+0.005 ms clock, 0.44+0.034/1.4/3.2+0.041 ms cpu, 4->4->1 MB, 4 MB goal, 0 MB stacks, 0 MB globals, 8 P
gc 3461 @260.104s 0%: 0.033+0.88+0.004 ms clock, 0.26+0.025/1.4/3.5+0.039 ms cpu, 4->4->1 MB, 4 MB goal, 0 MB stacks, 0 MB globals, 8 P
gc 3462 @260.177s 0%: 0.044+0.94+0.014 ms clock, 0.35+0.034/1.7/3.7+0.11 ms cpu, 3->4->1 MB, 4 MB goal, 0 MB stacks, 0 MB globals, 8 P
gc 3463 @260.254s 0%: 0.043+0.98+0.018 ms clock, 0.35+0.036/1.6/3.4+0.14 ms cpu, 3->4->2 MB, 4 MB goal, 0 MB stacks, 0 MB globals, 8 P
gc 3464 @260.334s 0%: 0.037+1.0+0.004 ms clock, 0.30+0.036/1.8/4.1+0.038 ms cpu, 4->4->1 MB, 4 MB goal, 0 MB stacks, 0 MB globals, 8 P
gc 3465 @260.370s 0%: 0.045+0.78+0.017 ms clock, 0.36+0.035/1.3/2.7+0.13 ms cpu, 3->3->1 MB, 4 MB goal, 0 MB stacks, 0 MB globals, 8 P
gc 3466 @260.439s 0%: 0.033+1.0+0.003 ms clock, 0.26+0.031/1.8/4.6+0.024 ms cpu, 4->4->1 MB, 4 MB goal, 0 MB stacks, 0 MB globals, 8 P
gc 3467 @260.522s 0%: 0.050+0.77+0.004 ms clock, 0.40+0.17/1.4/3.1+0.032 ms cpu, 3->4->1 MB, 4 MB goal, 0 MB stacks, 0 MB globals, 8 P
gc 3468 @260.601s 0%: 0.036+0.72+0.004 ms clock, 0.29+0.035/1.2/2.7+0.033 ms cpu, 3->4->1 MB, 4 MB goal, 0 MB stacks, 0 MB globals, 8 P
gc 3469 @260.677s 0%: 0.042+0.91+0.018 ms clock, 0.34+0.036/1.5/3.1+0.14 ms cpu, 3->4->1 MB, 4 MB goal, 0 MB stacks, 0 MB globals, 8 P
gc 3470 @260.739s 0%: 0.047+0.88+0.017 ms clock, 0.37+0.034/1.5/3.6+0.14 ms cpu, 3->3->1 MB, 4 MB goal, 0 MB stacks, 0 MB globals, 8 P
gc 3471 @260.819s 0%: 0.050+0.96+0.010 ms clock, 0.40+0.037/1.6/3.6+0.085 ms cpu, 3->4->1 MB, 4 MB goal, 0 MB stacks, 0 MB globals, 8 P
gc 3472 @260.892s 0%: 0.072+0.68+0.011 ms clock, 0.57+0.044/1.0/2.2+0.091 ms cpu, 3->4->2 MB, 4 MB goal, 0 MB stacks, 0 MB globals, 8 P
gc 3473 @260.970s 0%: 0.039+0.72+0.017 ms clock, 0.31+0.034/1.3/2.9+0.13 ms cpu, 4->4->1 MB, 4 MB goal, 0 MB stacks, 0 MB globals, 8 P
gc 3474 @261.040s 0%: 0.038+0.81+0.034 ms clock, 0.30+0.033/1.3/2.6+0.27 ms cpu, 4->4->1 MB, 4 MB goal, 0 MB stacks, 0 MB globals, 8 P
gc 3475 @261.107s 0%: 0.032+0.70+0.003 ms clock, 0.26+0.028/1.3/2.9+0.027 ms cpu, 3->4->1 MB, 4 MB goal, 0 MB stacks, 0 MB globals, 8 P
gc 3476 @261.175s 0%: 0.036+1.0+0.023 ms clock, 0.29+0.035/1.7/4.3+0.18 ms cpu, 3->4->1 MB, 4 MB goal, 0 MB stacks, 0 MB globals, 8 P
gc 3477 @261.256s 0%: 0.035+0.82+0.003 ms clock, 0.28+0.037/1.4/3.1+0.025 ms cpu, 3->4->1 MB, 4 MB goal, 0 MB stacks, 0 MB globals, 8 P
gc 3478 @261.327s 0%: 0.043+0.78+0.020 ms clock, 0.34+0.036/1.2/2.5+0.16 ms cpu, 3->4->1 MB, 4 MB goal, 0 MB stacks, 0 MB globals, 8 P
gc 3479 @261.374s 0%: 0.12+0.76+0.024 ms clock, 0.98+0.96/1.2/0.65+0.19 ms cpu, 3->4->2 MB, 4 MB goal, 0 MB stacks, 0 MB globals, 8 P
gc 3480 @261.463s 0%: 0.046+0.68+0.017 ms clock, 0.37+0.042/1.2/1.8+0.14 ms cpu, 4->4->2 MB, 5 MB goal, 0 MB stacks, 0 MB globals, 8 P
gc 3481 @261.532s 0%: 0.041+0.88+0.031 ms clock, 0.33+0.033/1.4/3.3+0.25 ms cpu, 4->4->1 MB, 5 MB goal, 0 MB stacks, 0 MB globals, 8 P
gc 3482 @261.593s 0%: 0.042+0.85+0.053 ms clock, 0.33+0.033/1.4/3.4+0.42 ms cpu, 3->3->1 MB, 4 MB goal, 0 MB stacks, 0 MB globals, 8 P
gc 3483 @261.667s 0%: 0.042+1.0+0.003 ms clock, 0.33+0.038/1.7/4.3+0.027 ms cpu, 3->4->1 MB, 4 MB goal, 0 MB stacks, 0 MB globals, 8 P
gc 3484 @261.744s 0%: 0.036+0.88+0.015 ms clock, 0.28+0.035/1.6/3.4+0.12 ms cpu, 3->4->1 MB, 4 MB goal, 0 MB stacks, 0 MB globals, 8 P
gc 3485 @261.819s 0%: 0.040+1.0+0.016 ms clock, 0.32+0.029/1.8/4.2+0.12 ms cpu, 4->4->1 MB, 4 MB goal, 0 MB stacks, 0 MB globals, 8 P
gc 3486 @261.894s 0%: 0.037+0.76+0.003 ms clock, 0.30+0.035/1.3/3.1+0.027 ms cpu, 3->4->1 MB, 4 MB goal, 0 MB stacks, 0 MB globals, 8 P
gc 3487 @261.962s 0%: 0.036+0.83+0.004 ms clock, 0.29+0.036/1.4/2.7+0.034 ms cpu, 3->4->1 MB, 4 MB goal, 0 MB stacks, 0 MB globals, 8 P
gc 3488 @262.041s 0%: 0.053+1.1+0.013 ms clock, 0.43+0.083/1.8/4.5+0.10 ms cpu, 3->4->2 MB, 4 MB goal, 0 MB stacks, 0 MB globals, 8 P
gc 3489 @262.118s 0%: 0.058+0.76+0.051 ms clock, 0.47+0.023/1.2/1.9+0.41 ms cpu, 4->4->1 MB, 4 MB goal, 0 MB stacks, 0 MB globals, 8 P
gc 3490 @262.186s 0%: 0.037+0.84+0.003 ms clock, 0.30+0.033/1.5/3.0+0.027 ms cpu, 3->4->1 MB, 4 MB goal, 0 MB stacks, 0 MB globals, 8 P
gc 3491 @262.250s 0%: 0.055+1.1+0.029 ms clock, 0.44+0.033/1.9/4.8+0.23 ms cpu, 3->4->1 MB, 4 MB goal, 0 MB stacks, 0 MB globals, 8 P
gc 3492 @262.327s 0%: 0.13+1.0+0.004 ms clock, 1.0+0.25/1.9/3.4+0.032 ms cpu, 4->4->2 MB, 4 MB goal, 0 MB stacks, 0 MB globals, 8 P
gc 3493 @262.378s 0%: 0.16+1.0+0.006 ms clock, 1.3+1.3/1.9/1.7+0.052 ms cpu, 4->4->2 MB, 5 MB goal, 0 MB stacks, 0 MB globals, 8 P
gc 3494 @262.472s 0%: 0.044+1.0+0.018 ms clock, 0.35+0.038/1.8/4.3+0.14 ms cpu, 4->4->1 MB, 5 MB goal, 0 MB stacks, 0 MB globals, 8 P
gc 3495 @262.551s 0%: 0.051+1.0+0.012 ms clock, 0.40+0.038/1.8/4.1+0.10 ms cpu, 3->4->1 MB, 4 MB goal, 0 MB stacks, 0 MB globals, 8 P
gc 3496 @262.623s 0%: 0.047+0.85+0.027 ms clock, 0.38+0.035/1.3/3.1+0.22 ms cpu, 4->4->2 MB, 4 MB goal, 0 MB stacks, 0 MB globals, 8 P
gc 3497 @262.691s 0%: 0.042+0.83+0.017 ms clock, 0.34+0.039/1.1/2.7+0.14 ms cpu, 4->4->2 MB, 4 MB goal, 0 MB stacks, 0 MB globals, 8 P
gc 3498 @262.768s 0%: 0.045+0.79+0.012 ms clock, 0.36+0.039/1.1/2.7+0.10 ms cpu, 4->4->1 MB, 4 MB goal, 0 MB stacks, 0 MB globals, 8 P
gc 3499 @262.840s 0%: 0.040+0.85+0.009 ms clock, 0.32+0.033/1.5/3.3+0.073 ms cpu, 3->4->1 MB, 4 MB goal, 0 MB stacks, 0 MB globals, 8 P
gc 3500 @262.913s 0%: 0.085+0.96+0.003 ms clock, 0.68+0.035/1.6/3.5+0.031 ms cpu, 4->4->2 MB, 4 MB goal, 0 MB stacks, 0 MB globals, 8 P
gc 3501 @262.993s 0%: 0.038+1.1+0.022 ms clock, 0.30+0.033/1.8/4.5+0.17 ms cpu, 4->4->1 MB, 4 MB goal, 0 MB stacks, 0 MB globals, 8 P
gc 3502 @263.073s 0%: 0.041+0.66+0.002 ms clock, 0.33+0.034/1.2/2.8+0.023 ms cpu, 4->4->1 MB, 4 MB goal, 0 MB stacks, 0 MB globals, 8 P
gc 3503 @263.155s 0%: 0.037+0.96+0.003 ms clock, 0.29+0.032/1.7/4.3+0.025 ms cpu, 3->4->1 MB, 4 MB goal, 0 MB stacks, 0 MB globals, 8 P
gc 3504 @263.229s 0%: 0.054+0.89+0.003 ms clock, 0.43+0.041/1.6/3.7+0.026 ms cpu, 3->4->1 MB, 4 MB goal, 0 MB stacks, 0 MB globals, 8 P
gc 3505 @263.300s 0%: 0.035+0.92+0.003 ms clock, 0.28+0.037/1.6/3.7+0.026 ms cpu, 3->4->2 MB, 4 MB goal, 0 MB stacks, 0 MB globals, 8 P
gc 3506 @263.364s 0%: 0.047+0.72+0.003 ms clock, 0.38+0.035/1.3/2.8+0.027 ms cpu, 4->4->1 MB, 4 MB goal, 0 MB stacks, 0 MB globals, 8 P
gc 3507 @263.405s 0%: 0.043+0.66+0.017 ms clock, 0.35+0.035/1.1/2.6+0.13 ms cpu, 3->3->2 MB, 4 MB goal, 0 MB stacks, 0 MB globals, 8 P
gc 3508 @263.485s 0%: 0.037+0.89+0.007 ms clock, 0.30+0.035/1.3/3.2+0.060 ms cpu, 4->4->1 MB, 4 MB goal, 0 MB stacks, 0 MB globals, 8 P
gc 3509 @263.557s 0%: 0.046+0.94+0.003 ms clock, 0.37+0.035/1.7/3.8+0.028 ms cpu, 3->4->2 MB, 4 MB goal, 0 MB stacks, 0 MB globals, 8 P
gc 3510 @263.637s 0%: 0.042+0.89+0.004 ms clock, 0.33+0.036/1.2/2.7+0.032 ms cpu, 4->4->2 MB, 4 MB goal, 0 MB stacks, 0 MB globals, 8 P
gc 3511 @263.718s 0%: 0.051+1.0+0.004 ms clock, 0.41+0.046/1.8/4.0+0.037 ms cpu, 4->4->1 MB, 4 MB goal, 0 MB stacks, 0 MB globals, 8 P
gc 3512 @263.793s 0%: 0.051+0.81+0.003 ms clock, 0.41+0.033/1.3/3.1+0.029 ms cpu, 3->4->1 MB, 4 MB goal, 0 MB stacks, 0 MB globals, 8 P
gc 3513 @263.875s 0%: 0.045+0.81+0.023 ms clock, 0.36+0.034/1.3/2.9+0.18 ms cpu, 4->4->1 MB, 4 MB goal, 0 MB stacks, 0 MB globals, 8 P
gc 3514 @263.941s 0%: 0.043+0.74+0.003 ms clock, 0.35+0.033/1.2/3.0+0.028 ms cpu, 3->4->1 MB, 4 MB goal, 0 MB stacks, 0 MB globals, 8 P
gc 3515 @264.015s 0%: 0.044+1.0+0.018 ms clock, 0.35+0.034/1.7/4.1+0.15 ms cpu, 3->4->1 MB, 4 MB goal, 0 MB stacks, 0 MB globals, 8 P
gc 3516 @264.090s 0%: 0.037+0.89+0.003 ms clock, 0.30+0.033/1.6/3.4+0.029 ms cpu, 4->4->1 MB, 4 MB goal, 0 MB stacks, 0 MB globals, 8 P
gc 3517 @264.165s 0%: 0.042+1.0+0.003 ms clock, 0.34+0.036/1.8/4.0+0.031 ms cpu, 3->4->1 MB, 4 MB goal, 0 MB stacks, 0 MB globals, 8 P
gc 3518 @264.243s 0%: 0.044+0.83+0.009 ms clock, 0.35+0.034/1.4/2.9+0.074 ms cpu, 4->4->2 MB, 4 MB goal, 0 MB stacks, 0 MB globals, 8 P
gc 3519 @264.325s 0%: 0.040+0.74+0.007 ms clock, 0.32+0.034/1.3/2.8+0.061 ms cpu, 4->4->1 MB, 4 MB goal, 0 MB stacks, 0 MB globals, 8 P
gc 3520 @264.386s 0%: 0.11+0.88+0.029 ms clock, 0.95+1.9/1.5/0.57+0.23 ms cpu, 3->4->2 MB, 4 MB goal, 0 MB stacks, 0 MB globals, 8 P
gc 3521 @264.458s 0%: 0.042+0.76+0.006 ms clock, 0.34+0.034/1.3/3.1+0.052 ms cpu, 4->4->2 MB, 5 MB goal, 0 MB stacks, 0 MB globals, 8 P
gc 3522 @264.526s 0%: 0.078+1.1+0.027 ms clock, 0.62+0.080/2.0/3.8+0.21 ms cpu, 4->4->2 MB, 4 MB goal, 0 MB stacks, 0 MB globals, 8 P
gc 3523 @264.597s 0%: 0.046+0.84+0.009 ms clock, 0.36+0.034/1.4/3.2+0.078 ms cpu, 4->4->1 MB, 4 MB goal, 0 MB stacks, 0 MB globals, 8 P
gc 3524 @264.674s 0%: 0.045+0.95+0.018 ms clock, 0.36+0.036/1.6/3.8+0.15 ms cpu, 3->4->1 MB, 4 MB goal, 0 MB stacks, 0 MB globals, 8 P
gc 3525 @264.748s 0%: 0.037+1.2+0.019 ms clock, 0.29+0.038/1.9/3.4+0.15 ms cpu, 3->4->1 MB, 4 MB goal, 0 MB stacks, 0 MB globals, 8 P
gc 3526 @264.824s 0%: 0.053+0.84+0.004 ms clock, 0.42+0.036/1.4/2.7+0.033 ms cpu, 3->4->1 MB, 4 MB goal, 0 MB stacks, 0 MB globals, 8 P
gc 3527 @264.902s 0%: 0.044+0.82+0.030 ms clock, 0.35+0.038/1.3/2.4+0.24 ms cpu, 4->4->1 MB, 4 MB goal, 0 MB stacks, 0 MB globals, 8 P
gc 3528 @264.974s 0%: 0.041+0.78+0.019 ms clock, 0.33+0.037/1.2/2.2+0.15 ms cpu, 4->4->1 MB, 4 MB goal, 0 MB stacks, 0 MB globals, 8 P
gc 3529 @265.024s 0%: 0.041+0.76+0.003 ms clock, 0.33+0.034/1.2/3.0+0.026 ms cpu, 3->4->1 MB, 4 MB goal, 0 MB stacks, 0 MB globals, 8 P
gc 3530 @265.095s 0%: 0.045+0.89+0.007 ms clock, 0.36+0.033/1.6/3.5+0.062 ms cpu, 3->4->1 MB, 4 MB goal, 0 MB stacks, 0 MB globals, 8 P
gc 3531 @265.159s 0%: 0.040+0.94+0.033 ms clock, 0.32+0.036/1.6/3.6+0.26 ms cpu, 3->4->1 MB, 4 MB goal, 0 MB stacks, 0 MB globals, 8 P
gc 3532 @265.236s 0%: 0.034+1.1+0.003 ms clock, 0.27+0.040/1.9/4.8+0.031 ms cpu, 3->4->1 MB, 4 MB goal, 0 MB stacks, 0 MB globals, 8 P
gc 3533 @265.309s 0%: 0.040+1.0+0.022 ms clock, 0.32+0.035/1.9/4.3+0.17 ms cpu, 4->4->1 MB, 4 MB goal, 0 MB stacks, 0 MB globals, 8 P
gc 3534 @265.378s 0%: 0.046+0.84+0.029 ms clock, 0.37+0.040/1.3/2.7+0.23 ms cpu, 3->4->2 MB, 4 MB goal, 0 MB stacks, 0 MB globals, 8 P
gc 3535 @265.414s 0%: 0.036+0.91+0.003 ms clock, 0.29+0.028/1.5/3.3+0.029 ms cpu, 4->4->2 MB, 4 MB goal, 0 MB stacks, 0 MB globals, 8 P
gc 3536 @265.494s 0%: 0.045+0.87+0.026 ms clock, 0.36+0.035/1.4/2.8+0.21 ms cpu, 4->4->2 MB, 4 MB goal, 0 MB stacks, 0 MB globals, 8 P
gc 3537 @265.570s 0%: 0.052+0.80+0.003 ms clock, 0.42+0.035/1.4/2.9+0.026 ms cpu, 4->4->2 MB, 4 MB goal, 0 MB stacks, 0 MB globals, 8 P
gc 3538 @265.652s 0%: 0.042+0.85+0.015 ms clock, 0.33+0.033/1.3/3.3+0.12 ms cpu, 4->4->1 MB, 4 MB goal, 0 MB stacks, 0 MB globals, 8 P
gc 3539 @265.734s 0%: 0.041+0.82+0.015 ms clock, 0.33+0.036/1.2/2.6+0.12 ms cpu, 3->4->1 MB, 4 MB goal, 0 MB stacks, 0 MB globals, 8 P
gc 3540 @265.807s 0%: 0.041+0.97+0.027 ms clock, 0.32+0.033/1.6/3.1+0.21 ms cpu, 3->4->2 MB, 4 MB goal, 0 MB stacks, 0 MB globals, 8 P
gc 3541 @265.876s 0%: 0.056+0.80+0.003 ms clock, 0.44+0.039/1.1/2.3+0.030 ms cpu, 4->4->1 MB, 4 MB goal, 0 MB stacks, 0 MB globals, 8 P
gc 3542 @265.948s 0%: 0.047+1.0+0.022 ms clock, 0.37+0.037/1.8/4.1+0.17 ms cpu, 3->4->2 MB, 4 MB goal, 0 MB stacks, 0 MB globals, 8 P
gc 3543 @266.029s 0%: 0.041+0.73+0.004 ms clock, 0.32+0.035/1.2/2.4+0.034 ms cpu, 4->4->2 MB, 4 MB goal, 0 MB stacks, 0 MB globals, 8 P
gc 3544 @266.103s 0%: 0.040+0.82+0.013 ms clock, 0.32+0.032/1.3/2.7+0.10 ms cpu, 4->4->2 MB, 4 MB goal, 0 MB stacks, 0 MB globals, 8 P
gc 3545 @266.190s 0%: 0.073+0.77+0.003 ms clock, 0.58+0.69/1.3/0.98+0.026 ms cpu, 4->4->2 MB, 4 MB goal, 0 MB stacks, 0 MB globals, 8 P
gc 3546 @266.267s 0%: 0.047+0.73+0.003 ms clock, 0.38+0.043/1.2/2.5+0.027 ms cpu, 4->4->2 MB, 5 MB goal, 0 MB stacks, 0 MB globals, 8 P
gc 3547 @266.341s 0%: 0.042+0.96+0.003 ms clock, 0.33+0.039/1.8/4.1+0.028 ms cpu, 4->4->1 MB, 4 MB goal, 0 MB stacks, 0 MB globals, 8 P
gc 3548 @266.394s 0%: 0.13+0.77+0.003 ms clock, 1.0+0.97/1.3/0.19+0.031 ms cpu, 3->4->2 MB, 4 MB goal, 0 MB stacks, 0 MB globals, 8 P
gc 3549 @266.475s 0%: 0.044+0.91+0.024 ms clock, 0.35+0.033/1.6/3.7+0.19 ms cpu, 4->4->2 MB, 5 MB goal, 0 MB stacks, 0 MB globals, 8 P
gc 3550 @266.552s 0%: 0.046+0.95+0.004 ms clock, 0.36+0.035/1.7/4.0+0.039 ms cpu, 4->4->1 MB, 4 MB goal, 0 MB stacks, 0 MB globals, 8 P
gc 3551 @266.632s 0%: 0.044+0.82+0.030 ms clock, 0.35+0.036/1.4/3.1+0.24 ms cpu, 3->4->1 MB, 4 MB goal, 0 MB stacks, 0 MB globals, 8 P
gc 3552 @266.697s 0%: 0.036+0.94+0.003 ms clock, 0.29+0.029/1.7/4.2+0.028 ms cpu, 3->4->2 MB, 4 MB goal, 0 MB stacks, 0 MB globals, 8 P
gc 3553 @266.773s 0%: 0.038+0.89+0.025 ms clock, 0.30+0.033/1.5/3.3+0.20 ms cpu, 4->4->1 MB, 5 MB goal, 0 MB stacks, 0 MB globals, 8 P
gc 3554 @266.845s 0%: 0.036+0.96+0.015 ms clock, 0.29+0.034/1.6/3.8+0.12 ms cpu, 3->4->1 MB, 4 MB goal, 0 MB stacks, 0 MB globals, 8 P
gc 3555 @266.921s 0%: 0.045+0.76+0.004 ms clock, 0.36+0.036/1.4/2.7+0.032 ms cpu, 4->4->1 MB, 4 MB goal, 0 MB stacks, 0 MB globals, 8 P
gc 3556 @266.992s 0%: 0.039+0.65+0.003 ms clock, 0.31+0.037/1.2/2.5+0.026 ms cpu, 3->4->1 MB, 4 MB goal, 0 MB stacks, 0 MB globals, 8 P
gc 3557 @267.064s 0%: 0.048+0.88+0.004 ms clock, 0.39+0.032/1.5/3.5+0.032 ms cpu, 3->4->1 MB, 4 MB goal, 0 MB stacks, 0 MB globals, 8 P
gc 3558 @267.139s 0%: 0.037+0.73+0.002 ms clock, 0.29+0.038/1.2/3.0+0.023 ms cpu, 3->3->1 MB, 4 MB goal, 0 MB stacks, 0 MB globals, 8 P
gc 3559 @267.205s 0%: 0.043+0.69+0.003 ms clock, 0.34+0.049/1.2/2.5+0.027 ms cpu, 3->4->1 MB, 4 MB goal, 0 MB stacks, 0 MB globals, 8 P
gc 3560 @267.284s 0%: 0.040+1.0+0.021 ms clock, 0.32+0.039/1.8/4.3+0.17 ms cpu, 3->4->1 MB, 4 MB goal, 0 MB stacks, 0 MB globals, 8 P
gc 3561 @267.354s 0%: 0.048+0.79+0.003 ms clock, 0.38+0.41/1.4/2.6+0.026 ms cpu, 4->4->2 MB, 4 MB goal, 0 MB stacks, 0 MB globals, 8 P
gc 3562 @267.398s 0%: 0.13+0.86+0.038 ms clock, 1.0+0.79/1.5/1.9+0.30 ms cpu, 4->4->2 MB, 4 MB goal, 0 MB stacks, 0 MB globals, 8 P
gc 3563 @267.475s 0%: 0.037+1.0+0.010 ms clock, 0.29+0.034/1.7/4.1+0.086 ms cpu, 4->4->2 MB, 4 MB goal, 0 MB stacks, 0 MB globals, 8 P
gc 3564 @267.555s 0%: 0.082+1.1+0.015 ms clock, 0.66+0.040/2.2/4.9+0.12 ms cpu, 4->4->1 MB, 4 MB goal, 0 MB stacks, 0 MB globals, 8 P
gc 3565 @267.639s 0%: 0.041+0.92+0.003 ms clock, 0.32+0.033/1.6/4.1+0.024 ms cpu, 4->4->2 MB, 4 MB goal, 0 MB stacks, 0 MB globals, 8 P
gc 3566 @267.719s 0%: 0.059+0.81+0.007 ms clock, 0.47+0.037/1.4/2.8+0.059 ms cpu, 4->4->2 MB, 5 MB goal, 0 MB stacks, 0 MB globals, 8 P
gc 3567 @267.795s 0%: 0.042+0.72+0.003 ms clock, 0.33+0.043/1.3/3.1+0.028 ms cpu, 4->4->1 MB, 4 MB goal, 0 MB stacks, 0 MB globals, 8 P
gc 3568 @267.858s 0%: 0.046+0.88+0.016 ms clock, 0.36+0.035/1.5/3.5+0.13 ms cpu, 3->4->2 MB, 4 MB goal, 0 MB stacks, 0 MB globals, 8 P
gc 3569 @267.932s 0%: 0.040+1.0+0.023 ms clock, 0.32+0.035/1.7/4.4+0.18 ms cpu, 4->4->1 MB, 4 MB goal, 0 MB stacks, 0 MB globals, 8 P
gc 3570 @268.016s 0%: 0.037+0.97+0.021 ms clock, 0.29+0.028/1.7/3.7+0.17 ms cpu, 4->4->1 MB, 4 MB goal, 0 MB stacks, 0 MB globals, 8 P
gc 3571 @268.089s 0%: 0.031+0.88+0.027 ms clock, 0.25+0.041/1.4/3.2+0.21 ms cpu, 3->4->1 MB, 4 MB goal, 0 MB stacks, 0 MB globals, 8 P
gc 3572 @268.159s 0%: 0.036+1.1+0.017 ms clock, 0.28+0.033/1.9/4.5+0.14 ms cpu, 3->4->1 MB, 4 MB goal, 0 MB stacks, 0 MB globals, 8 P
gc 3573 @268.233s 0%: 0.045+0.84+0.022 ms clock, 0.36+0.036/1.4/3.1+0.18 ms cpu, 4->4->1 MB, 4 MB goal, 0 MB stacks, 0 MB globals, 8 P
gc 3574 @268.318s 0%: 0.035+0.81+0.008 ms clock, 0.28+0.034/1.3/2.7+0.071 ms cpu, 4->4->1 MB, 4 MB goal, 0 MB stacks, 0 MB globals, 8 P
gc 3575 @268.395s 0%: 0.035+0.88+0.010 ms clock, 0.28+0.031/1.6/3.6+0.087 ms cpu, 3->4->2 MB, 4 MB goal, 0 MB stacks, 0 MB globals, 8 P
gc 3576 @268.432s 0%: 0.047+0.78+0.015 ms clock, 0.38+0.042/1.2/2.7+0.12 ms cpu, 4->4->2 MB, 5 MB goal, 0 MB stacks, 0 MB globals, 8 P
gc 3577 @268.505s 0%: 0.049+0.97+0.004 ms clock, 0.39+0.036/1.7/3.9+0.038 ms cpu, 4->4->1 MB, 5 MB goal, 0 MB stacks, 0 MB globals, 8 P
gc 3578 @268.577s 0%: 0.042+0.78+0.003 ms clock, 0.33+0.035/1.2/2.8+0.030 ms cpu, 3->4->1 MB, 4 MB goal, 0 MB stacks, 0 MB globals, 8 P
gc 3579 @268.649s 0%: 0.045+0.73+0.004 ms clock, 0.36+0.038/1.3/2.8+0.033 ms cpu, 3->4->1 MB, 4 MB goal, 0 MB stacks, 0 MB globals, 8 P
gc 3580 @268.722s 0%: 0.047+0.75+0.005 ms clock, 0.37+0.44/1.1/1.9+0.044 ms cpu, 3->4->1 MB, 4 MB goal, 0 MB stacks, 0 MB globals, 8 P
gc 3581 @268.809s 0%: 0.032+1.0+0.013 ms clock, 0.26+0.033/1.8/4.4+0.10 ms cpu, 3->4->1 MB, 4 MB goal, 0 MB stacks, 0 MB globals, 8 P
gc 3582 @268.883s 0%: 0.037+0.85+0.023 ms clock, 0.30+0.034/1.5/3.3+0.18 ms cpu, 3->4->1 MB, 4 MB goal, 0 MB stacks, 0 MB globals, 8 P
gc 3583 @268.951s 0%: 0.043+1.1+0.022 ms clock, 0.34+0.034/2.0/4.3+0.17 ms cpu, 3->4->1 MB, 4 MB goal, 0 MB stacks, 0 MB globals, 8 P
gc 3584 @269.033s 0%: 0.040+0.76+0.003 ms clock, 0.32+0.036/1.4/2.9+0.028 ms cpu, 3->4->2 MB, 4 MB goal, 0 MB stacks, 0 MB globals, 8 P
gc 3585 @269.106s 0%: 0.050+1.0+0.020 ms clock, 0.40+0/1.9/4.2+0.16 ms cpu, 4->4->1 MB, 4 MB goal, 0 MB stacks, 0 MB globals, 8 P
gc 3586 @269.184s 0%: 0.048+0.86+0.024 ms clock, 0.38+0.038/1.2/3.1+0.19 ms cpu, 3->4->1 MB, 4 MB goal, 0 MB stacks, 0 MB globals, 8 P
gc 3587 @269.261s 0%: 0.049+0.81+0.020 ms clock, 0.39+0.034/1.2/2.8+0.16 ms cpu, 3->4->2 MB, 4 MB goal, 0 MB stacks, 0 MB globals, 8 P
gc 3588 @269.344s 0%: 0.034+0.93+0.004 ms clock, 0.27+0.032/1.6/3.8+0.033 ms cpu, 4->4->1 MB, 5 MB goal, 0 MB stacks, 0 MB globals, 8 P
gc 3589 @269.407s 0%: 0.11+0.96+0.045 ms clock, 0.88+1.5/1.3/0.42+0.36 ms cpu, 4->4->2 MB, 4 MB goal, 0 MB stacks, 0 MB globals, 8 P
gc 3590 @269.490s 0%: 0.037+1.1+0.007 ms clock, 0.29+0.033/1.8/4.1+0.057 ms cpu, 4->4->2 MB, 5 MB goal, 0 MB stacks, 0 MB globals, 8 P
gc 3591 @269.570s 0%: 0.045+0.87+0.022 ms clock, 0.36+0.033/1.5/3.6+0.17 ms cpu, 4->4->1 MB, 5 MB goal, 0 MB stacks, 0 MB globals, 8 P
gc 3592 @269.636s 0%: 0.046+0.74+0.017 ms clock, 0.37+0.037/1.0/2.7+0.13 ms cpu, 3->4->1 MB, 4 MB goal, 0 MB stacks, 0 MB globals, 8 P
gc 3593 @269.705s 0%: 0.036+0.75+0.030 ms clock, 0.29+0.036/1.2/2.8+0.24 ms cpu, 3->3->1 MB, 4 MB goal, 0 MB stacks, 0 MB globals, 8 P
gc 3594 @269.760s 0%: 0.044+0.82+0.027 ms clock, 0.35+0.043/1.2/3.1+0.22 ms cpu, 3->4->1 MB, 4 MB goal, 0 MB stacks, 0 MB globals, 8 P
gc 3595 @269.825s 0%: 0.042+0.73+0.003 ms clock, 0.34+0.039/1.4/2.7+0.028 ms cpu, 3->4->2 MB, 4 MB goal, 0 MB stacks, 0 MB globals, 8 P
gc 3596 @269.900s 0%: 0.037+0.92+0.029 ms clock, 0.29+0.034/1.5/3.5+0.23 ms cpu, 4->4->1 MB, 4 MB goal, 0 MB stacks, 0 MB globals, 8 P
gc 3597 @269.985s 0%: 0.037+0.79+0.008 ms clock, 0.30+0.035/1.3/3.1+0.070 ms cpu, 4->4->2 MB, 4 MB goal, 0 MB stacks, 0 MB globals, 8 P
gc 3598 @270.032s 0%: 0.038+0.72+0.007 ms clock, 0.30+0.035/1.2/2.4+0.061 ms cpu, 4->4->2 MB, 4 MB goal, 0 MB stacks, 0 MB globals, 8 P
gc 3599 @270.103s 0%: 0.034+0.86+0.020 ms clock, 0.27+0.032/1.3/2.8+0.16 ms cpu, 4->4->1 MB, 4 MB goal, 0 MB stacks, 0 MB globals, 8 P
gc 3600 @270.174s 0%: 0.037+0.77+0.006 ms clock, 0.29+0.034/1.3/2.8+0.054 ms cpu, 3->4->1 MB, 4 MB goal, 0 MB stacks, 0 MB globals, 8 P
gc 3601 @270.247s 0%: 0.045+1.0+0.017 ms clock, 0.36+0.034/1.9/4.4+0.14 ms cpu, 3->4->2 MB, 4 MB goal, 0 MB stacks, 0 MB globals, 8 P
gc 3602 @270.320s 0%: 0.034+0.85+0.003 ms clock, 0.27+0.032/1.3/2.5+0.030 ms cpu, 4->4->1 MB, 4 MB goal, 0 MB stacks, 0 MB globals, 8 P
gc 3603 @270.397s 0%: 0.038+0.85+0.003 ms clock, 0.30+0.031/1.6/3.6+0.029 ms cpu, 3->4->1 MB, 4 MB goal, 0 MB stacks, 0 MB globals, 8 P
gc 3604 @270.429s 0%: 0.047+0.65+0.030 ms clock, 0.37+0.041/1.0/2.2+0.24 ms cpu, 3->3->2 MB, 4 MB goal, 0 MB stacks, 0 MB globals, 8 P
gc 3605 @270.505s 0%: 0.042+1.0+0.003 ms clock, 0.33+0.035/1.8/4.2+0.025 ms cpu, 4->4->1 MB, 4 MB goal, 0 MB stacks, 0 MB globals, 8 P
gc 3606 @270.586s 0%: 0.039+0.80+0.003 ms clock, 0.31+0.034/1.4/2.9+0.030 ms cpu, 4->4->2 MB, 4 MB goal, 0 MB stacks, 0 MB globals, 8 P
gc 3607 @270.665s 0%: 0.037+1.0+0.011 ms clock, 0.29+0.035/1.8/4.4+0.094 ms cpu, 4->4->2 MB, 4 MB goal, 0 MB stacks, 0 MB globals, 8 P
gc 3608 @270.742s 0%: 0.054+0.61+0.004 ms clock, 0.43+0.040/1.1/1.8+0.036 ms cpu, 4->4->1 MB, 5 MB goal, 0 MB stacks, 0 MB globals, 8 P
gc 3609 @270.820s 0%: 0.038+0.75+0.003 ms clock, 0.30+0.044/1.3/3.0+0.024 ms cpu, 3->4->1 MB, 4 MB goal, 0 MB stacks, 0 MB globals, 8 P
gc 3610 @270.897s 0%: 0.036+0.77+0.002 ms clock, 0.29+0.036/1.4/2.8+0.022 ms cpu, 3->4->1 MB, 4 MB goal, 0 MB stacks, 0 MB globals, 8 P
gc 3611 @270.968s 0%: 0.039+1.0+0.007 ms clock, 0.31+0.039/1.7/4.0+0.060 ms cpu, 3->4->2 MB, 4 MB goal, 0 MB stacks, 0 MB globals, 8 P
gc 3612 @271.040s 0%: 0.048+1.0+0.008 ms clock, 0.38+0.038/1.9/4.1+0.070 ms cpu, 4->4->2 MB, 4 MB goal, 0 MB stacks, 0 MB globals, 8 P
gc 3613 @271.118s 0%: 0.081+0.80+0.019 ms clock, 0.65+0.045/1.3/2.5+0.15 ms cpu, 4->4->1 MB, 4 MB goal, 0 MB stacks, 0 MB globals, 8 P
gc 3614 @271.186s 0%: 0.047+1.0+0.025 ms clock, 0.38+0.034/1.8/4.0+0.20 ms cpu, 3->4->1 MB, 4 MB goal, 0 MB stacks, 0 MB globals, 8 P
gc 3615 @271.261s 0%: 0.039+1.0+0.003 ms clock, 0.31+0.032/1.9/4.7+0.027 ms cpu, 4->4->1 MB, 4 MB goal, 0 MB stacks, 0 MB globals, 8 P
gc 3616 @271.343s 0%: 0.047+0.97+0.016 ms clock, 0.38+0.036/1.7/3.8+0.13 ms cpu, 3->4->1 MB, 4 MB goal, 0 MB stacks, 0 MB globals, 8 P
gc 3617 @271.414s 0%: 0.13+0.80+0.014 ms clock, 1.0+1.8/1.3/0.029+0.11 ms cpu, 4->4->2 MB, 4 MB goal, 0 MB stacks, 0 MB globals, 8 P
gc 3618 @271.480s 0%: 0.040+0.86+0.015 ms clock, 0.32+0.035/1.4/3.5+0.12 ms cpu, 4->4->2 MB, 5 MB goal, 0 MB stacks, 0 MB globals, 8 P
gc 3619 @271.554s 0%: 0.052+0.81+0.003 ms clock, 0.41+0.034/1.4/3.1+0.026 ms cpu, 4->4->1 MB, 4 MB goal, 0 MB stacks, 0 MB globals, 8 P
gc 3620 @271.626s 0%: 0.14+1.0+0.004 ms clock, 1.1+0.10/1.7/3.2+0.033 ms cpu, 3->4->1 MB, 4 MB goal, 0 MB stacks, 0 MB globals, 8 P
gc 3621 @271.706s 0%: 0.050+1.0+0.006 ms clock, 0.40+0.038/1.8/4.2+0.049 ms cpu, 3->4->2 MB, 4 MB goal, 0 MB stacks, 0 MB globals, 8 P
gc 3622 @271.782s 0%: 0.041+0.88+0.020 ms clock, 0.33+0.034/1.4/2.8+0.16 ms cpu, 4->4->1 MB, 4 MB goal, 0 MB stacks, 0 MB globals, 8 P
gc 3623 @271.861s 0%: 0.038+0.86+0.021 ms clock, 0.30+0.038/1.4/2.9+0.16 ms cpu, 3->4->2 MB, 4 MB goal, 0 MB stacks, 0 MB globals, 8 P
gc 3624 @271.931s 0%: 0.033+0.68+0.017 ms clock, 0.26+0.033/1.2/2.4+0.13 ms cpu, 4->4->1 MB, 4 MB goal, 0 MB stacks, 0 MB globals, 8 P
gc 3625 @271.998s 0%: 0.030+0.94+0.007 ms clock, 0.24+0.025/1.6/3.8+0.056 ms cpu, 3->4->1 MB, 4 MB goal, 0 MB stacks, 0 MB globals, 8 P
gc 3626 @272.071s 0%: 0.042+0.89+0.003 ms clock, 0.34+0.038/1.6/3.2+0.027 ms cpu, 3->4->1 MB, 4 MB goal, 0 MB stacks, 0 MB globals, 8 P
gc 3627 @272.147s 0%: 0.042+0.87+0.027 ms clock, 0.34+0.035/1.5/3.5+0.21 ms cpu, 3->4->1 MB, 4 MB goal, 0 MB stacks, 0 MB globals, 8 P
gc 3628 @272.226s 0%: 0.029+0.80+0.003 ms clock, 0.23+0.032/1.4/3.2+0.029 ms cpu, 4->4->1 MB, 4 MB goal, 0 MB stacks, 0 MB globals, 8 P
gc 3629 @272.304s 0%: 0.037+0.85+0.003 ms clock, 0.29+0.033/1.4/3.1+0.024 ms cpu, 3->4->1 MB, 4 MB goal, 0 MB stacks, 0 MB globals, 8 P
gc 3630 @272.382s 0%: 0.045+1.0+0.009 ms clock, 0.36+0.034/1.7/4.2+0.076 ms cpu, 3->4->1 MB, 4 MB goal, 0 MB stacks, 0 MB globals, 8 P
gc 3631 @272.418s 0%: 0.14+0.68+0.004 ms clock, 1.1+0.14/1.2/1.9+0.035 ms cpu, 3->4->2 MB, 4 MB goal, 0 MB stacks, 0 MB globals, 8 P
gc 3632 @272.498s 0%: 0.036+0.73+0.003 ms clock, 0.28+0.038/1.3/2.6+0.030 ms cpu, 4->4->2 MB, 5 MB goal, 0 MB stacks, 0 MB globals, 8 P
gc 3633 @272.573s 0%: 0.054+1.0+0.005 ms clock, 0.43+0.036/1.8/4.6+0.040 ms cpu, 4->4->1 MB, 4 MB goal, 0 MB stacks, 0 MB globals, 8 P
gc 3634 @272.645s 0%: 0.046+1.0+0.003 ms clock, 0.37+0.035/1.9/4.2+0.027 ms cpu, 4->4->1 MB, 4 MB goal, 0 MB stacks, 0 MB globals, 8 P
gc 3635 @272.723s 0%: 0.028+0.92+0.019 ms clock, 0.22+0.025/1.6/3.6+0.15 ms cpu, 3->4->1 MB, 4 MB goal, 0 MB stacks, 0 MB globals, 8 P
gc 3636 @272.788s 0%: 0.040+1.1+0.005 ms clock, 0.32+0.034/2.0/4.7+0.042 ms cpu, 3->4->2 MB, 4 MB goal, 0 MB stacks, 0 MB globals, 8 P
gc 3637 @272.857s 0%: 0.036+0.74+0.004 ms clock, 0.29+0.034/1.3/2.8+0.035 ms cpu, 4->4->1 MB, 4 MB goal, 0 MB stacks, 0 MB globals, 8 P
gc 3638 @272.937s 0%: 0.039+0.74+0.037 ms clock, 0.31+0.036/1.3/2.4+0.29 ms cpu, 3->4->1 MB, 4 MB goal, 0 MB stacks, 0 MB globals, 8 P
gc 3639 @273.007s 0%: 0.044+0.84+0.017 ms clock, 0.35+0.035/1.3/2.9+0.14 ms cpu, 3->4->1 MB, 4 MB goal, 0 MB stacks, 0 MB globals, 8 P
gc 3640 @273.088s 0%: 0.040+0.80+0.004 ms clock, 0.32+0.035/1.4/3.0+0.033 ms cpu, 3->4->1 MB, 4 MB goal, 0 MB stacks, 0 MB globals, 8 P
gc 3641 @273.143s 0%: 0.071+1.2+0.025 ms clock, 0.57+0.086/2.1/4.0+0.20 ms cpu, 3->3->1 MB, 4 MB goal, 0 MB stacks, 0 MB globals, 8 P
gc 3642 @273.217s 0%: 0.038+0.82+0.013 ms clock, 0.30+0.029/1.4/2.8+0.10 ms cpu, 3->4->1 MB, 4 MB goal, 0 MB stacks, 0 MB globals, 8 P
gc 3643 @273.283s 0%: 0.040+0.93+0.003 ms clock, 0.32+0.035/1.7/3.6+0.025 ms cpu, 3->4->1 MB, 4 MB goal, 0 MB stacks, 0 MB globals, 8 P
gc 3644 @273.358s 0%: 0.042+0.97+0.032 ms clock, 0.34+0.034/1.7/4.1+0.25 ms cpu, 4->4->1 MB, 4 MB goal, 0 MB stacks, 0 MB globals, 8 P
gc 3645 @273.422s 0%: 0.11+0.85+0.017 ms clock, 0.93+1.0/1.4/0.55+0.13 ms cpu, 3->4->2 MB, 4 MB goal, 0 MB stacks, 0 MB globals, 8 P
gc 3646 @273.510s 0%: 0.042+0.75+0.017 ms clock, 0.34+0.042/1.2/2.6+0.14 ms cpu, 4->4->1 MB, 5 MB goal, 0 MB stacks, 0 MB globals, 8 P
gc 3647 @273.577s 0%: 0.044+0.82+0.032 ms clock, 0.35+0.035/1.4/3.2+0.26 ms cpu, 3->4->1 MB, 4 MB goal, 0 MB stacks, 0 MB globals, 8 P
gc 3648 @273.648s 0%: 0.040+1.0+0.028 ms clock, 0.32+0.034/1.8/4.1+0.23 ms cpu, 3->4->2 MB, 4 MB goal, 0 MB stacks, 0 MB globals, 8 P
gc 3649 @273.731s 0%: 0.046+0.81+0.014 ms clock, 0.37+0.037/1.3/2.6+0.11 ms cpu, 4->4->2 MB, 4 MB goal, 0 MB stacks, 0 MB globals, 8 P
gc 3650 @273.810s 0%: 0.043+0.97+0.023 ms clock, 0.34+0.034/1.7/4.0+0.18 ms cpu, 4->4->2 MB, 4 MB goal, 0 MB stacks, 0 MB globals, 8 P
gc 3651 @273.887s 0%: 0.042+0.82+0.028 ms clock, 0.34+0.035/1.2/2.7+0.22 ms cpu, 4->4->2 MB, 4 MB goal, 0 MB stacks, 0 MB globals, 8 P
gc 3652 @273.958s 0%: 0.037+1.0+0.018 ms clock, 0.29+0.033/1.8/4.5+0.14 ms cpu, 4->4->2 MB, 4 MB goal, 0 MB stacks, 0 MB globals, 8 P
gc 3653 @274.041s 0%: 0.045+0.91+0.037 ms clock, 0.36+0.034/1.5/3.3+0.30 ms cpu, 4->4->1 MB, 4 MB goal, 0 MB stacks, 0 MB globals, 8 P
gc 3654 @274.111s 0%: 0.039+0.90+0.005 ms clock, 0.31+0.028/1.5/3.2+0.046 ms cpu, 3->4->2 MB, 4 MB goal, 0 MB stacks, 0 MB globals, 8 P
gc 3655 @274.189s 0%: 0.041+0.76+0.034 ms clock, 0.33+0.033/1.2/2.5+0.27 ms cpu, 4->4->1 MB, 4 MB goal, 0 MB stacks, 0 MB globals, 8 P
gc 3656 @274.261s 0%: 0.048+1.0+0.003 ms clock, 0.38+0.033/1.7/4.2+0.029 ms cpu, 3->4->1 MB, 4 MB goal, 0 MB stacks, 0 MB globals, 8 P
gc 3657 @274.338s 0%: 0.045+1.0+0.016 ms clock, 0.36+0.038/1.7/3.8+0.12 ms cpu, 4->4->2 MB, 4 MB goal, 0 MB stacks, 0 MB globals, 8 P
gc 3658 @274.415s 0%: 0.037+0.93+0.059 ms clock, 0.29+0.029/1.5/3.6+0.47 ms cpu, 4->4->2 MB, 4 MB goal, 0 MB stacks, 0 MB globals, 8 P
gc 3659 @274.450s 0%: 0.044+1.0+0.004 ms clock, 0.35+0.031/1.8/4.0+0.033 ms cpu, 4->4->2 MB, 4 MB goal, 0 MB stacks, 0 MB globals, 8 P
gc 3660 @274.530s 0%: 0.048+0.79+0.077 ms clock, 0.39+0.036/1.3/2.9+0.61 ms cpu, 4->4->2 MB, 5 MB goal, 0 MB stacks, 0 MB globals, 8 P
gc 3661 @274.589s 0%: 0.041+0.88+0.012 ms clock, 0.32+0/1.4/2.8+0.097 ms cpu, 4->4->1 MB, 4 MB goal, 0 MB stacks, 0 MB globals, 8 P
gc 3662 @274.671s 0%: 0.051+0.80+0.032 ms clock, 0.41+0.037/1.3/2.6+0.25 ms cpu, 4->4->1 MB, 4 MB goal, 0 MB stacks, 0 MB globals, 8 P
gc 3663 @274.745s 0%: 0.050+0.93+0.003 ms clock, 0.40+0.032/1.6/3.6+0.030 ms cpu, 3->4->1 MB, 4 MB goal, 0 MB stacks, 0 MB globals, 8 P
gc 3664 @274.819s 0%: 0.040+0.70+0.027 ms clock, 0.32+0.036/1.1/1.9+0.22 ms cpu, 3->4->1 MB, 4 MB goal, 0 MB stacks, 0 MB globals, 8 P
gc 3665 @274.885s 0%: 0.039+1.0+0.004 ms clock, 0.31+0.034/1.9/4.6+0.034 ms cpu, 3->4->2 MB, 4 MB goal, 0 MB stacks, 0 MB globals, 8 P
gc 3666 @274.965s 0%: 0.045+0.84+0.004 ms clock, 0.36+0.042/1.3/3.2+0.037 ms cpu, 4->4->1 MB, 5 MB goal, 0 MB stacks, 0 MB globals, 8 P
gc 3667 @275.020s 0%: 0.058+1.0+0.003 ms clock, 0.46+0.039/1.7/2.7+0.031 ms cpu, 4->4->1 MB, 4 MB goal, 0 MB stacks, 0 MB globals, 8 P
gc 3668 @275.092s 0%: 0.047+0.82+0.019 ms clock, 0.37+0.040/1.4/3.1+0.15 ms cpu, 3->4->1 MB, 4 MB goal, 0 MB stacks, 0 MB globals, 8 P
gc 3669 @275.170s 0%: 0.048+0.96+0.018 ms clock, 0.38+0.037/1.7/3.8+0.14 ms cpu, 3->4->1 MB, 4 MB goal, 0 MB stacks, 0 MB globals, 8 P
gc 3670 @275.249s 0%: 0.039+0.85+0.022 ms clock, 0.31+0.034/1.4/3.0+0.17 ms cpu, 3->4->1 MB, 4 MB goal, 0 MB stacks, 0 MB globals, 8 P
gc 3671 @275.317s 0%: 0.040+0.93+0.005 ms clock, 0.32+0.035/1.6/4.1+0.041 ms cpu, 3->4->2 MB, 4 MB goal, 0 MB stacks, 0 MB globals, 8 P
gc 3672 @275.400s 0%: 0.047+0.82+0.007 ms clock, 0.38+0.036/1.3/3.2+0.059 ms cpu, 4->4->1 MB, 4 MB goal, 0 MB stacks, 0 MB globals, 8 P
gc 3673 @275.433s 0%: 0.031+0.84+0.012 ms clock, 0.25+0.040/1.4/3.0+0.10 ms cpu, 3->4->2 MB, 4 MB goal, 0 MB stacks, 0 MB globals, 8 P
gc 3674 @275.511s 0%: 0.046+1.1+0.016 ms clock, 0.37+0.034/2.1/5.0+0.13 ms cpu, 4->4->2 MB, 5 MB goal, 0 MB stacks, 0 MB globals, 8 P
gc 3675 @275.594s 0%: 0.044+0.89+0.003 ms clock, 0.35+0.035/1.6/3.8+0.029 ms cpu, 4->4->1 MB, 4 MB goal, 0 MB stacks, 0 MB globals, 8 P
gc 3676 @275.664s 0%: 0.042+0.72+0.025 ms clock, 0.34+0.041/1.2/2.4+0.20 ms cpu, 3->4->1 MB, 4 MB goal, 0 MB stacks, 0 MB globals, 8 P
gc 3677 @275.752s 0%: 0.042+0.95+0.004 ms clock, 0.33+0.040/1.7/4.1+0.038 ms cpu, 3->4->1 MB, 4 MB goal, 0 MB stacks, 0 MB globals, 8 P
gc 3678 @275.835s 0%: 0.041+1.1+0.026 ms clock, 0.32+0.034/1.9/4.3+0.21 ms cpu, 3->4->1 MB, 4 MB goal, 0 MB stacks, 0 MB globals, 8 P
gc 3679 @275.904s 0%: 0.047+0.74+0.003 ms clock, 0.37+0.035/1.3/2.9+0.025 ms cpu, 3->4->2 MB, 4 MB goal, 0 MB stacks, 0 MB globals, 8 P
gc 3680 @275.980s 0%: 0.088+0.89+0.014 ms clock, 0.70+0.062/1.4/2.9+0.11 ms cpu, 4->4->1 MB, 4 MB goal, 0 MB stacks, 0 MB globals, 8 P
gc 3681 @276.061s 0%: 0.034+1.0+0.007 ms clock, 0.27+0.038/1.8/4.6+0.062 ms cpu, 3->4->1 MB, 4 MB goal, 0 MB stacks, 0 MB globals, 8 P
gc 3682 @276.133s 0%: 0.048+1.0+0.012 ms clock, 0.38+0.039/1.8/4.1+0.097 ms cpu, 3->4->2 MB, 4 MB goal, 0 MB stacks, 0 MB globals, 8 P
gc 3683 @276.213s 0%: 0.043+0.98+0.014 ms clock, 0.34+0.036/1.7/4.0+0.11 ms cpu, 4->4->1 MB, 4 MB goal, 0 MB stacks, 0 MB globals, 8 P
gc 3684 @276.283s 0%: 0.046+0.88+0.021 ms clock, 0.37+0.036/1.4/3.5+0.17 ms cpu, 3->4->2 MB, 4 MB goal, 0 MB stacks, 0 MB globals, 8 P
gc 3685 @276.365s 0%: 0.048+1.0+0.006 ms clock, 0.38+0.034/1.9/4.7+0.048 ms cpu, 4->4->1 MB, 4 MB goal, 0 MB stacks, 0 MB globals, 8 P
gc 3686 @276.435s 0%: 0.075+1.0+0.032 ms clock, 0.60+3.1/1.8/0.088+0.25 ms cpu, 3->4->2 MB, 4 MB goal, 0 MB stacks, 0 MB globals, 8 P
gc 3687 @276.518s 0%: 0.036+0.90+0.003 ms clock, 0.29+0.034/1.5/3.7+0.029 ms cpu, 4->4->1 MB, 5 MB goal, 0 MB stacks, 0 MB globals, 8 P
gc 3688 @276.596s 0%: 0.043+0.64+0.017 ms clock, 0.34+0.035/1.0/2.4+0.14 ms cpu, 3->4->1 MB, 4 MB goal, 0 MB stacks, 0 MB globals, 8 P
gc 3689 @276.676s 0%: 0.039+0.93+0.037 ms clock, 0.31+0.040/1.6/3.6+0.30 ms cpu, 3->4->1 MB, 4 MB goal, 0 MB stacks, 0 MB globals, 8 P
gc 3690 @276.744s 0%: 0.033+1.0+0.011 ms clock, 0.26+0.029/1.8/4.5+0.092 ms cpu, 3->4->1 MB, 4 MB goal, 0 MB stacks, 0 MB globals, 8 P
gc 3691 @276.817s 0%: 0.040+0.71+0.005 ms clock, 0.32+0.040/1.1/2.6+0.043 ms cpu, 3->4->1 MB, 4 MB goal, 0 MB stacks, 0 MB globals, 8 P
gc 3692 @276.882s 0%: 0.035+0.82+0.031 ms clock, 0.28+0.040/1.3/2.6+0.25 ms cpu, 3->4->1 MB, 4 MB goal, 0 MB stacks, 0 MB globals, 8 P
gc 3693 @276.946s 0%: 0.040+0.78+0.021 ms clock, 0.32+0.036/1.3/2.9+0.17 ms cpu, 3->4->2 MB, 4 MB goal, 0 MB stacks, 0 MB globals, 8 P
gc 3694 @277.023s 0%: 0.036+1.0+0.003 ms clock, 0.29+0.035/1.9/4.4+0.026 ms cpu, 4->4->1 MB, 4 MB goal, 0 MB stacks, 0 MB globals, 8 P
gc 3695 @277.092s 0%: 0.038+0.87+0.005 ms clock, 0.30+0.034/1.6/3.5+0.041 ms cpu, 3->4->1 MB, 4 MB goal, 0 MB stacks, 0 MB globals, 8 P
gc 3696 @277.162s 0%: 0.038+0.80+0.032 ms clock, 0.30+0.036/1.3/3.2+0.26 ms cpu, 3->4->1 MB, 4 MB goal, 0 MB stacks, 0 MB globals, 8 P
gc 3697 @277.239s 0%: 0.040+0.82+0.005 ms clock, 0.32+0.035/1.3/2.7+0.043 ms cpu, 3->4->1 MB, 4 MB goal, 0 MB stacks, 0 MB globals, 8 P
gc 3698 @277.325s 0%: 0.031+0.88+0.016 ms clock, 0.25+0.029/1.3/3.0+0.13 ms cpu, 4->4->2 MB, 4 MB goal, 0 MB stacks, 0 MB globals, 8 P
gc 3699 @277.395s 0%: 0.044+0.78+0.021 ms clock, 0.35+0.034/1.3/2.8+0.17 ms cpu, 4->4->1 MB, 4 MB goal, 0 MB stacks, 0 MB globals, 8 P
gc 3700 @277.439s 0%: 0.10+0.83+0.007 ms clock, 0.81+0.41/1.4/2.4+0.058 ms cpu, 3->4->2 MB, 4 MB goal, 0 MB stacks, 0 MB globals, 8 P
gc 3701 @277.517s 0%: 0.043+0.84+0.017 ms clock, 0.35+0.034/1.4/3.6+0.13 ms cpu, 4->4->1 MB, 5 MB goal, 0 MB stacks, 0 MB globals, 8 P
gc 3702 @277.587s 0%: 0.040+0.79+0.010 ms clock, 0.32+0.037/1.2/2.6+0.087 ms cpu, 3->4->1 MB, 4 MB goal, 0 MB stacks, 0 MB globals, 8 P
gc 3703 @277.663s 0%: 0.044+0.88+0.003 ms clock, 0.35+0.033/1.5/3.4+0.028 ms cpu, 3->4->2 MB, 4 MB goal, 0 MB stacks, 0 MB globals, 8 P
gc 3704 @277.741s 0%: 0.041+0.88+0.015 ms clock, 0.32+0.034/1.4/3.0+0.12 ms cpu, 4->4->1 MB, 4 MB goal, 0 MB stacks, 0 MB globals, 8 P
gc 3705 @277.823s 0%: 0.042+0.79+0.016 ms clock, 0.33+0.034/1.3/2.9+0.13 ms cpu, 3->4->2 MB, 4 MB goal, 0 MB stacks, 0 MB globals, 8 P
gc 3706 @277.901s 0%: 0.041+0.75+0.003 ms clock, 0.33+0.033/1.2/2.6+0.028 ms cpu, 4->4->1 MB, 4 MB goal, 0 MB stacks, 0 MB globals, 8 P
gc 3707 @277.963s 0%: 0.15+1.0+0.003 ms clock, 1.2+2.9/1.9/0.038+0.026 ms cpu, 3->4->2 MB, 4 MB goal, 0 MB stacks, 0 MB globals, 8 P
gc 3708 @278.047s 0%: 0.038+0.73+0.008 ms clock, 0.30+0.034/1.2/2.8+0.066 ms cpu, 4->4->1 MB, 5 MB goal, 0 MB stacks, 0 MB globals, 8 P
gc 3709 @278.127s 0%: 0.037+0.95+0.003 ms clock, 0.29+0.035/1.6/4.0+0.026 ms cpu, 4->4->1 MB, 4 MB goal, 0 MB stacks, 0 MB globals, 8 P
gc 3710 @278.208s 0%: 0.039+1.0+0.023 ms clock, 0.31+0.036/1.8/3.9+0.18 ms cpu, 3->4->1 MB, 4 MB goal, 0 MB stacks, 0 MB globals, 8 P
gc 3711 @278.285s 0%: 0.048+0.73+0.003 ms clock, 0.38+0.043/1.2/2.7+0.027 ms cpu, 3->4->1 MB, 4 MB goal, 0 MB stacks, 0 MB globals, 8 P
gc 3712 @278.353s 0%: 0.040+1.0+0.020 ms clock, 0.32+0.035/1.8/4.3+0.16 ms cpu, 3->4->2 MB, 4 MB goal, 0 MB stacks, 0 MB globals, 8 P
gc 3713 @278.427s 0%: 0.035+0.96+0.005 ms clock, 0.28+0.041/1.6/3.8+0.042 ms cpu, 4->4->2 MB, 4 MB goal, 0 MB stacks, 0 MB globals, 8 P
gc 3714 @278.467s 0%: 0.046+0.93+0.015 ms clock, 0.36+0.035/1.7/3.6+0.12 ms cpu, 4->4->2 MB, 4 MB goal, 0 MB stacks, 0 MB globals, 8 P
gc 3715 @278.546s 0%: 0.045+0.89+0.017 ms clock, 0.36+0.061/1.5/3.5+0.13 ms cpu, 4->4->1 MB, 4 MB goal, 0 MB stacks, 0 MB globals, 8 P
gc 3716 @278.613s 0%: 0.048+0.69+0.003 ms clock, 0.38+0.040/1.1/2.5+0.026 ms cpu, 3->4->1 MB, 4 MB goal, 0 MB stacks, 0 MB globals, 8 P
gc 3717 @278.695s 0%: 0.036+0.75+0.010 ms clock, 0.29+0.034/1.3/3.0+0.087 ms cpu, 3->4->1 MB, 4 MB goal, 0 MB stacks, 0 MB globals, 8 P
gc 3718 @278.775s 0%: 0.035+0.79+0.023 ms clock, 0.28+0.032/1.3/3.4+0.19 ms cpu, 3->4->1 MB, 4 MB goal, 0 MB stacks, 0 MB globals, 8 P
gc 3719 @278.841s 0%: 0.043+0.86+0.003 ms clock, 0.34+0.034/1.4/2.9+0.024 ms cpu, 3->3->1 MB, 4 MB goal, 0 MB stacks, 0 MB globals, 8 P
gc 3720 @278.921s 0%: 0.046+1.0+0.016 ms clock, 0.37+0.038/1.8/3.6+0.13 ms cpu, 3->4->1 MB, 4 MB goal, 0 MB stacks, 0 MB globals, 8 P
gc 3721 @278.991s 0%: 0.036+1.1+0.041 ms clock, 0.28+0.035/1.9/4.8+0.32 ms cpu, 3->4->1 MB, 4 MB goal, 0 MB stacks, 0 MB globals, 8 P
gc 3722 @279.046s 0%: 0.20+0.84+0.024 ms clock, 1.6+1.2/1.4/1.0+0.19 ms cpu, 4->4->2 MB, 4 MB goal, 0 MB stacks, 0 MB globals, 8 P
gc 3723 @279.117s 0%: 0.053+0.91+0.027 ms clock, 0.42+0.035/1.4/3.3+0.22 ms cpu, 4->4->1 MB, 5 MB goal, 0 MB stacks, 0 MB globals, 8 P
gc 3724 @279.193s 0%: 0.036+0.77+0.004 ms clock, 0.29+0.032/1.2/2.4+0.039 ms cpu, 3->4->1 MB, 4 MB goal, 0 MB stacks, 0 MB globals, 8 P
gc 3725 @279.265s 0%: 0.042+0.94+0.002 ms clock, 0.33+0.039/1.6/3.9+0.021 ms cpu, 4->4->1 MB, 4 MB goal, 0 MB stacks, 0 MB globals, 8 P
gc 3726 @279.346s 0%: 0.039+1.0+0.017 ms clock, 0.31+0.034/1.9/4.6+0.14 ms cpu, 3->4->1 MB, 4 MB goal, 0 MB stacks, 0 MB globals, 8 P
gc 3727 @279.413s 0%: 0.048+0.78+0.006 ms clock, 0.38+0.033/1.2/2.6+0.053 ms cpu, 3->4->2 MB, 4 MB goal, 0 MB stacks, 0 MB globals, 8 P
gc 3728 @279.447s 0%: 0.11+0.96+0.015 ms clock, 0.91+0.077/1.7/2.9+0.12 ms cpu, 4->4->2 MB, 4 MB goal, 0 MB stacks, 0 MB globals, 8 P
gc 3729 @279.529s 0%: 0.043+3.6+1.8 ms clock, 0.34+0.036/2.1/5.0+14 ms cpu, 4->4->1 MB, 5 MB goal, 0 MB stacks, 0 MB globals, 8 P
gc 3730 @279.595s 0%: 0.071+0.72+0.003 ms clock, 0.57+0.039/1.3/2.8+0.029 ms cpu, 3->4->1 MB, 4 MB goal, 0 MB stacks, 0 MB globals, 8 P
gc 3731 @279.660s 0%: 0.049+0.84+0.042 ms clock, 0.39+0.036/1.3/2.6+0.34 ms cpu, 3->4->2 MB, 4 MB goal, 0 MB stacks, 0 MB globals, 8 P
gc 3732 @279.738s 0%: 0.047+0.84+0.004 ms clock, 0.38+0.034/1.4/2.6+0.034 ms cpu, 4->4->1 MB, 4 MB goal, 0 MB stacks, 0 MB globals, 8 P
gc 3733 @279.812s 0%: 0.049+1.0+0.003 ms clock, 0.39+0.038/1.9/4.1+0.029 ms cpu, 3->4->1 MB, 4 MB goal, 0 MB stacks, 0 MB globals, 8 P
gc 3734 @279.893s 0%: 0.074+0.89+0.020 ms clock, 0.59+0.035/1.4/2.9+0.16 ms cpu, 3->4->1 MB, 4 MB goal, 0 MB stacks, 0 MB globals, 8 P
gc 3735 @279.965s 0%: 0.045+1.0+0.047 ms clock, 0.36+0.039/1.8/4.0+0.37 ms cpu, 3->4->1 MB, 4 MB goal, 0 MB stacks, 0 MB globals, 8 P
gc 3736 @280.012s 0%: 0.036+0.70+0.026 ms clock, 0.29+0.034/0.95/2.0+0.20 ms cpu, 3->4->1 MB, 4 MB goal, 0 MB stacks, 0 MB globals, 8 P
gc 3737 @280.082s 0%: 0.037+1.1+0.016 ms clock, 0.30+0.037/2.0/4.8+0.13 ms cpu, 3->4->2 MB, 4 MB goal, 0 MB stacks, 0 MB globals, 8 P
gc 3738 @280.162s 0%: 0.038+1.0+0.003 ms clock, 0.31+0.035/1.8/4.1+0.030 ms cpu, 4->4->1 MB, 4 MB goal, 0 MB stacks, 0 MB globals, 8 P
gc 3739 @280.237s 0%: 0.045+0.77+0.006 ms clock, 0.36+0.034/1.4/3.3+0.055 ms cpu, 3->4->1 MB, 4 MB goal, 0 MB stacks, 0 MB globals, 8 P
gc 3740 @280.307s 0%: 0.16+0.84+0.046 ms clock, 1.3+0.13/1.5/2.8+0.36 ms cpu, 3->4->2 MB, 4 MB goal, 0 MB stacks, 0 MB globals, 8 P
gc 3741 @280.395s 0%: 0.036+0.85+0.004 ms clock, 0.29+0.053/1.3/2.6+0.033 ms cpu, 4->4->2 MB, 5 MB goal, 0 MB stacks, 0 MB globals, 8 P
gc 3742 @280.451s 0%: 0.10+0.72+0.003 ms clock, 0.84+2.0/1.3/0.34+0.031 ms cpu, 4->4->2 MB, 5 MB goal, 0 MB stacks, 0 MB globals, 8 P
gc 3743 @280.533s 0%: 0.044+0.75+0.003 ms clock, 0.35+0.049/1.3/2.8+0.028 ms cpu, 4->4->1 MB, 5 MB goal, 0 MB stacks, 0 MB globals, 8 P
gc 3744 @280.603s 0%: 0.041+0.93+0.003 ms clock, 0.33+0.035/1.7/4.2+0.029 ms cpu, 3->4->1 MB, 4 MB goal, 0 MB stacks, 0 MB globals, 8 P
gc 3745 @280.679s 0%: 0.036+0.68+0.004 ms clock, 0.29+0.034/1.2/2.1+0.033 ms cpu, 3->4->1 MB, 4 MB goal, 0 MB stacks, 0 MB globals, 8 P
gc 3746 @280.751s 0%: 0.040+0.69+0.002 ms clock, 0.32+0.034/1.2/2.9+0.020 ms cpu, 3->4->1 MB, 4 MB goal, 0 MB stacks, 0 MB globals, 8 P
gc 3747 @280.834s 0%: 0.040+1.0+0.005 ms clock, 0.32+0.036/1.9/4.3+0.042 ms cpu, 3->4->1 MB, 4 MB goal, 0 MB stacks, 0 MB globals, 8 P
gc 3748 @280.913s 0%: 0.043+0.91+0.008 ms clock, 0.35+0.036/1.4/3.4+0.064 ms cpu, 3->4->1 MB, 4 MB goal, 0 MB stacks, 0 MB globals, 8 P
gc 3749 @280.988s 0%: 0.044+1.0+0.002 ms clock, 0.35+0.034/1.5/2.1+0.023 ms cpu, 3->4->1 MB, 4 MB goal, 0 MB stacks, 0 MB globals, 8 P
gc 3750 @281.067s 0%: 0.042+0.95+0.018 ms clock, 0.33+0.035/1.6/3.6+0.14 ms cpu, 4->4->2 MB, 4 MB goal, 0 MB stacks, 0 MB globals, 8 P
gc 3751 @281.149s 0%: 0.044+1.0+0.014 ms clock, 0.35+0.036/1.8/4.2+0.11 ms cpu, 4->4->1 MB, 4 MB goal, 0 MB stacks, 0 MB globals, 8 P
gc 3752 @281.216s 0%: 0.036+1.0+0.003 ms clock, 0.28+0.034/1.9/4.4+0.031 ms cpu, 3->4->1 MB, 4 MB goal, 0 MB stacks, 0 MB globals, 8 P
gc 3753 @281.293s 0%: 0.066+0.79+0.003 ms clock, 0.52+0.035/1.2/2.7+0.030 ms cpu, 4->4->1 MB, 4 MB goal, 0 MB stacks, 0 MB globals, 8 P
gc 3754 @281.361s 0%: 0.045+0.86+0.015 ms clock, 0.36+0.035/1.4/3.3+0.12 ms cpu, 3->4->1 MB, 4 MB goal, 0 MB stacks, 0 MB globals, 8 P
gc 3755 @281.432s 0%: 0.048+0.72+0.008 ms clock, 0.38+0.036/1.1/2.7+0.071 ms cpu, 3->4->1 MB, 4 MB goal, 0 MB stacks, 0 MB globals, 8 P
gc 3756 @281.481s 0%: 0.044+1.0+0.023 ms clock, 0.35+0.035/1.9/4.1+0.18 ms cpu, 3->3->1 MB, 4 MB goal, 0 MB stacks, 0 MB globals, 8 P
gc 3757 @281.546s 0%: 0.041+0.72+0.036 ms clock, 0.33+0.037/1.1/2.3+0.28 ms cpu, 3->4->1 MB, 4 MB goal, 0 MB stacks, 0 MB globals, 8 P
gc 3758 @281.619s 0%: 0.041+0.75+0.011 ms clock, 0.33+0.037/1.2/2.7+0.088 ms cpu, 3->4->1 MB, 4 MB goal, 0 MB stacks, 0 MB globals, 8 P
gc 3759 @281.690s 0%: 0.041+0.83+0.010 ms clock, 0.33+0.036/1.4/3.3+0.086 ms cpu, 3->4->1 MB, 4 MB goal, 0 MB stacks, 0 MB globals, 8 P
gc 3760 @281.756s 0%: 0.042+1.0+0.003 ms clock, 0.34+0.036/1.9/4.6+0.029 ms cpu, 3->4->1 MB, 4 MB goal, 0 MB stacks, 0 MB globals, 8 P
gc 3761 @281.834s 0%: 0.045+0.97+0.004 ms clock, 0.36+0.041/1.7/4.1+0.034 ms cpu, 3->4->1 MB, 4 MB goal, 0 MB stacks, 0 MB globals, 8 P
gc 3762 @281.916s 0%: 0.047+0.69+0.049 ms clock, 0.37+0.039/1.1/2.2+0.39 ms cpu, 3->4->1 MB, 4 MB goal, 0 MB stacks, 0 MB globals, 8 P
gc 3763 @281.979s 0%: 0.067+1.0+0.021 ms clock, 0.54+0.037/1.7/3.7+0.17 ms cpu, 3->4->2 MB, 4 MB goal, 0 MB stacks, 0 MB globals, 8 P
gc 3764 @282.062s 0%: 0.043+0.79+0.003 ms clock, 0.35+0.15/1.2/2.7+0.026 ms cpu, 4->4->1 MB, 4 MB goal, 0 MB stacks, 0 MB globals, 8 P
gc 3765 @282.137s 0%: 0.046+0.88+0.003 ms clock, 0.36+0.044/1.6/3.9+0.027 ms cpu, 3->4->2 MB, 4 MB goal, 0 MB stacks, 0 MB globals, 8 P
gc 3766 @282.219s 0%: 0.042+1.1+0.003 ms clock, 0.33+0.033/2.0/4.9+0.028 ms cpu, 4->4->2 MB, 4 MB goal, 0 MB stacks, 0 MB globals, 8 P
gc 3767 @282.297s 0%: 0.036+0.78+0.004 ms clock, 0.29+0.034/1.3/3.1+0.039 ms cpu, 4->4->1 MB, 5 MB goal, 0 MB stacks, 0 MB globals, 8 P
gc 3768 @282.370s 0%: 0.048+1.0+0.029 ms clock, 0.38+0.035/1.8/4.2+0.23 ms cpu, 3->4->1 MB, 4 MB goal, 0 MB stacks, 0 MB globals, 8 P
gc 3769 @282.449s 0%: 0.038+0.77+0.014 ms clock, 0.31+0.036/1.3/2.6+0.11 ms cpu, 4->4->1 MB, 4 MB goal, 0 MB stacks, 0 MB globals, 8 P
gc 3770 @282.480s 0%: 0.041+0.72+0.018 ms clock, 0.33+0.029/1.2/2.9+0.14 ms cpu, 3->3->2 MB, 4 MB goal, 0 MB stacks, 0 MB globals, 8 P
gc 3771 @282.559s 0%: 0.046+0.98+0.022 ms clock, 0.37+0.036/1.7/3.6+0.18 ms cpu, 4->4->2 MB, 4 MB goal, 0 MB stacks, 0 MB globals, 8 P
gc 3772 @282.640s 0%: 0.046+0.82+0.016 ms clock, 0.37+0.034/1.4/3.3+0.13 ms cpu, 4->4->2 MB, 4 MB goal, 0 MB stacks, 0 MB globals, 8 P
gc 3773 @282.723s 0%: 0.046+0.84+0.003 ms clock, 0.37+0.034/1.4/3.1+0.024 ms cpu, 4->4->2 MB, 4 MB goal, 0 MB stacks, 0 MB globals, 8 P
gc 3774 @282.798s 0%: 0.037+0.81+0.003 ms clock, 0.29+0.034/1.3/3.2+0.029 ms cpu, 4->4->2 MB, 4 MB goal, 0 MB stacks, 0 MB globals, 8 P
gc 3775 @282.871s 0%: 0.045+0.96+0.026 ms clock, 0.36+0.035/1.6/3.5+0.20 ms cpu, 4->4->1 MB, 4 MB goal, 0 MB stacks, 0 MB globals, 8 P
gc 3776 @282.946s 0%: 0.044+0.72+0.022 ms clock, 0.35+0.039/1.2/2.5+0.18 ms cpu, 4->4->1 MB, 4 MB goal, 0 MB stacks, 0 MB globals, 8 P
gc 3777 @283.016s 0%: 0.030+0.90+0.002 ms clock, 0.24+0/1.7/4.0+0.023 ms cpu, 3->4->1 MB, 4 MB goal, 0 MB stacks, 0 MB globals, 8 P
gc 3778 @283.091s 0%: 0.042+0.84+0.008 ms clock, 0.34+0.035/1.2/2.7+0.070 ms cpu, 3->4->2 MB, 4 MB goal, 0 MB stacks, 0 MB globals, 8 P
gc 3779 @283.165s 0%: 0.035+1.0+0.019 ms clock, 0.28+0.035/1.9/4.5+0.15 ms cpu, 4->4->2 MB, 4 MB goal, 0 MB stacks, 0 MB globals, 8 P
gc 3780 @283.244s 0%: 0.045+1.0+0.008 ms clock, 0.36+0.036/1.9/4.4+0.065 ms cpu, 4->4->2 MB, 4 MB goal, 0 MB stacks, 0 MB globals, 8 P
gc 3781 @283.324s 0%: 0.042+0.83+0.021 ms clock, 0.33+0.031/1.3/2.8+0.17 ms cpu, 4->4->1 MB, 4 MB goal, 0 MB stacks, 0 MB globals, 8 P
gc 3782 @283.405s 0%: 0.037+1.0+0.026 ms clock, 0.30+0.034/1.9/4.8+0.21 ms cpu, 3->4->1 MB, 4 MB goal, 0 MB stacks, 0 MB globals, 8 P
gc 3783 @283.462s 0%: 0.19+0.79+0.028 ms clock, 1.5+2.2/1.2/0.36+0.22 ms cpu, 4->4->2 MB, 4 MB goal, 0 MB stacks, 0 MB globals, 8 P
gc 3784 @283.534s 0%: 0.036+1.0+0.026 ms clock, 0.28+0.034/1.7/4.0+0.20 ms cpu, 4->4->2 MB, 5 MB goal, 0 MB stacks, 0 MB globals, 8 P
gc 3785 @283.612s 0%: 0.050+1.0+0.003 ms clock, 0.40+0.032/1.9/4.6+0.029 ms cpu, 4->4->2 MB, 4 MB goal, 0 MB stacks, 0 MB globals, 8 P
gc 3786 @283.692s 0%: 0.046+0.84+0.018 ms clock, 0.36+0.034/1.4/3.2+0.14 ms cpu, 4->4->1 MB, 5 MB goal, 0 MB stacks, 0 MB globals, 8 P
gc 3787 @283.771s 0%: 0.051+0.99+0.038 ms clock, 0.41+0.034/1.5/3.5+0.30 ms cpu, 4->4->2 MB, 4 MB goal, 0 MB stacks, 0 MB globals, 8 P
gc 3788 @283.849s 0%: 0.040+0.73+0.020 ms clock, 0.32+0.038/1.2/2.8+0.16 ms cpu, 4->4->1 MB, 4 MB goal, 0 MB stacks, 0 MB globals, 8 P
gc 3789 @283.929s 0%: 0.044+0.78+0.030 ms clock, 0.35+0.033/1.3/2.8+0.24 ms cpu, 3->4->1 MB, 4 MB goal, 0 MB stacks, 0 MB globals, 8 P
gc 3790 @283.999s 0%: 0.046+1.1+0.018 ms clock, 0.37+0.042/2.1/5.1+0.14 ms cpu, 3->4->2 MB, 4 MB goal, 0 MB stacks, 0 MB globals, 8 P
gc 3791 @284.070s 0%: 0.040+1.1+0.004 ms clock, 0.32+0.034/2.1/4.6+0.036 ms cpu, 4->4->2 MB, 5 MB goal, 0 MB stacks, 0 MB globals, 8 P
gc 3792 @284.148s 0%: 0.035+0.82+0.020 ms clock, 0.28+0.032/1.3/2.8+0.16 ms cpu, 4->4->2 MB, 4 MB goal, 0 MB stacks, 0 MB globals, 8 P
gc 3793 @284.226s 0%: 0.045+1.0+0.026 ms clock, 0.36+0.033/1.7/3.9+0.20 ms cpu, 4->4->2 MB, 5 MB goal, 0 MB stacks, 0 MB globals, 8 P
gc 3794 @284.302s 0%: 0.043+0.92+0.038 ms clock, 0.34+0.034/1.5/3.5+0.31 ms cpu, 4->4->1 MB, 4 MB goal, 0 MB stacks, 0 MB globals, 8 P
gc 3795 @284.381s 0%: 0.040+0.90+0.004 ms clock, 0.32+0.036/1.6/3.1+0.035 ms cpu, 4->4->1 MB, 4 MB goal, 0 MB stacks, 0 MB globals, 8 P
gc 3796 @284.444s 0%: 0.045+0.94+0.037 ms clock, 0.36+0.035/1.6/3.6+0.29 ms cpu, 4->4->2 MB, 4 MB goal, 0 MB stacks, 0 MB globals, 8 P
gc 3797 @284.480s 0%: 0.044+0.85+0.017 ms clock, 0.35+0.037/1.5/3.1+0.13 ms cpu, 4->4->2 MB, 4 MB goal, 0 MB stacks, 0 MB globals, 8 P
gc 3798 @284.562s 0%: 0.036+1.0+0.020 ms clock, 0.29+0.035/1.7/4.1+0.16 ms cpu, 4->4->1 MB, 5 MB goal, 0 MB stacks, 0 MB globals, 8 P
gc 3799 @284.635s 0%: 0.033+0.70+0.008 ms clock, 0.26+0.026/1.1/2.6+0.068 ms cpu, 3->4->1 MB, 4 MB goal, 0 MB stacks, 0 MB globals, 8 P
gc 3800 @284.717s 0%: 0.039+0.83+0.014 ms clock, 0.31+0.037/1.3/2.8+0.11 ms cpu, 3->4->1 MB, 4 MB goal, 0 MB stacks, 0 MB globals, 8 P
gc 3801 @284.805s 0%: 0.036+0.89+0.011 ms clock, 0.29+0.034/1.4/3.1+0.091 ms cpu, 3->4->1 MB, 4 MB goal, 0 MB stacks, 0 MB globals, 8 P
gc 3802 @284.884s 0%: 0.045+0.87+0.003 ms clock, 0.36+0.034/1.5/3.2+0.024 ms cpu, 3->4->1 MB, 4 MB goal, 0 MB stacks, 0 MB globals, 8 P
gc 3803 @284.954s 0%: 0.045+0.76+0.003 ms clock, 0.36+0.036/1.3/3.0+0.029 ms cpu, 3->4->1 MB, 4 MB goal, 0 MB stacks, 0 MB globals, 8 P
gc 3804 @285.010s 0%: 0.043+0.95+0.009 ms clock, 0.34+0.046/1.5/2.0+0.072 ms cpu, 3->4->2 MB, 4 MB goal, 0 MB stacks, 0 MB globals, 8 P
gc 3805 @285.093s 0%: 0.041+0.79+0.004 ms clock, 0.33+0.036/1.4/3.0+0.033 ms cpu, 4->4->1 MB, 4 MB goal, 0 MB stacks, 0 MB globals, 8 P
gc 3806 @285.171s 0%: 0.062+1.0+0.003 ms clock, 0.49+0.038/1.8/3.4+0.030 ms cpu, 3->4->2 MB, 4 MB goal, 0 MB stacks, 0 MB globals, 8 P
gc 3807 @285.256s 0%: 0.038+1.1+0.028 ms clock, 0.30+0.034/2.1/4.7+0.22 ms cpu, 4->4->1 MB, 5 MB goal, 0 MB stacks, 0 MB globals, 8 P
gc 3808 @285.337s 0%: 0.042+1.0+0.018 ms clock, 0.34+0.033/1.7/3.9+0.15 ms cpu, 4->4->1 MB, 4 MB goal, 0 MB stacks, 0 MB globals, 8 P
gc 3809 @285.419s 0%: 0.044+1.0+0.013 ms clock, 0.35+0.042/1.7/4.2+0.10 ms cpu, 3->4->1 MB, 4 MB goal, 0 MB stacks, 0 MB globals, 8 P
gc 3810 @285.471s 0%: 0.23+1.0+0.003 ms clock, 1.9+0.14/1.7/2.5+0.027 ms cpu, 3->4->2 MB, 4 MB goal, 0 MB stacks, 0 MB globals, 8 P
gc 3811 @285.549s 0%: 0.047+0.85+0.021 ms clock, 0.38+0.035/1.4/3.0+0.17 ms cpu, 4->4->2 MB, 5 MB goal, 0 MB stacks, 0 MB globals, 8 P
gc 3812 @285.625s 0%: 0.039+1.1+0.015 ms clock, 0.31+0.034/2.0/4.9+0.12 ms cpu, 4->4->2 MB, 4 MB goal, 0 MB stacks, 0 MB globals, 8 P
gc 3813 @285.713s 0%: 0.037+0.86+0.024 ms clock, 0.30+0.035/1.4/3.1+0.19 ms cpu, 4->4->1 MB, 4 MB goal, 0 MB stacks, 0 MB globals, 8 P
gc 3814 @285.787s 0%: 0.047+0.76+0.025 ms clock, 0.37+0.036/1.3/2.7+0.20 ms cpu, 4->4->2 MB, 4 MB goal, 0 MB stacks, 0 MB globals, 8 P
gc 3815 @285.859s 0%: 0.044+0.73+0.027 ms clock, 0.35+0.038/1.1/2.2+0.22 ms cpu, 4->4->1 MB, 4 MB goal, 0 MB stacks, 0 MB globals, 8 P
gc 3816 @285.938s 0%: 0.037+0.81+0.022 ms clock, 0.30+0.026/1.3/2.8+0.18 ms cpu, 4->4->1 MB, 4 MB goal, 0 MB stacks, 0 MB globals, 8 P
gc 3817 @286.008s 0%: 0.055+1.1+0.036 ms clock, 0.44+0.041/2.0/4.6+0.29 ms cpu, 3->4->2 MB, 4 MB goal, 0 MB stacks, 0 MB globals, 8 P
gc 3818 @286.086s 0%: 0.041+0.93+0.017 ms clock, 0.33+0.040/1.5/2.8+0.14 ms cpu, 4->4->2 MB, 4 MB goal, 0 MB stacks, 0 MB globals, 8 P
gc 3819 @286.167s 0%: 0.042+0.67+0.004 ms clock, 0.33+0.037/1.2/2.7+0.035 ms cpu, 4->4->1 MB, 5 MB goal, 0 MB stacks, 0 MB globals, 8 P
gc 3820 @286.235s 0%: 0.046+0.74+0.003 ms clock, 0.36+0.036/1.4/3.3+0.027 ms cpu, 3->4->1 MB, 4 MB goal, 0 MB stacks, 0 MB globals, 8 P
gc 3821 @286.314s 0%: 0.045+0.93+0.003 ms clock, 0.36+0.034/1.6/3.5+0.025 ms cpu, 4->4->2 MB, 4 MB goal, 0 MB stacks, 0 MB globals, 8 P
gc 3822 @286.395s 0%: 0.044+0.86+0.003 ms clock, 0.35+0.041/1.6/4.0+0.027 ms cpu, 4->4->1 MB, 4 MB goal, 0 MB stacks, 0 MB globals, 8 P
gc 3823 @286.471s 0%: 0.039+0.64+0.003 ms clock, 0.31+0.039/1.1/2.2+0.031 ms cpu, 4->4->1 MB, 4 MB goal, 0 MB stacks, 0 MB globals, 8 P
gc 3824 @286.497s 0%: 0.053+0.66+0.003 ms clock, 0.42+0.036/1.2/2.5+0.024 ms cpu, 4->4->2 MB, 4 MB goal, 0 MB stacks, 0 MB globals, 8 P
gc 3825 @286.580s 0%: 0.045+0.83+0.025 ms clock, 0.36+0.035/1.4/3.4+0.20 ms cpu, 4->4->2 MB, 4 MB goal, 0 MB stacks, 0 MB globals, 8 P
gc 3826 @286.655s 0%: 0.041+0.81+0.004 ms clock, 0.33+0.033/1.3/3.1+0.036 ms cpu, 4->4->1 MB, 4 MB goal, 0 MB stacks, 0 MB globals, 8 P
gc 3827 @286.730s 0%: 0.052+1.0+0.004 ms clock, 0.41+0.037/1.9/4.3+0.032 ms cpu, 3->4->2 MB, 4 MB goal, 0 MB stacks, 0 MB globals, 8 P
gc 3828 @286.811s 0%: 0.036+1.1+0.004 ms clock, 0.29+0.034/2.0/4.8+0.036 ms cpu, 4->4->2 MB, 4 MB goal, 0 MB stacks, 0 MB globals, 8 P
gc 3829 @286.881s 0%: 0.048+0.87+0.003 ms clock, 0.39+0.034/1.6/3.8+0.026 ms cpu, 4->4->1 MB, 5 MB goal, 0 MB stacks, 0 MB globals, 8 P
gc 3830 @286.957s 0%: 0.054+0.70+0.004 ms clock, 0.43+0.041/1.1/2.3+0.035 ms cpu, 4->4->1 MB, 4 MB goal, 0 MB stacks, 0 MB globals, 8 P
gc 3831 @287.036s 0%: 0.041+0.95+0.026 ms clock, 0.33+0.048/1.5/3.6+0.21 ms cpu, 3->4->1 MB, 4 MB goal, 0 MB stacks, 0 MB globals, 8 P
gc 3832 @287.113s 0%: 0.041+0.72+0.005 ms clock, 0.32+0.033/1.1/2.4+0.041 ms cpu, 4->4->1 MB, 4 MB goal, 0 MB stacks, 0 MB globals, 8 P
gc 3833 @287.190s 0%: 0.039+0.84+0.005 ms clock, 0.31+0.035/1.5/3.3+0.040 ms cpu, 4->4->1 MB, 4 MB goal, 0 MB stacks, 0 MB globals, 8 P
gc 3834 @287.254s 0%: 0.041+0.75+0.022 ms clock, 0.33+0.035/1.2/2.8+0.17 ms cpu, 3->4->1 MB, 4 MB goal, 0 MB stacks, 0 MB globals, 8 P
gc 3835 @287.320s 0%: 0.045+0.77+0.004 ms clock, 0.36+0.044/1.4/2.9+0.037 ms cpu, 3->4->1 MB, 4 MB goal, 0 MB stacks, 0 MB globals, 8 P
gc 3836 @287.394s 0%: 0.043+0.86+0.017 ms clock, 0.35+0.036/1.4/3.3+0.14 ms cpu, 4->4->1 MB, 4 MB goal, 0 MB stacks, 0 MB globals, 8 P
gc 3837 @287.466s 0%: 0.043+0.81+0.020 ms clock, 0.34+0.035/1.3/3.3+0.16 ms cpu, 4->4->2 MB, 4 MB goal, 0 MB stacks, 0 MB globals, 8 P
gc 3838 @287.497s 0%: 0.042+0.78+0.017 ms clock, 0.33+0.038/1.0/2.5+0.13 ms cpu, 4->4->2 MB, 4 MB goal, 0 MB stacks, 0 MB globals, 8 P
gc 3839 @287.576s 0%: 0.059+0.93+0.004 ms clock, 0.47+0.039/1.6/3.5+0.036 ms cpu, 4->4->1 MB, 5 MB goal, 0 MB stacks, 0 MB globals, 8 P
gc 3840 @287.650s 0%: 0.043+0.82+0.003 ms clock, 0.34+0.037/1.5/3.5+0.029 ms cpu, 3->4->2 MB, 4 MB goal, 0 MB stacks, 0 MB globals, 8 P
gc 3841 @287.723s 0%: 0.037+0.64+0.013 ms clock, 0.30+0.034/1.0/2.3+0.10 ms cpu, 4->4->2 MB, 4 MB goal, 0 MB stacks, 0 MB globals, 8 P
gc 3842 @287.790s 0%: 0.038+0.82+0.022 ms clock, 0.31+0.033/1.2/3.0+0.17 ms cpu, 4->4->2 MB, 4 MB goal, 0 MB stacks, 0 MB globals, 8 P
gc 3843 @287.873s 0%: 0.054+1.1+0.048 ms clock, 0.43+0.031/1.9/4.6+0.38 ms cpu, 4->4->2 MB, 4 MB goal, 0 MB stacks, 0 MB globals, 8 P
gc 3844 @287.950s 0%: 0.038+0.86+0.004 ms clock, 0.31+0.037/1.5/3.3+0.034 ms cpu, 4->4->2 MB, 5 MB goal, 0 MB stacks, 0 MB globals, 8 P
gc 3845 @288.025s 0%: 0.042+0.72+0.020 ms clock, 0.34+0.038/1.1/2.5+0.16 ms cpu, 4->4->1 MB, 4 MB goal, 0 MB stacks, 0 MB globals, 8 P
gc 3846 @288.099s 0%: 0.042+0.96+0.027 ms clock, 0.33+0.037/1.6/3.8+0.21 ms cpu, 4->4->2 MB, 4 MB goal, 0 MB stacks, 0 MB globals, 8 P
gc 3847 @288.183s 0%: 0.039+0.91+0.003 ms clock, 0.31+0.035/1.6/3.7+0.029 ms cpu, 4->4->1 MB, 4 MB goal, 0 MB stacks, 0 MB globals, 8 P
gc 3848 @288.259s 0%: 0.035+1.0+0.022 ms clock, 0.28+0.032/1.8/4.4+0.17 ms cpu, 4->4->1 MB, 4 MB goal, 0 MB stacks, 0 MB globals, 8 P
gc 3849 @288.330s 0%: 0.037+1.0+0.038 ms clock, 0.29+0.036/1.8/4.4+0.30 ms cpu, 4->4->2 MB, 4 MB goal, 0 MB stacks, 0 MB globals, 8 P
gc 3850 @288.407s 0%: 0.036+1.0+0.012 ms clock, 0.29+0.033/1.6/4.3+0.10 ms cpu, 4->4->1 MB, 4 MB goal, 0 MB stacks, 0 MB globals, 8 P
gc 3851 @288.482s 0%: 0.090+1.0+0.020 ms clock, 0.72+1.9/1.3/0+0.16 ms cpu, 4->4->2 MB, 4 MB goal, 0 MB stacks, 0 MB globals, 8 P
gc 3852 @288.562s 0%: 0.046+0.85+0.019 ms clock, 0.37+0.037/1.4/3.3+0.15 ms cpu, 4->4->2 MB, 5 MB goal, 0 MB stacks, 0 MB globals, 8 P
gc 3853 @288.649s 0%: 0.038+0.92+0.003 ms clock, 0.30+0.034/1.5/4.0+0.026 ms cpu, 4->4->1 MB, 5 MB goal, 0 MB stacks, 0 MB globals, 8 P
gc 3854 @288.727s 0%: 0.045+0.80+0.004 ms clock, 0.36+0.032/1.4/3.1+0.032 ms cpu, 3->4->2 MB, 4 MB goal, 0 MB stacks, 0 MB globals, 8 P
gc 3855 @288.808s 0%: 0.043+0.76+0.004 ms clock, 0.34+0.035/1.2/2.5+0.039 ms cpu, 4->4->2 MB, 4 MB goal, 0 MB stacks, 0 MB globals, 8 P
gc 3856 @288.884s 0%: 0.039+0.81+0.015 ms clock, 0.31+0.044/1.2/2.8+0.12 ms cpu, 4->4->2 MB, 5 MB goal, 0 MB stacks, 0 MB globals, 8 P
gc 3857 @288.958s 0%: 0.034+0.73+0.033 ms clock, 0.27+0.030/1.2/2.7+0.26 ms cpu, 4->4->1 MB, 4 MB goal, 0 MB stacks, 0 MB globals, 8 P
gc 3858 @289.023s 0%: 0.038+0.89+0.003 ms clock, 0.30+0.030/1.5/2.9+0.027 ms cpu, 3->4->2 MB, 4 MB goal, 0 MB stacks, 0 MB globals, 8 P
gc 3859 @289.096s 0%: 0.070+1.1+0.004 ms clock, 0.56+0.038/2.0/4.5+0.037 ms cpu, 4->4->2 MB, 4 MB goal, 0 MB stacks, 0 MB globals, 8 P
gc 3860 @289.172s 0%: 0.039+0.91+0.066 ms clock, 0.31+0.083/1.5/3.4+0.53 ms cpu, 4->4->2 MB, 4 MB goal, 0 MB stacks, 0 MB globals, 8 P
gc 3861 @289.246s 0%: 0.052+2.0+0.10 ms clock, 0.42+0.037/2.2/5.9+0.82 ms cpu, 4->4->2 MB, 4 MB goal, 0 MB stacks, 0 MB globals, 8 P
gc 3862 @289.322s 0%: 0.047+0.91+0.030 ms clock, 0.37+0.036/1.5/3.4+0.24 ms cpu, 4->4->1 MB, 5 MB goal, 0 MB stacks, 0 MB globals, 8 P
gc 3863 @289.399s 0%: 0.036+1.0+0.003 ms clock, 0.29+0.035/1.6/3.8+0.027 ms cpu, 4->4->2 MB, 4 MB goal, 0 MB stacks, 0 MB globals, 8 P
gc 3864 @289.478s 0%: 0.038+0.72+0.003 ms clock, 0.30+0.031/1.3/2.9+0.027 ms cpu, 4->4->1 MB, 4 MB goal, 0 MB stacks, 0 MB globals, 8 P
gc 3865 @289.521s 0%: 0.046+1.0+0.003 ms clock, 0.37+0.036/1.8/4.2+0.029 ms cpu, 3->4->2 MB, 4 MB goal, 0 MB stacks, 0 MB globals, 8 P
gc 3866 @289.603s 0%: 0.035+0.88+0.008 ms clock, 0.28+0.035/1.6/4.1+0.064 ms cpu, 4->4->1 MB, 4 MB goal, 0 MB stacks, 0 MB globals, 8 P
gc 3867 @289.680s 0%: 0.041+1.0+0.003 ms clock, 0.33+0.039/1.9/4.5+0.028 ms cpu, 3->4->1 MB, 4 MB goal, 0 MB stacks, 0 MB globals, 8 P
gc 3868 @289.762s 0%: 0.038+0.74+0.033 ms clock, 0.30+0.034/1.0/2.1+0.27 ms cpu, 3->4->1 MB, 4 MB goal, 0 MB stacks, 0 MB globals, 8 P
gc 3869 @289.829s 0%: 0.049+0.84+0.008 ms clock, 0.39+0.035/1.4/3.4+0.071 ms cpu, 3->4->2 MB, 4 MB goal, 0 MB stacks, 0 MB globals, 8 P
gc 3870 @289.902s 0%: 0.045+1.0+0.029 ms clock, 0.36+0.036/1.9/4.8+0.23 ms cpu, 4->4->1 MB, 4 MB goal, 0 MB stacks, 0 MB globals, 8 P
gc 3871 @289.975s 0%: 0.039+1.0+0.003 ms clock, 0.31+0.034/1.8/4.3+0.025 ms cpu, 3->4->1 MB, 4 MB goal, 0 MB stacks, 0 MB globals, 8 P
gc 3872 @290.024s 0%: 0.045+0.77+0.016 ms clock, 0.36+0.038/1.2/2.8+0.13 ms cpu, 3->4->2 MB, 4 MB goal, 0 MB stacks, 0 MB globals, 8 P
gc 3873 @290.102s 0%: 0.080+1.1+0.020 ms clock, 0.64+0.036/1.4/2.2+0.16 ms cpu, 4->4->2 MB, 4 MB goal, 0 MB stacks, 0 MB globals, 8 P
gc 3874 @290.169s 0%: 0.038+0.96+0.007 ms clock, 0.30+0.034/1.7/4.2+0.060 ms cpu, 4->4->2 MB, 4 MB goal, 0 MB stacks, 0 MB globals, 8 P
gc 3875 @290.246s 0%: 0.044+0.84+0.030 ms clock, 0.35+0.037/1.3/2.8+0.24 ms cpu, 4->4->1 MB, 4 MB goal, 0 MB stacks, 0 MB globals, 8 P
gc 3876 @290.315s 0%: 0.054+0.90+0.007 ms clock, 0.43+0.11/1.6/2.9+0.060 ms cpu, 4->4->2 MB, 4 MB goal, 0 MB stacks, 0 MB globals, 8 P
gc 3877 @290.394s 0%: 0.044+1.2+0.008 ms clock, 0.35+0.034/2.0/5.1+0.068 ms cpu, 4->4->2 MB, 5 MB goal, 0 MB stacks, 0 MB globals, 8 P
gc 3878 @290.468s 0%: 0.034+0.79+0.003 ms clock, 0.27+0.029/1.4/3.0+0.027 ms cpu, 4->4->1 MB, 4 MB goal, 0 MB stacks, 0 MB globals, 8 P
gc 3879 @290.500s 0%: 0.033+0.83+0.004 ms clock, 0.26+0.023/1.2/2.9+0.033 ms cpu, 3->4->2 MB, 4 MB goal, 0 MB stacks, 0 MB globals, 8 P
gc 3880 @290.580s 0%: 0.038+0.75+0.028 ms clock, 0.30+0.035/1.2/2.9+0.23 ms cpu, 4->4->1 MB, 5 MB goal, 0 MB stacks, 0 MB globals, 8 P
gc 3881 @290.653s 0%: 0.042+1.0+0.025 ms clock, 0.34+0.034/1.9/4.5+0.20 ms cpu, 3->4->2 MB, 4 MB goal, 0 MB stacks, 0 MB globals, 8 P
gc 3882 @290.729s 0%: 0.039+0.73+0.029 ms clock, 0.31+0.040/1.1/2.5+0.23 ms cpu, 4->4->1 MB, 4 MB goal, 0 MB stacks, 0 MB globals, 8 P
gc 3883 @290.799s 0%: 0.039+1.1+0.007 ms clock, 0.31+0.033/2.0/4.8+0.061 ms cpu, 3->4->2 MB, 4 MB goal, 0 MB stacks, 0 MB globals, 8 P
gc 3884 @290.888s 0%: 0.039+0.95+0.003 ms clock, 0.31+0.034/1.7/3.6+0.028 ms cpu, 4->4->1 MB, 5 MB goal, 0 MB stacks, 0 MB globals, 8 P
gc 3885 @290.970s 0%: 0.049+0.84+0.019 ms clock, 0.39+0.040/1.4/2.6+0.15 ms cpu, 4->4->1 MB, 4 MB goal, 0 MB stacks, 0 MB globals, 8 P
gc 3886 @291.049s 0%: 0.043+1.3+0.029 ms clock, 0.34+0.054/2.1/3.2+0.23 ms cpu, 3->4->2 MB, 4 MB goal, 0 MB stacks, 0 MB globals, 8 P
gc 3887 @291.137s 0%: 0.049+1.0+0.007 ms clock, 0.39+0.036/1.8/4.2+0.062 ms cpu, 4->4->2 MB, 5 MB goal, 0 MB stacks, 0 MB globals, 8 P
gc 3888 @291.211s 0%: 0.038+0.88+0.004 ms clock, 0.30+0.039/1.6/3.3+0.033 ms cpu, 4->4->2 MB, 4 MB goal, 0 MB stacks, 0 MB globals, 8 P
gc 3889 @291.288s 0%: 0.059+0.87+0.004 ms clock, 0.47+0.038/1.3/3.1+0.032 ms cpu, 4->4->1 MB, 5 MB goal, 0 MB stacks, 0 MB globals, 8 P
gc 3890 @291.360s 0%: 0.038+0.79+0.011 ms clock, 0.30+0.040/1.2/2.4+0.092 ms cpu, 4->4->1 MB, 4 MB goal, 0 MB stacks, 0 MB globals, 8 P
gc 3891 @291.431s 0%: 0.036+0.86+0.003 ms clock, 0.29+0.035/1.4/3.3+0.028 ms cpu, 3->4->2 MB, 4 MB goal, 0 MB stacks, 0 MB globals, 8 P
gc 3892 @291.493s 0%: 0.17+0.96+0.004 ms clock, 1.3+2.3/1.6/0.92+0.033 ms cpu, 4->4->2 MB, 4 MB goal, 0 MB stacks, 0 MB globals, 8 P
gc 3893 @291.581s 0%: 0.044+0.90+0.003 ms clock, 0.35+0.036/1.6/3.4+0.028 ms cpu, 4->4->1 MB, 5 MB goal, 0 MB stacks, 0 MB globals, 8 P
gc 3894 @291.659s 0%: 0.040+1.0+0.010 ms clock, 0.32+0.035/1.9/4.3+0.080 ms cpu, 4->4->2 MB, 4 MB goal, 0 MB stacks, 0 MB globals, 8 P
gc 3895 @291.727s 0%: 0.041+1.0+0.007 ms clock, 0.33+0.038/1.8/3.9+0.056 ms cpu, 4->4->1 MB, 4 MB goal, 0 MB stacks, 0 MB globals, 8 P
gc 3896 @291.797s 0%: 0.036+0.80+0.006 ms clock, 0.29+0.038/1.2/2.5+0.054 ms cpu, 4->4->1 MB, 4 MB goal, 0 MB stacks, 0 MB globals, 8 P
gc 3897 @291.872s 0%: 0.056+0.76+0.002 ms clock, 0.45+0.041/1.3/3.0+0.022 ms cpu, 4->4->1 MB, 4 MB goal, 0 MB stacks, 0 MB globals, 8 P
gc 3898 @291.943s 0%: 0.041+0.92+0.004 ms clock, 0.33+0.031/1.6/3.9+0.032 ms cpu, 3->3->1 MB, 4 MB goal, 0 MB stacks, 0 MB globals, 8 P
gc 3899 @292.019s 0%: 0.067+1.4+0.081 ms clock, 0.53+0.063/1.2/1.1+0.65 ms cpu, 3->4->1 MB, 4 MB goal, 0 MB stacks, 0 MB globals, 8 P
gc 3900 @292.088s 0%: 0.041+1.0+0.003 ms clock, 0.32+0.034/1.8/4.0+0.028 ms cpu, 3->4->1 MB, 4 MB goal, 0 MB stacks, 0 MB globals, 8 P
gc 3901 @292.182s 0%: 0.045+1.1+0.007 ms clock, 0.36+0.036/1.9/4.5+0.058 ms cpu, 4->4->1 MB, 4 MB goal, 0 MB stacks, 0 MB globals, 8 P
gc 3902 @292.254s 0%: 0.048+0.95+0.003 ms clock, 0.39+0.038/1.7/4.0+0.025 ms cpu, 4->4->2 MB, 4 MB goal, 0 MB stacks, 0 MB globals, 8 P
gc 3903 @292.332s 0%: 0.036+0.84+0.004 ms clock, 0.29+0.036/1.4/3.2+0.032 ms cpu, 4->4->1 MB, 5 MB goal, 0 MB stacks, 0 MB globals, 8 P
gc 3904 @292.408s 0%: 0.048+1.0+0.024 ms clock, 0.38+0.037/1.6/3.8+0.19 ms cpu, 4->4->1 MB, 4 MB goal, 0 MB stacks, 0 MB globals, 8 P
gc 3905 @292.486s 0%: 0.044+0.77+0.012 ms clock, 0.35+0.087/1.1/2.3+0.097 ms cpu, 3->4->2 MB, 4 MB goal, 0 MB stacks, 0 MB globals, 8 P
gc 3906 @292.548s 0%: 0.039+0.78+0.025 ms clock, 0.31+0.034/1.2/2.3+0.20 ms cpu, 4->4->1 MB, 4 MB goal, 0 MB stacks, 0 MB globals, 8 P
gc 3907 @292.616s 0%: 0.038+0.87+0.003 ms clock, 0.30+0.036/1.5/3.9+0.028 ms cpu, 4->4->1 MB, 4 MB goal, 0 MB stacks, 0 MB globals, 8 P
gc 3908 @292.692s 0%: 0.041+0.77+0.008 ms clock, 0.33+0.040/1.3/2.6+0.068 ms cpu, 4->4->1 MB, 4 MB goal, 0 MB stacks, 0 MB globals, 8 P
gc 3909 @292.754s 0%: 0.039+0.78+0.009 ms clock, 0.31+0.035/1.2/2.7+0.073 ms cpu, 3->4->1 MB, 4 MB goal, 0 MB stacks, 0 MB globals, 8 P
gc 3910 @292.826s 0%: 0.041+0.79+0.032 ms clock, 0.33+0.034/1.2/2.9+0.25 ms cpu, 4->4->2 MB, 4 MB goal, 0 MB stacks, 0 MB globals, 8 P
gc 3911 @292.895s 0%: 0.037+0.78+0.018 ms clock, 0.29+0.036/1.4/3.5+0.14 ms cpu, 4->4->1 MB, 4 MB goal, 0 MB stacks, 0 MB globals, 8 P
gc 3912 @292.969s 0%: 0.046+0.89+0.004 ms clock, 0.37+0.035/1.5/2.5+0.034 ms cpu, 3->4->1 MB, 4 MB goal, 0 MB stacks, 0 MB globals, 8 P
gc 3913 @293.033s 0%: 0.038+0.92+0.016 ms clock, 0.30+0.035/1.4/3.0+0.13 ms cpu, 3->4->1 MB, 4 MB goal, 0 MB stacks, 0 MB globals, 8 P
gc 3914 @293.110s 0%: 0.054+0.85+0.010 ms clock, 0.43+0.035/1.3/3.1+0.084 ms cpu, 4->4->2 MB, 4 MB goal, 0 MB stacks, 0 MB globals, 8 P
gc 3915 @293.183s 0%: 0.045+1.0+0.026 ms clock, 0.36+0.034/1.7/4.2+0.21 ms cpu, 4->4->1 MB, 4 MB goal, 0 MB stacks, 0 MB globals, 8 P
gc 3916 @293.259s 0%: 0.036+0.99+0.057 ms clock, 0.29+0.029/1.8/4.0+0.46 ms cpu, 3->4->1 MB, 4 MB goal, 0 MB stacks, 0 MB globals, 8 P
gc 3917 @293.331s 0%: 0.046+1.0+0.031 ms clock, 0.37+0.041/1.8/4.2+0.25 ms cpu, 3->4->1 MB, 4 MB goal, 0 MB stacks, 0 MB globals, 8 P
gc 3918 @293.410s 0%: 0.031+0.95+0.003 ms clock, 0.25+0.038/1.7/4.6+0.029 ms cpu, 3->4->1 MB, 4 MB goal, 0 MB stacks, 0 MB globals, 8 P
gc 3919 @293.494s 0%: 0.041+1.0+0.010 ms clock, 0.33+0.035/1.8/4.7+0.084 ms cpu, 4->4->2 MB, 4 MB goal, 0 MB stacks, 0 MB globals, 8 P
gc 3920 @293.536s 0%: 0.045+1.0+0.003 ms clock, 0.36+0.039/1.8/3.8+0.031 ms cpu, 4->4->2 MB, 4 MB goal, 0 MB stacks, 0 MB globals, 8 P
gc 3921 @293.621s 0%: 0.046+0.99+0.003 ms clock, 0.36+0.038/1.8/4.5+0.025 ms cpu, 4->4->2 MB, 5 MB goal, 0 MB stacks, 0 MB globals, 8 P
gc 3922 @293.701s 0%: 0.040+0.74+0.007 ms clock, 0.32+0.035/1.2/3.2+0.062 ms cpu, 4->4->2 MB, 5 MB goal, 0 MB stacks, 0 MB globals, 8 P
gc 3923 @293.774s 0%: 0.041+0.81+0.021 ms clock, 0.32+0.034/1.4/2.9+0.16 ms cpu, 4->4->1 MB, 4 MB goal, 0 MB stacks, 0 MB globals, 8 P
gc 3924 @293.851s 0%: 0.043+0.75+0.029 ms clock, 0.34+0.041/1.3/2.7+0.23 ms cpu, 3->4->1 MB, 4 MB goal, 0 MB stacks, 0 MB globals, 8 P
gc 3925 @293.933s 0%: 0.045+0.92+0.003 ms clock, 0.36+0.036/1.5/3.7+0.029 ms cpu, 3->4->1 MB, 4 MB goal, 0 MB stacks, 0 MB globals, 8 P
gc 3926 @294.025s 0%: 0.044+0.80+0.006 ms clock, 0.35+0.035/1.4/3.4+0.051 ms cpu, 4->4->1 MB, 4 MB goal, 0 MB stacks, 0 MB globals, 8 P
gc 3927 @294.102s 0%: 0.041+1.0+0.004 ms clock, 0.33+0.034/1.9/4.2+0.035 ms cpu, 3->4->1 MB, 4 MB goal, 0 MB stacks, 0 MB globals, 8 P
gc 3928 @294.174s 0%: 0.048+0.80+0.019 ms clock, 0.38+0.034/1.4/2.7+0.15 ms cpu, 3->4->1 MB, 4 MB goal, 0 MB stacks, 0 MB globals, 8 P
gc 3929 @294.243s 0%: 0.056+0.78+0.005 ms clock, 0.44+0.036/1.3/2.5+0.042 ms cpu, 3->4->2 MB, 4 MB goal, 0 MB stacks, 0 MB globals, 8 P
gc 3930 @294.321s 0%: 0.039+0.86+0.009 ms clock, 0.31+0.037/1.5/3.6+0.075 ms cpu, 4->4->2 MB, 5 MB goal, 0 MB stacks, 0 MB globals, 8 P
gc 3931 @294.397s 0%: 0.045+0.88+0.004 ms clock, 0.36+0.036/1.6/3.6+0.032 ms cpu, 4->4->1 MB, 5 MB goal, 0 MB stacks, 0 MB globals, 8 P
gc 3932 @294.469s 0%: 0.040+0.83+0.003 ms clock, 0.32+0.060/1.4/3.3+0.030 ms cpu, 3->4->2 MB, 4 MB goal, 0 MB stacks, 0 MB globals, 8 P
gc 3933 @294.508s 0%: 0.038+0.62+0.002 ms clock, 0.30+0.039/1.0/2.5+0.020 ms cpu, 4->4->2 MB, 4 MB goal, 0 MB stacks, 0 MB globals, 8 P
gc 3934 @294.597s 0%: 0.054+0.72+0.003 ms clock, 0.43+0.038/1.2/2.9+0.031 ms cpu, 4->4->1 MB, 5 MB goal, 0 MB stacks, 0 MB globals, 8 P
gc 3935 @294.674s 0%: 0.031+0.79+0.10 ms clock, 0.25+0.039/1.3/3.1+0.80 ms cpu, 3->4->2 MB, 4 MB goal, 0 MB stacks, 0 MB globals, 8 P
gc 3936 @294.747s 0%: 0.041+0.89+0.018 ms clock, 0.33+0.036/1.6/3.7+0.14 ms cpu, 4->4->2 MB, 4 MB goal, 0 MB stacks, 0 MB globals, 8 P
gc 3937 @294.828s 0%: 0.039+1.0+0.008 ms clock, 0.31+0.033/1.9/4.7+0.065 ms cpu, 4->4->1 MB, 4 MB goal, 0 MB stacks, 0 MB globals, 8 P
gc 3938 @294.912s 0%: 0.045+0.97+0.033 ms clock, 0.36+0.051/1.5/3.3+0.26 ms cpu, 4->4->1 MB, 4 MB goal, 0 MB stacks, 0 MB globals, 8 P
gc 3939 @294.985s 0%: 0.036+1.0+0.003 ms clock, 0.29+0.034/1.9/4.6+0.029 ms cpu, 3->4->1 MB, 4 MB goal, 0 MB stacks, 0 MB globals, 8 P
gc 3940 @295.025s 0%: 0.042+0.99+0.011 ms clock, 0.33+0.034/1.8/4.4+0.088 ms cpu, 4->4->1 MB, 4 MB goal, 0 MB stacks, 0 MB globals, 8 P
gc 3941 @295.102s 0%: 0.042+0.83+0.014 ms clock, 0.33+0.039/1.4/2.8+0.11 ms cpu, 4->4->2 MB, 4 MB goal, 0 MB stacks, 0 MB globals, 8 P
gc 3942 @295.169s 0%: 0.039+0.82+0.015 ms clock, 0.31+0.035/1.3/2.6+0.12 ms cpu, 4->4->2 MB, 4 MB goal, 0 MB stacks, 0 MB globals, 8 P
gc 3943 @295.243s 0%: 0.031+0.95+0.003 ms clock, 0.25+0.027/1.5/3.9+0.029 ms cpu, 4->4->1 MB, 4 MB goal, 0 MB stacks, 0 MB globals, 8 P
gc 3944 @295.325s 0%: 0.042+0.69+0.018 ms clock, 0.33+0.036/1.0/1.3+0.14 ms cpu, 3->4->1 MB, 4 MB goal, 0 MB stacks, 0 MB globals, 8 P
gc 3945 @295.393s 0%: 0.041+0.95+0.004 ms clock, 0.32+0.036/1.7/4.1+0.038 ms cpu, 3->4->1 MB, 4 MB goal, 0 MB stacks, 0 MB globals, 8 P
gc 3946 @295.452s 0%: 0.037+0.89+0.003 ms clock, 0.29+0.16/1.4/3.2+0.027 ms cpu, 4->4->2 MB, 4 MB goal, 0 MB stacks, 0 MB globals, 8 P
gc 3947 @295.509s 0%: 0.10+0.82+0.005 ms clock, 0.82+0.50/1.4/1.7+0.046 ms cpu, 4->4->2 MB, 4 MB goal, 0 MB stacks, 0 MB globals, 8 P
gc 3948 @295.598s 0%: 0.042+1.1+0.019 ms clock, 0.34+0.034/1.9/4.1+0.15 ms cpu, 4->5->2 MB, 5 MB goal, 0 MB stacks, 0 MB globals, 8 P
gc 3949 @295.674s 0%: 0.037+1.0+0.025 ms clock, 0.29+0.037/1.9/4.5+0.20 ms cpu, 4->4->1 MB, 5 MB goal, 0 MB stacks, 0 MB globals, 8 P
gc 3950 @295.754s 0%: 0.042+0.89+0.040 ms clock, 0.33+0.036/1.5/2.8+0.32 ms cpu, 3->4->2 MB, 4 MB goal, 0 MB stacks, 0 MB globals, 8 P
gc 3951 @295.828s 0%: 0.046+0.83+0.003 ms clock, 0.37+0.034/1.3/3.2+0.026 ms cpu, 4->4->2 MB, 4 MB goal, 0 MB stacks, 0 MB globals, 8 P
gc 3952 @295.908s 0%: 0.043+1.1+0.004 ms clock, 0.34+0.032/2.0/4.3+0.034 ms cpu, 4->4->2 MB, 5 MB goal, 0 MB stacks, 0 MB globals, 8 P
gc 3953 @295.987s 0%: 0.039+0.72+0.003 ms clock, 0.31+0.035/1.3/2.6+0.029 ms cpu, 4->4->2 MB, 4 MB goal, 0 MB stacks, 0 MB globals, 8 P
gc 3954 @296.050s 0%: 0.034+0.65+0.005 ms clock, 0.27+0.040/1.1/1.2+0.040 ms cpu, 4->4->1 MB, 4 MB goal, 0 MB stacks, 0 MB globals, 8 P
gc 3955 @296.132s 0%: 0.031+0.84+0.004 ms clock, 0.25+0.026/1.4/3.3+0.038 ms cpu, 3->4->1 MB, 4 MB goal, 0 MB stacks, 0 MB globals, 8 P
gc 3956 @296.198s 0%: 0.035+1.0+0.005 ms clock, 0.28+0.033/2.0/4.4+0.043 ms cpu, 4->4->2 MB, 4 MB goal, 0 MB stacks, 0 MB globals, 8 P
gc 3957 @296.288s 0%: 0.042+0.81+0.003 ms clock, 0.33+0.033/1.3/3.3+0.029 ms cpu, 4->4->1 MB, 5 MB goal, 0 MB stacks, 0 MB globals, 8 P
gc 3958 @296.360s 0%: 0.038+1.0+0.027 ms clock, 0.31+0.034/1.7/4.0+0.22 ms cpu, 3->4->1 MB, 4 MB goal, 0 MB stacks, 0 MB globals, 8 P
gc 3959 @296.427s 0%: 0.038+0.78+0.022 ms clock, 0.30+0.031/1.3/3.2+0.17 ms cpu, 3->4->1 MB, 4 MB goal, 0 MB stacks, 0 MB globals, 8 P
gc 3960 @296.498s 0%: 0.071+0.98+0.004 ms clock, 0.57+0.037/1.7/4.2+0.034 ms cpu, 3->4->1 MB, 4 MB goal, 0 MB stacks, 0 MB globals, 8 P
gc 3961 @296.528s 0%: 0.042+0.69+0.004 ms clock, 0.33+0.034/1.0/2.4+0.036 ms cpu, 3->3->2 MB, 4 MB goal, 0 MB stacks, 0 MB globals, 8 P
gc 3962 @296.609s 0%: 0.039+0.77+0.022 ms clock, 0.31+0.036/1.3/2.8+0.18 ms cpu, 4->4->1 MB, 5 MB goal, 0 MB stacks, 0 MB globals, 8 P
gc 3963 @296.669s 0%: 0.036+0.85+0.013 ms clock, 0.29+0.036/1.4/3.1+0.10 ms cpu, 3->4->2 MB, 4 MB goal, 0 MB stacks, 0 MB globals, 8 P
gc 3964 @296.747s 0%: 0.034+0.87+0.003 ms clock, 0.27+0.027/1.5/3.7+0.030 ms cpu, 4->4->1 MB, 4 MB goal, 0 MB stacks, 0 MB globals, 8 P
gc 3965 @296.824s 0%: 0.038+0.82+0.003 ms clock, 0.31+0.034/1.5/3.3+0.025 ms cpu, 3->4->1 MB, 4 MB goal, 0 MB stacks, 0 MB globals, 8 P
gc 3966 @296.898s 0%: 0.044+0.91+0.038 ms clock, 0.35+0.035/1.6/3.7+0.30 ms cpu, 3->4->2 MB, 4 MB goal, 0 MB stacks, 0 MB globals, 8 P
gc 3967 @296.981s 0%: 0.038+1.1+0.015 ms clock, 0.30+0.035/1.9/4.7+0.12 ms cpu, 4->4->2 MB, 4 MB goal, 0 MB stacks, 0 MB globals, 8 P
gc 3968 @297.074s 0%: 0.041+0.78+0.025 ms clock, 0.32+0.035/1.3/2.6+0.20 ms cpu, 4->4->1 MB, 5 MB goal, 0 MB stacks, 0 MB globals, 8 P
gc 3969 @297.150s 0%: 0.031+0.86+0.019 ms clock, 0.25+0.030/1.5/3.6+0.15 ms cpu, 3->4->2 MB, 4 MB goal, 0 MB stacks, 0 MB globals, 8 P
gc 3970 @297.228s 0%: 0.038+0.64+0.004 ms clock, 0.30+0.033/1.1/2.4+0.032 ms cpu, 4->4->1 MB, 4 MB goal, 0 MB stacks, 0 MB globals, 8 P
gc 3971 @297.299s 0%: 0.045+0.82+0.006 ms clock, 0.36+0.040/1.3/2.3+0.049 ms cpu, 3->4->2 MB, 4 MB goal, 0 MB stacks, 0 MB globals, 8 P
gc 3972 @297.382s 0%: 0.041+0.88+0.007 ms clock, 0.33+0.11/1.3/2.5+0.057 ms cpu, 4->4->2 MB, 4 MB goal, 0 MB stacks, 0 MB globals, 8 P
gc 3973 @297.468s 0%: 0.037+1.6+0.051 ms clock, 0.29+0.036/2.1/5.0+0.41 ms cpu, 4->5->2 MB, 5 MB goal, 0 MB stacks, 0 MB globals, 8 P
gc 3974 @297.517s 0%: 0.13+0.86+0.003 ms clock, 1.0+0.94/1.5/1.3+0.026 ms cpu, 4->4->2 MB, 5 MB goal, 0 MB stacks, 0 MB globals, 8 P
gc 3975 @297.602s 0%: 0.082+0.74+0.003 ms clock, 0.66+0.038/1.3/3.0+0.030 ms cpu, 4->4->1 MB, 5 MB goal, 0 MB stacks, 0 MB globals, 8 P
gc 3976 @297.679s 0%: 0.047+0.74+0.025 ms clock, 0.37+0.036/1.2/2.6+0.20 ms cpu, 4->4->1 MB, 4 MB goal, 0 MB stacks, 0 MB globals, 8 P
gc 3977 @297.751s 0%: 0.044+0.90+0.007 ms clock, 0.35+0.030/1.4/3.4+0.061 ms cpu, 3->4->2 MB, 4 MB goal, 0 MB stacks, 0 MB globals, 8 P
gc 3978 @297.832s 0%: 0.046+1.0+0.007 ms clock, 0.37+0.033/1.8/3.9+0.056 ms cpu, 4->4->2 MB, 4 MB goal, 0 MB stacks, 0 MB globals, 8 P
gc 3979 @297.907s 0%: 0.044+0.70+0.024 ms clock, 0.35+0.040/1.0/2.1+0.19 ms cpu, 4->4->1 MB, 4 MB goal, 0 MB stacks, 0 MB globals, 8 P
gc 3980 @297.981s 0%: 0.041+0.99+0.023 ms clock, 0.32+0.035/1.7/3.9+0.18 ms cpu, 4->4->1 MB, 4 MB goal, 0 MB stacks, 0 MB globals, 8 P
gc 3981 @298.057s 0%: 0.19+2.6+1.2 ms clock, 1.5+0.063/1.1/0.93+10 ms cpu, 4->4->2 MB, 4 MB goal, 0 MB stacks, 0 MB globals, 8 P
gc 3982 @298.140s 0%: 0.037+1.0+0.003 ms clock, 0.30+0.035/2.0/4.8+0.027 ms cpu, 4->4->2 MB, 5 MB goal, 0 MB stacks, 0 MB globals, 8 P
gc 3983 @298.223s 0%: 0.039+0.72+0.040 ms clock, 0.31+0.035/1.1/2.6+0.32 ms cpu, 4->4->1 MB, 4 MB goal, 0 MB stacks, 0 MB globals, 8 P
gc 3984 @298.295s 0%: 0.038+0.63+0.029 ms clock, 0.30+0.044/1.0/1.7+0.23 ms cpu, 3->3->1 MB, 4 MB goal, 0 MB stacks, 0 MB globals, 8 P
gc 3985 @298.358s 0%: 0.036+0.98+0.072 ms clock, 0.29+0.030/1.8/4.2+0.58 ms cpu, 3->4->1 MB, 4 MB goal, 0 MB stacks, 0 MB globals, 8 P
gc 3986 @298.438s 0%: 0.037+0.64+0.003 ms clock, 0.29+0.034/1.1/2.2+0.027 ms cpu, 3->4->1 MB, 4 MB goal, 0 MB stacks, 0 MB globals, 8 P
gc 3987 @298.516s 0%: 0.043+0.74+0.004 ms clock, 0.34+0.037/1.2/2.9+0.033 ms cpu, 3->4->1 MB, 4 MB goal, 0 MB stacks, 0 MB globals, 8 P
gc 3988 @298.548s 0%: 0.034+0.85+0.037 ms clock, 0.27+0.029/1.3/3.0+0.29 ms cpu, 3->4->2 MB, 4 MB goal, 0 MB stacks, 0 MB globals, 8 P
gc 3989 @298.632s 0%: 0.041+0.99+0.015 ms clock, 0.33+0.10/1.6/3.8+0.12 ms cpu, 4->4->2 MB, 5 MB goal, 0 MB stacks, 0 MB globals, 8 P
gc 3990 @298.709s 0%: 0.040+0.82+0.003 ms clock, 0.32+0.038/1.5/3.3+0.025 ms cpu, 4->4->2 MB, 4 MB goal, 0 MB stacks, 0 MB globals, 8 P
gc 3991 @298.781s 0%: 0.043+0.90+0.022 ms clock, 0.34+0.036/1.3/2.3+0.18 ms cpu, 4->4->1 MB, 4 MB goal, 0 MB stacks, 0 MB globals, 8 P
gc 3992 @298.849s 0%: 0.034+1.0+0.023 ms clock, 0.27+0.032/1.9/4.0+0.18 ms cpu, 4->4->2 MB, 4 MB goal, 0 MB stacks, 0 MB globals, 8 P
gc 3993 @298.931s 0%: 0.041+0.76+0.031 ms clock, 0.33+0.035/1.3/3.0+0.24 ms cpu, 4->4->1 MB, 4 MB goal, 0 MB stacks, 0 MB globals, 8 P
gc 3994 @299.000s 0%: 0.043+0.89+0.003 ms clock, 0.34+0.035/1.6/3.4+0.031 ms cpu, 3->4->1 MB, 4 MB goal, 0 MB stacks, 0 MB globals, 8 P
gc 3995 @299.070s 0%: 0.038+0.66+0.016 ms clock, 0.30+0.035/1.0/2.1+0.13 ms cpu, 4->4->1 MB, 4 MB goal, 0 MB stacks, 0 MB globals, 8 P
gc 3996 @299.150s 0%: 0.041+1.0+0.019 ms clock, 0.33+0.034/1.8/4.4+0.15 ms cpu, 4->4->1 MB, 4 MB goal, 0 MB stacks, 0 MB globals, 8 P
gc 3997 @299.234s 0%: 0.038+0.64+0.003 ms clock, 0.30+0.036/1.0/1.9+0.030 ms cpu, 3->3->1 MB, 4 MB goal, 0 MB stacks, 0 MB globals, 8 P
gc 3998 @299.306s 0%: 0.070+1.0+0.015 ms clock, 0.56+0.042/1.6/3.9+0.12 ms cpu, 3->4->2 MB, 4 MB goal, 0 MB stacks, 0 MB globals, 8 P
gc 3999 @299.385s 0%: 0.044+0.95+0.005 ms clock, 0.35+0.037/1.4/0.96+0.042 ms cpu, 4->4->1 MB, 4 MB goal, 0 MB stacks, 0 MB globals, 8 P
gc 4000 @299.450s 0%: 0.041+0.97+0.020 ms clock, 0.33+0.036/1.7/3.5+0.16 ms cpu, 3->3->1 MB, 4 MB goal, 0 MB stacks, 0 MB globals, 8 P
gc 4001 @299.524s 0%: 0.088+0.81+0.004 ms clock, 0.70+1.3/1.4/0.036+0.036 ms cpu, 3->4->2 MB, 4 MB goal, 0 MB stacks, 0 MB globals, 8 P
gc 4002 @299.611s 0%: 0.047+0.73+0.003 ms clock, 0.38+0.037/1.3/2.8+0.026 ms cpu, 4->4->1 MB, 5 MB goal, 0 MB stacks, 0 MB globals, 8 P
gc 4003 @299.682s 0%: 0.039+0.82+0.015 ms clock, 0.31+0.058/1.4/3.0+0.12 ms cpu, 4->4->2 MB, 4 MB goal, 0 MB stacks, 0 MB globals, 8 P
gc 4004 @299.762s 0%: 0.049+1.0+0.014 ms clock, 0.39+0.035/1.8/4.0+0.11 ms cpu, 4->4->1 MB, 4 MB goal, 0 MB stacks, 0 MB globals, 8 P
gc 4005 @299.834s 0%: 0.042+0.87+0.003 ms clock, 0.34+0.036/1.5/3.3+0.029 ms cpu, 3->4->1 MB, 4 MB goal, 0 MB stacks, 0 MB globals, 8 P
gc 4006 @299.914s 0%: 0.042+1.0+0.003 ms clock, 0.34+0.034/1.7/3.9+0.027 ms cpu, 4->4->1 MB, 4 MB goal, 0 MB stacks, 0 MB globals, 8 P
gc 4007 @299.989s 0%: 0.046+0.83+0.004 ms clock, 0.36+0.037/1.4/3.1+0.036 ms cpu, 3->4->1 MB, 4 MB goal, 0 MB stacks, 0 MB globals, 8 P
gc 4008 @300.034s 0%: 0.039+0.84+0.026 ms clock, 0.31+0.037/1.4/3.4+0.21 ms cpu, 4->4->1 MB, 4 MB goal, 0 MB stacks, 0 MB globals, 8 P
gc 4009 @300.109s 0%: 0.037+0.70+0.035 ms clock, 0.30+0.035/1.2/2.6+0.28 ms cpu, 4->4->1 MB, 4 MB goal, 0 MB stacks, 0 MB globals, 8 P
gc 4010 @300.185s 0%: 0.038+0.63+0.016 ms clock, 0.30+0.034/1.0/2.1+0.13 ms cpu, 4->4->1 MB, 4 MB goal, 0 MB stacks, 0 MB globals, 8 P
gc 4011 @300.252s 0%: 0.043+1.0+0.015 ms clock, 0.34+0.040/1.5/3.7+0.12 ms cpu, 3->4->2 MB, 4 MB goal, 0 MB stacks, 0 MB globals, 8 P
gc 4012 @300.333s 0%: 0.047+0.99+0.003 ms clock, 0.37+0.036/1.8/4.5+0.028 ms cpu, 4->4->1 MB, 4 MB goal, 0 MB stacks, 0 MB globals, 8 P
gc 4013 @300.412s 0%: 0.045+0.84+0.002 ms clock, 0.36+0.037/1.4/3.4+0.023 ms cpu, 4->4->1 MB, 4 MB goal, 0 MB stacks, 0 MB globals, 8 P
gc 4014 @300.484s 0%: 0.033+0.69+0.004 ms clock, 0.27+0.034/1.1/2.1+0.038 ms cpu, 3->4->1 MB, 4 MB goal, 0 MB stacks, 0 MB globals, 8 P
gc 4015 @300.529s 0%: 0.12+0.97+0.011 ms clock, 1.0+1.9/1.8/1.2+0.089 ms cpu, 4->4->2 MB, 4 MB goal, 0 MB stacks, 0 MB globals, 8 P
gc 4016 @300.619s 0%: 0.038+0.97+0.021 ms clock, 0.30+0.038/1.5/3.7+0.17 ms cpu, 4->5->2 MB, 5 MB goal, 0 MB stacks, 0 MB globals, 8 P
gc 4017 @300.695s 0%: 0.039+1.0+0.005 ms clock, 0.31+0.035/1.8/3.6+0.047 ms cpu, 4->4->2 MB, 5 MB goal, 0 MB stacks, 0 MB globals, 8 P
gc 4018 @300.774s 0%: 0.043+0.90+0.003 ms clock, 0.35+0.030/1.6/3.7+0.027 ms cpu, 4->4->1 MB, 4 MB goal, 0 MB stacks, 0 MB globals, 8 P
gc 4019 @300.856s 0%: 0.041+0.74+0.022 ms clock, 0.33+0.037/1.2/2.6+0.18 ms cpu, 3->4->1 MB, 4 MB goal, 0 MB stacks, 0 MB globals, 8 P
gc 4020 @300.932s 0%: 0.040+0.81+0.008 ms clock, 0.32+0.033/1.4/3.1+0.068 ms cpu, 3->4->1 MB, 4 MB goal, 0 MB stacks, 0 MB globals, 8 P
gc 4021 @301.002s 0%: 0.069+3.1+0.063 ms clock, 0.55+0.037/3.3/0.084+0.50 ms cpu, 3->4->1 MB, 4 MB goal, 0 MB stacks, 0 MB globals, 8 P
gc 4022 @301.068s 0%: 0.070+0.92+0.003 ms clock, 0.56+0.036/1.6/3.8+0.026 ms cpu, 3->4->2 MB, 4 MB goal, 0 MB stacks, 0 MB globals, 8 P
gc 4023 @301.144s 0%: 0.040+0.80+0.017 ms clock, 0.32+0.035/1.2/2.6+0.14 ms cpu, 4->4->2 MB, 5 MB goal, 0 MB stacks, 0 MB globals, 8 P
gc 4024 @301.223s 0%: 0.051+0.72+0.027 ms clock, 0.41+0.034/1.0/2.6+0.22 ms cpu, 4->4->1 MB, 5 MB goal, 0 MB stacks, 0 MB globals, 8 P
gc 4025 @301.304s 0%: 0.046+0.77+0.004 ms clock, 0.36+0.12/1.3/2.3+0.038 ms cpu, 4->4->2 MB, 4 MB goal, 0 MB stacks, 0 MB globals, 8 P
gc 4026 @301.383s 0%: 0.038+0.69+0.015 ms clock, 0.30+0.040/1.2/2.6+0.12 ms cpu, 4->4->1 MB, 4 MB goal, 0 MB stacks, 0 MB globals, 8 P
gc 4027 @301.447s 0%: 0.044+1.1+0.019 ms clock, 0.35+0.035/2.0/4.3+0.15 ms cpu, 3->4->1 MB, 4 MB goal, 0 MB stacks, 0 MB globals, 8 P
gc 4028 @301.517s 0%: 0.037+0.90+0.023 ms clock, 0.29+0.051/1.7/4.1+0.18 ms cpu, 4->4->2 MB, 4 MB goal, 0 MB stacks, 0 MB globals, 8 P
gc 4029 @301.548s 0%: 0.037+1.0+0.028 ms clock, 0.30+0.029/1.8/3.8+0.23 ms cpu, 4->4->2 MB, 4 MB goal, 0 MB stacks, 0 MB globals, 8 P
gc 4030 @301.625s 0%: 0.038+0.65+0.003 ms clock, 0.30+0.035/1.2/2.4+0.026 ms cpu, 4->4->2 MB, 5 MB goal, 0 MB stacks, 0 MB globals, 8 P
gc 4031 @301.703s 0%: 0.040+0.91+0.004 ms clock, 0.32+0.033/1.5/3.2+0.035 ms cpu, 4->4->2 MB, 4 MB goal, 0 MB stacks, 0 MB globals, 8 P
gc 4032 @301.775s 0%: 0.037+1.1+0.020 ms clock, 0.30+0.034/1.9/4.5+0.16 ms cpu, 4->4->2 MB, 4 MB goal, 0 MB stacks, 0 MB globals, 8 P
gc 4033 @301.852s 0%: 0.032+0.80+0.006 ms clock, 0.26+0.033/1.4/2.9+0.051 ms cpu, 4->4->2 MB, 5 MB goal, 0 MB stacks, 0 MB globals, 8 P
gc 4034 @301.935s 0%: 0.046+1.0+0.017 ms clock, 0.37+0.035/1.9/4.3+0.13 ms cpu, 4->4->2 MB, 5 MB goal, 0 MB stacks, 0 MB globals, 8 P
gc 4035 @302.018s 0%: 0.040+0.89+0.022 ms clock, 0.32+0.035/1.4/3.0+0.17 ms cpu, 4->4->1 MB, 5 MB goal, 0 MB stacks, 0 MB globals, 8 P
gc 4036 @302.096s 0%: 0.044+0.77+0.004 ms clock, 0.35+0.036/1.4/3.2+0.033 ms cpu, 4->4->2 MB, 4 MB goal, 0 MB stacks, 0 MB globals, 8 P
gc 4037 @302.174s 0%: 0.035+0.70+0.004 ms clock, 0.28+0.033/1.3/2.9+0.032 ms cpu, 4->4->2 MB, 4 MB goal, 0 MB stacks, 0 MB globals, 8 P
gc 4038 @302.247s 0%: 0.042+0.79+0.018 ms clock, 0.33+0.035/1.3/2.8+0.14 ms cpu, 4->4->2 MB, 4 MB goal, 0 MB stacks, 0 MB globals, 8 P
gc 4039 @302.327s 0%: 0.038+0.75+0.027 ms clock, 0.30+0.037/1.2/2.9+0.22 ms cpu, 4->4->1 MB, 4 MB goal, 0 MB stacks, 0 MB globals, 8 P
gc 4040 @302.396s 0%: 0.054+0.72+0.003 ms clock, 0.43+0.043/1.3/2.9+0.025 ms cpu, 3->4->2 MB, 4 MB goal, 0 MB stacks, 0 MB globals, 8 P
gc 4041 @302.471s 0%: 0.047+0.76+0.008 ms clock, 0.37+0.034/1.2/2.7+0.066 ms cpu, 4->4->2 MB, 4 MB goal, 0 MB stacks, 0 MB globals, 8 P
gc 4042 @302.537s 0%: 0.14+1.0+0.024 ms clock, 1.1+2.3/1.4/0.12+0.19 ms cpu, 4->4->2 MB, 4 MB goal, 0 MB stacks, 0 MB globals, 8 P
gc 4043 @302.627s 0%: 0.049+0.85+0.019 ms clock, 0.39+0.036/1.4/3.4+0.15 ms cpu, 4->4->2 MB, 5 MB goal, 0 MB stacks, 0 MB globals, 8 P
gc 4044 @302.700s 0%: 0.035+0.96+0.006 ms clock, 0.28+0.039/1.7/4.0+0.055 ms cpu, 4->4->2 MB, 5 MB goal, 0 MB stacks, 0 MB globals, 8 P
gc 4045 @302.785s 0%: 0.044+0.97+0.013 ms clock, 0.35+0.034/1.7/3.9+0.10 ms cpu, 4->4->1 MB, 5 MB goal, 0 MB stacks, 0 MB globals, 8 P
gc 4046 @302.858s 0%: 0.041+0.86+0.039 ms clock, 0.32+0.040/1.5/3.3+0.31 ms cpu, 3->4->2 MB, 4 MB goal, 0 MB stacks, 0 MB globals, 8 P
gc 4047 @302.928s 0%: 0.067+0.97+0.020 ms clock, 0.53+0.036/1.6/3.6+0.16 ms cpu, 4->4->2 MB, 4 MB goal, 0 MB stacks, 0 MB globals, 8 P
gc 4048 @303.016s 0%: 0.043+1.0+0.011 ms clock, 0.34+0.031/1.8/3.9+0.092 ms cpu, 4->4->2 MB, 5 MB goal, 0 MB stacks, 0 MB globals, 8 P
gc 4049 @303.078s 0%: 0.056+0.76+0.003 ms clock, 0.44+0.042/1.3/2.6+0.030 ms cpu, 4->4->2 MB, 4 MB goal, 0 MB stacks, 0 MB globals, 8 P
gc 4050 @303.162s 0%: 0.049+0.94+0.004 ms clock, 0.39+0.040/1.5/3.5+0.036 ms cpu, 4->4->2 MB, 4 MB goal, 0 MB stacks, 0 MB globals, 8 P
gc 4051 @303.245s 0%: 0.038+0.81+0.009 ms clock, 0.30+0.036/1.3/2.9+0.078 ms cpu, 4->4->2 MB, 5 MB goal, 0 MB stacks, 0 MB globals, 8 P
gc 4052 @303.329s 0%: 0.042+0.92+0.061 ms clock, 0.33+0.036/1.6/3.5+0.49 ms cpu, 4->4->2 MB, 4 MB goal, 0 MB stacks, 0 MB globals, 8 P
gc 4053 @303.405s 0%: 0.041+0.91+0.003 ms clock, 0.33+0.033/1.6/3.4+0.031 ms cpu, 4->4->2 MB, 4 MB goal, 0 MB stacks, 0 MB globals, 8 P
gc 4054 @303.474s 0%: 0.065+1.4+0.11 ms clock, 0.52+0.037/2.3/5.0+0.89 ms cpu, 4->4->2 MB, 4 MB goal, 0 MB stacks, 0 MB globals, 8 P
gc 4055 @303.541s 0%: 0.089+1.0+0.014 ms clock, 0.71+1.9/1.8/0.56+0.11 ms cpu, 4->4->2 MB, 5 MB goal, 0 MB stacks, 0 MB globals, 8 P
gc 4056 @303.623s 0%: 0.054+0.78+0.029 ms clock, 0.43+0.039/1.1/2.0+0.23 ms cpu, 4->5->2 MB, 5 MB goal, 0 MB stacks, 0 MB globals, 8 P
gc 4057 @303.697s 0%: 0.046+0.99+0.029 ms clock, 0.37+0.036/1.7/4.0+0.23 ms cpu, 4->4->2 MB, 5 MB goal, 0 MB stacks, 0 MB globals, 8 P
gc 4058 @303.775s 0%: 0.038+0.79+0.006 ms clock, 0.30+0.034/1.3/3.1+0.048 ms cpu, 4->4->1 MB, 4 MB goal, 0 MB stacks, 0 MB globals, 8 P
gc 4059 @303.839s 0%: 0.049+0.74+0.013 ms clock, 0.39+0.038/1.0/2.2+0.11 ms cpu, 3->4->1 MB, 4 MB goal, 0 MB stacks, 0 MB globals, 8 P
gc 4060 @303.909s 0%: 0.037+1.0+0.015 ms clock, 0.30+0.032/1.8/4.3+0.12 ms cpu, 3->4->1 MB, 4 MB goal, 0 MB stacks, 0 MB globals, 8 P
gc 4061 @303.983s 0%: 0.043+0.87+0.007 ms clock, 0.35+0.034/1.5/3.2+0.058 ms cpu, 3->4->1 MB, 4 MB goal, 0 MB stacks, 0 MB globals, 8 P
gc 4062 @304.064s 0%: 0.039+0.87+0.003 ms clock, 0.31+0.034/1.6/3.6+0.030 ms cpu, 3->4->1 MB, 4 MB goal, 0 MB stacks, 0 MB globals, 8 P
gc 4063 @304.142s 0%: 0.041+0.98+0.002 ms clock, 0.33+0.034/1.8/4.2+0.022 ms cpu, 3->4->2 MB, 4 MB goal, 0 MB stacks, 0 MB globals, 8 P
gc 4064 @304.220s 0%: 0.039+1.1+0.018 ms clock, 0.31+0.034/2.0/4.8+0.14 ms cpu, 4->4->2 MB, 4 MB goal, 0 MB stacks, 0 MB globals, 8 P
gc 4065 @304.304s 0%: 0.041+0.97+0.003 ms clock, 0.33+0.034/1.7/4.1+0.030 ms cpu, 4->4->1 MB, 4 MB goal, 0 MB stacks, 0 MB globals, 8 P
gc 4066 @304.376s 0%: 0.041+1.0+0.026 ms clock, 0.33+0.038/1.8/4.4+0.21 ms cpu, 3->4->2 MB, 4 MB goal, 0 MB stacks, 0 MB globals, 8 P
gc 4067 @304.457s 0%: 0.034+0.85+0.006 ms clock, 0.27+0.041/1.4/2.8+0.048 ms cpu, 4->4->1 MB, 4 MB goal, 0 MB stacks, 0 MB globals, 8 P
gc 4068 @304.534s 0%: 0.21+3.2+0.014 ms clock, 1.7+0.047/1.0/0+0.11 ms cpu, 4->4->1 MB, 4 MB goal, 0 MB stacks, 0 MB globals, 8 P
gc 4069 @304.573s 0%: 0.047+0.72+0.013 ms clock, 0.38+0.035/1.1/2.4+0.10 ms cpu, 3->3->2 MB, 4 MB goal, 0 MB stacks, 0 MB globals, 8 P
gc 4070 @304.659s 0%: 0.046+0.94+0.013 ms clock, 0.37+0.032/1.5/3.5+0.10 ms cpu, 4->4->1 MB, 5 MB goal, 0 MB stacks, 0 MB globals, 8 P
gc 4071 @304.740s 0%: 0.040+0.90+0.004 ms clock, 0.32+0.034/1.4/3.6+0.032 ms cpu, 3->4->1 MB, 4 MB goal, 0 MB stacks, 0 MB globals, 8 P
gc 4072 @304.817s 0%: 0.039+0.82+0.004 ms clock, 0.31+0.035/1.5/3.5+0.033 ms cpu, 3->4->1 MB, 4 MB goal, 0 MB stacks, 0 MB globals, 8 P
gc 4073 @304.898s 0%: 0.034+0.80+0.015 ms clock, 0.27+0.033/1.4/3.1+0.12 ms cpu, 3->4->1 MB, 4 MB goal, 0 MB stacks, 0 MB globals, 8 P
gc 4074 @304.977s 0%: 0.050+0.80+0.028 ms clock, 0.40+0.038/1.2/3.0+0.22 ms cpu, 3->4->1 MB, 4 MB goal, 0 MB stacks, 0 MB globals, 8 P
gc 4075 @305.012s 0%: 0.048+0.84+0.014 ms clock, 0.38+0.037/1.4/3.4+0.11 ms cpu, 3->4->2 MB, 4 MB goal, 0 MB stacks, 0 MB globals, 8 P
gc 4076 @305.094s 0%: 0.050+1.0+0.003 ms clock, 0.40+0.036/1.9/4.6+0.026 ms cpu, 4->4->2 MB, 5 MB goal, 0 MB stacks, 0 MB globals, 8 P
gc 4077 @305.168s 0%: 0.040+0.78+0.013 ms clock, 0.32+0.055/1.2/2.7+0.10 ms cpu, 4->4->2 MB, 4 MB goal, 0 MB stacks, 0 MB globals, 8 P
gc 4078 @305.241s 0%: 0.042+1.0+0.004 ms clock, 0.33+0.044/1.9/4.4+0.032 ms cpu, 4->4->2 MB, 4 MB goal, 0 MB stacks, 0 MB globals, 8 P
gc 4079 @305.329s 0%: 0.040+0.97+0.020 ms clock, 0.32+0.041/1.7/3.9+0.16 ms cpu, 4->4->2 MB, 4 MB goal, 0 MB stacks, 0 MB globals, 8 P
gc 4080 @305.408s 0%: 0.040+0.78+0.013 ms clock, 0.32+0.038/1.3/3.1+0.10 ms cpu, 4->4->2 MB, 5 MB goal, 0 MB stacks, 0 MB globals, 8 P
gc 4081 @305.479s 0%: 0.052+0.79+0.002 ms clock, 0.42+0.034/1.4/3.1+0.022 ms cpu, 4->4->1 MB, 4 MB goal, 0 MB stacks, 0 MB globals, 8 P
gc 4082 @305.549s 0%: 0.096+0.89+0.009 ms clock, 0.76+1.8/1.5/0.009+0.078 ms cpu, 4->4->2 MB, 4 MB goal, 0 MB stacks, 0 MB globals, 8 P
gc 4083 @305.639s 0%: 0.036+0.82+0.008 ms clock, 0.29+0.036/1.5/3.3+0.064 ms cpu, 4->4->2 MB, 5 MB goal, 0 MB stacks, 0 MB globals, 8 P
gc 4084 @305.718s 0%: 0.044+0.90+0.005 ms clock, 0.35+0.034/1.6/3.4+0.042 ms cpu, 4->4->1 MB, 4 MB goal, 0 MB stacks, 0 MB globals, 8 P
gc 4085 @305.798s 0%: 0.045+0.86+0.003 ms clock, 0.36+0.039/1.4/3.4+0.029 ms cpu, 3->4->1 MB, 4 MB goal, 0 MB stacks, 0 MB globals, 8 P
gc 4086 @305.880s 0%: 0.065+1.0+0.007 ms clock, 0.52+0.037/2.0/4.6+0.057 ms cpu, 3->4->1 MB, 4 MB goal, 0 MB stacks, 0 MB globals, 8 P
gc 4087 @305.955s 0%: 0.046+1.0+0.003 ms clock, 0.36+0.034/1.9/4.5+0.024 ms cpu, 3->4->1 MB, 4 MB goal, 0 MB stacks, 0 MB globals, 8 P
gc 4088 @306.033s 0%: 0.042+1.0+0.005 ms clock, 0.34+0.034/1.7/3.9+0.044 ms cpu, 3->4->1 MB, 4 MB goal, 0 MB stacks, 0 MB globals, 8 P
gc 4089 @306.115s 0%: 0.045+1.0+0.003 ms clock, 0.36+0.038/1.9/4.6+0.026 ms cpu, 3->4->1 MB, 4 MB goal, 0 MB stacks, 0 MB globals, 8 P
gc 4090 @306.188s 0%: 0.037+0.83+0.003 ms clock, 0.30+0.037/1.4/2.5+0.028 ms cpu, 3->4->1 MB, 4 MB goal, 0 MB stacks, 0 MB globals, 8 P
gc 4091 @306.270s 0%: 0.036+1.0+0.020 ms clock, 0.29+0.034/1.9/4.2+0.16 ms cpu, 3->4->1 MB, 4 MB goal, 0 MB stacks, 0 MB globals, 8 P
gc 4092 @306.342s 0%: 0.039+0.81+0.023 ms clock, 0.31+0.026/1.4/3.0+0.18 ms cpu, 3->3->1 MB, 4 MB goal, 0 MB stacks, 0 MB globals, 8 P
gc 4093 @306.413s 0%: 0.042+0.80+0.003 ms clock, 0.33+0.042/1.3/2.9+0.028 ms cpu, 3->4->1 MB, 4 MB goal, 0 MB stacks, 0 MB globals, 8 P
gc 4094 @306.492s 0%: 0.046+0.91+0.003 ms clock, 0.37+0.037/1.6/3.7+0.030 ms cpu, 3->4->1 MB, 4 MB goal, 0 MB stacks, 0 MB globals, 8 P
gc 4095 @306.554s 0%: 0.16+0.86+0.039 ms clock, 1.3+1.5/1.2/0+0.31 ms cpu, 4->4->2 MB, 4 MB goal, 0 MB stacks, 0 MB globals, 8 P
gc 4096 @306.631s 0%: 0.044+0.95+0.003 ms clock, 0.35+0.033/1.6/3.8+0.025 ms cpu, 4->4->1 MB, 5 MB goal, 0 MB stacks, 0 MB globals, 8 P
gc 4097 @306.715s 0%: 0.052+0.82+0.026 ms clock, 0.41+0.034/1.4/2.7+0.21 ms cpu, 3->4->1 MB, 4 MB goal, 0 MB stacks, 0 MB globals, 8 P
gc 4098 @306.790s 0%: 0.043+0.83+0.011 ms clock, 0.34+0.034/1.3/3.3+0.090 ms cpu, 4->4->1 MB, 4 MB goal, 0 MB stacks, 0 MB globals, 8 P
gc 4099 @306.866s 0%: 0.047+1.0+0.010 ms clock, 0.38+0.034/1.7/3.7+0.085 ms cpu, 4->4->1 MB, 4 MB goal, 0 MB stacks, 0 MB globals, 8 P
gc 4100 @306.937s 0%: 0.047+0.78+0.012 ms clock, 0.38+0.040/1.2/2.5+0.10 ms cpu, 3->4->2 MB, 4 MB goal, 0 MB stacks, 0 MB globals, 8 P
gc 4101 @307.016s 0%: 0.042+1.1+0.007 ms clock, 0.33+0.037/1.9/4.4+0.060 ms cpu, 4->4->1 MB, 4 MB goal, 0 MB stacks, 0 MB globals, 8 P
gc 4102 @307.095s 0%: 0.048+1.0+0.030 ms clock, 0.39+0.036/1.8/4.1+0.24 ms cpu, 3->4->1 MB, 4 MB goal, 0 MB stacks, 0 MB globals, 8 P
gc 4103 @307.172s 0%: 0.048+0.71+0.003 ms clock, 0.39+0.037/1.3/2.5+0.027 ms cpu, 3->4->1 MB, 4 MB goal, 0 MB stacks, 0 MB globals, 8 P
gc 4104 @307.252s 0%: 0.046+0.91+0.003 ms clock, 0.37+0.029/1.7/3.7+0.024 ms cpu, 3->4->1 MB, 4 MB goal, 0 MB stacks, 0 MB globals, 8 P
gc 4105 @307.321s 0%: 0.041+0.83+0.002 ms clock, 0.33+0.038/1.4/2.6+0.022 ms cpu, 3->4->1 MB, 4 MB goal, 0 MB stacks, 0 MB globals, 8 P
gc 4106 @307.401s 0%: 0.040+0.88+0.032 ms clock, 0.32+0.034/1.5/3.8+0.26 ms cpu, 4->4->1 MB, 4 MB goal, 0 MB stacks, 0 MB globals, 8 P
gc 4107 @307.468s 0%: 0.046+1.0+0.004 ms clock, 0.37+0.034/1.8/3.4+0.037 ms cpu, 3->4->2 MB, 4 MB goal, 0 MB stacks, 0 MB globals, 8 P
gc 4108 @307.541s 0%: 0.054+1.1+0.004 ms clock, 0.43+0.037/1.9/3.9+0.032 ms cpu, 4->4->2 MB, 4 MB goal, 0 MB stacks, 0 MB globals, 8 P
gc 4109 @307.582s 0%: 0.052+1.0+0.005 ms clock, 0.41+0.035/1.9/4.5+0.046 ms cpu, 4->4->2 MB, 4 MB goal, 0 MB stacks, 0 MB globals, 8 P
gc 4110 @307.668s 0%: 0.034+1.1+0.004 ms clock, 0.27+0.040/2.1/2.6+0.032 ms cpu, 4->4->1 MB, 4 MB goal, 0 MB stacks, 0 MB globals, 8 P
gc 4111 @307.742s 0%: 0.037+0.94+0.034 ms clock, 0.29+0.034/1.5/3.1+0.27 ms cpu, 3->4->1 MB, 4 MB goal, 0 MB stacks, 0 MB globals, 8 P
gc 4112 @307.815s 0%: 0.039+0.80+0.027 ms clock, 0.31+0.033/1.3/3.0+0.21 ms cpu, 3->4->1 MB, 4 MB goal, 0 MB stacks, 0 MB globals, 8 P
gc 4113 @307.892s 0%: 0.036+1.0+0.010 ms clock, 0.29+0.034/1.7/4.0+0.087 ms cpu, 4->4->1 MB, 4 MB goal, 0 MB stacks, 0 MB globals, 8 P
gc 4114 @307.966s 0%: 0.049+0.97+0.004 ms clock, 0.39+0.039/1.8/4.2+0.032 ms cpu, 3->4->1 MB, 4 MB goal, 0 MB stacks, 0 MB globals, 8 P
gc 4115 @308.038s 0%: 0.045+0.85+0.008 ms clock, 0.36+0.034/1.4/2.9+0.066 ms cpu, 3->4->1 MB, 4 MB goal, 0 MB stacks, 0 MB globals, 8 P
gc 4116 @308.117s 0%: 0.040+0.77+0.013 ms clock, 0.32+0.034/1.2/2.5+0.10 ms cpu, 4->4->1 MB, 4 MB goal, 0 MB stacks, 0 MB globals, 8 P
gc 4117 @308.196s 0%: 0.045+0.91+0.003 ms clock, 0.36+0.033/1.5/3.9+0.028 ms cpu, 3->4->1 MB, 4 MB goal, 0 MB stacks, 0 MB globals, 8 P
gc 4118 @308.267s 0%: 0.040+0.75+0.003 ms clock, 0.32+0/1.3/2.7+0.027 ms cpu, 3->3->1 MB, 4 MB goal, 0 MB stacks, 0 MB globals, 8 P
gc 4119 @308.336s 0%: 0.074+0.75+0.004 ms clock, 0.59+0.035/1.3/3.0+0.037 ms cpu, 3->3->1 MB, 4 MB goal, 0 MB stacks, 0 MB globals, 8 P
gc 4120 @308.412s 0%: 0.042+0.84+0.004 ms clock, 0.33+0.035/1.4/2.9+0.037 ms cpu, 3->4->1 MB, 4 MB goal, 0 MB stacks, 0 MB globals, 8 P
gc 4121 @308.493s 0%: 0.042+0.95+0.003 ms clock, 0.33+0.034/1.7/4.1+0.027 ms cpu, 3->4->1 MB, 4 MB goal, 0 MB stacks, 0 MB globals, 8 P
gc 4122 @308.562s 0%: 0.10+0.98+0.005 ms clock, 0.81+2.2/1.7/0.34+0.040 ms cpu, 3->4->2 MB, 4 MB goal, 0 MB stacks, 0 MB globals, 8 P
gc 4123 @308.641s 0%: 0.039+0.66+0.003 ms clock, 0.31+0.034/1.1/2.3+0.027 ms cpu, 4->4->2 MB, 4 MB goal, 0 MB stacks, 0 MB globals, 8 P
gc 4124 @308.708s 0%: 0.036+1.1+0.003 ms clock, 0.29+0.034/2.0/4.7+0.027 ms cpu, 4->4->2 MB, 4 MB goal, 0 MB stacks, 0 MB globals, 8 P
gc 4125 @308.786s 0%: 0.055+1.0+0.011 ms clock, 0.44+0.036/1.9/4.0+0.093 ms cpu, 4->4->2 MB, 5 MB goal, 0 MB stacks, 0 MB globals, 8 P
gc 4126 @308.864s 0%: 0.047+0.77+0.031 ms clock, 0.38+0.036/1.2/2.1+0.25 ms cpu, 4->4->1 MB, 4 MB goal, 0 MB stacks, 0 MB globals, 8 P
gc 4127 @308.942s 0%: 0.039+0.70+0.004 ms clock, 0.31+0.034/1.2/2.5+0.033 ms cpu, 4->4->1 MB, 4 MB goal, 0 MB stacks, 0 MB globals, 8 P
gc 4128 @309.013s 0%: 0.043+0.83+0.011 ms clock, 0.35+0.036/1.4/2.9+0.095 ms cpu, 3->4->1 MB, 4 MB goal, 0 MB stacks, 0 MB globals, 8 P
gc 4129 @309.089s 0%: 0.089+0.76+0.013 ms clock, 0.71+0.056/1.2/2.5+0.10 ms cpu, 4->4->1 MB, 4 MB goal, 0 MB stacks, 0 MB globals, 8 P
gc 4130 @309.121s 0%: 0.047+0.82+0.006 ms clock, 0.37+0.035/1.4/3.3+0.054 ms cpu, 4->4->2 MB, 4 MB goal, 0 MB stacks, 0 MB globals, 8 P
gc 4131 @309.198s 0%: 0.050+0.93+0.003 ms clock, 0.40+0.036/1.7/3.7+0.027 ms cpu, 4->4->1 MB, 4 MB goal, 0 MB stacks, 0 MB globals, 8 P
gc 4132 @309.281s 0%: 0.041+0.74+0.029 ms clock, 0.32+0.036/1.1/2.6+0.23 ms cpu, 3->4->1 MB, 4 MB goal, 0 MB stacks, 0 MB globals, 8 P
gc 4133 @309.348s 0%: 0.040+0.91+0.026 ms clock, 0.32+0.038/1.6/3.5+0.21 ms cpu, 3->4->2 MB, 4 MB goal, 0 MB stacks, 0 MB globals, 8 P
gc 4134 @309.422s 0%: 0.050+0.90+0.012 ms clock, 0.40+0.045/1.4/3.1+0.10 ms cpu, 4->4->1 MB, 4 MB goal, 0 MB stacks, 0 MB globals, 8 P
gc 4135 @309.492s 0%: 0.038+0.91+0.019 ms clock, 0.30+0.039/1.6/3.9+0.15 ms cpu, 4->4->1 MB, 4 MB goal, 0 MB stacks, 0 MB globals, 8 P
gc 4136 @309.559s 0%: 0.036+1.1+0.010 ms clock, 0.29+0.035/1.7/3.7+0.087 ms cpu, 3->4->1 MB, 4 MB goal, 0 MB stacks, 0 MB globals, 8 P
gc 4137 @309.610s 0%: 0.046+1.0+0.003 ms clock, 0.37+0.035/2.0/4.6+0.026 ms cpu, 3->3->2 MB, 4 MB goal, 0 MB stacks, 0 MB globals, 8 P
gc 4138 @309.681s 0%: 0.047+1.0+0.017 ms clock, 0.37+0.036/2.0/4.9+0.14 ms cpu, 4->4->1 MB, 4 MB goal, 0 MB stacks, 0 MB globals, 8 P
gc 4139 @309.752s 0%: 0.038+0.75+0.050 ms clock, 0.30+0.038/1.0/2.6+0.40 ms cpu, 3->4->1 MB, 4 MB goal, 0 MB stacks, 0 MB globals, 8 P
gc 4140 @309.828s 0%: 0.041+0.90+0.006 ms clock, 0.33+0.034/1.5/3.1+0.052 ms cpu, 4->4->1 MB, 4 MB goal, 0 MB stacks, 0 MB globals, 8 P
gc 4141 @309.907s 0%: 0.044+0.99+0.032 ms clock, 0.35+0.033/1.7/4.1+0.25 ms cpu, 4->4->2 MB, 4 MB goal, 0 MB stacks, 0 MB globals, 8 P
gc 4142 @309.976s 0%: 0.036+0.75+0.029 ms clock, 0.28+0.035/1.2/2.7+0.23 ms cpu, 4->4->1 MB, 4 MB goal, 0 MB stacks, 0 MB globals, 8 P
gc 4143 @310.010s 0%: 0.067+0.71+0.013 ms clock, 0.54+0.15/1.1/2.9+0.11 ms cpu, 3->3->1 MB, 4 MB goal, 0 MB stacks, 0 MB globals, 8 P
gc 4144 @310.088s 0%: 0.039+0.70+0.008 ms clock, 0.31+0.036/1.2/2.7+0.070 ms cpu, 3->4->1 MB, 4 MB goal, 0 MB stacks, 0 MB globals, 8 P
gc 4145 @310.167s 0%: 0.037+0.76+0.004 ms clock, 0.29+0.034/1.3/3.1+0.035 ms cpu, 3->4->1 MB, 4 MB goal, 0 MB stacks, 0 MB globals, 8 P
gc 4146 @310.238s 0%: 0.047+0.84+0.028 ms clock, 0.38+0.035/1.3/3.0+0.22 ms cpu, 3->4->1 MB, 4 MB goal, 0 MB stacks, 0 MB globals, 8 P
gc 4147 @310.317s 0%: 0.041+0.70+0.003 ms clock, 0.33+0.033/1.2/2.7+0.025 ms cpu, 3->4->1 MB, 4 MB goal, 0 MB stacks, 0 MB globals, 8 P
gc 4148 @310.385s 0%: 0.041+0.67+0.003 ms clock, 0.33+0.037/1.1/2.3+0.026 ms cpu, 3->4->1 MB, 4 MB goal, 0 MB stacks, 0 MB globals, 8 P
gc 4149 @310.455s 0%: 0.029+0.72+0.030 ms clock, 0.23+0.028/1.1/2.4+0.24 ms cpu, 3->4->1 MB, 4 MB goal, 0 MB stacks, 0 MB globals, 8 P
gc 4150 @310.528s 0%: 0.039+0.98+0.028 ms clock, 0.31+0.035/1.7/4.1+0.22 ms cpu, 3->4->2 MB, 4 MB goal, 0 MB stacks, 0 MB globals, 8 P
gc 4151 @310.571s 0%: 0.12+0.92+0.018 ms clock, 1.0+2.7/1.6/0.14+0.15 ms cpu, 4->4->2 MB, 4 MB goal, 0 MB stacks, 0 MB globals, 8 P
gc 4152 @310.650s 0%: 0.049+1.0+0.004 ms clock, 0.39+0.034/1.9/4.6+0.038 ms cpu, 4->4->2 MB, 5 MB goal, 0 MB stacks, 0 MB globals, 8 P
gc 4153 @310.741s 0%: 0.042+0.95+0.003 ms clock, 0.33+0.034/1.6/4.0+0.029 ms cpu, 4->4->1 MB, 5 MB goal, 0 MB stacks, 0 MB globals, 8 P
gc 4154 @310.822s 0%: 0.036+1.0+0.003 ms clock, 0.29+0.037/1.9/4.4+0.027 ms cpu, 3->4->2 MB, 4 MB goal, 0 MB stacks, 0 MB globals, 8 P
gc 4155 @310.905s 0%: 0.038+0.88+0.019 ms clock, 0.31+0.034/1.4/3.5+0.15 ms cpu, 4->4->1 MB, 4 MB goal, 0 MB stacks, 0 MB globals, 8 P
gc 4156 @310.975s 0%: 0.032+1.0+0.003 ms clock, 0.26+0.033/1.8/4.4+0.029 ms cpu, 4->4->2 MB, 4 MB goal, 0 MB stacks, 0 MB globals, 8 P
gc 4157 @311.055s 0%: 0.039+0.86+0.010 ms clock, 0.31+0.034/1.4/2.9+0.083 ms cpu, 4->4->2 MB, 5 MB goal, 0 MB stacks, 0 MB globals, 8 P
gc 4158 @311.119s 0%: 0.051+1.1+0.039 ms clock, 0.41+0.037/1.9/4.4+0.31 ms cpu, 4->4->1 MB, 5 MB goal, 0 MB stacks, 0 MB globals, 8 P
gc 4159 @311.185s 0%: 0.043+0.71+0.036 ms clock, 0.35+0.038/1.2/2.3+0.29 ms cpu, 4->4->1 MB, 4 MB goal, 0 MB stacks, 0 MB globals, 8 P
gc 4160 @311.266s 0%: 0.042+1.0+0.003 ms clock, 0.34+0.038/1.8/4.3+0.028 ms cpu, 3->4->1 MB, 4 MB goal, 0 MB stacks, 0 MB globals, 8 P
gc 4161 @311.341s 0%: 0.037+0.99+0.015 ms clock, 0.29+0.036/1.8/4.3+0.12 ms cpu, 4->4->2 MB, 4 MB goal, 0 MB stacks, 0 MB globals, 8 P
gc 4162 @311.422s 0%: 0.041+1.0+0.013 ms clock, 0.33+0.042/1.8/3.9+0.10 ms cpu, 4->4->1 MB, 5 MB goal, 0 MB stacks, 0 MB globals, 8 P
gc 4163 @311.499s 0%: 0.061+0.95+0.003 ms clock, 0.48+0.31/1.5/3.3+0.024 ms cpu, 3->4->2 MB, 4 MB goal, 0 MB stacks, 0 MB globals, 8 P
gc 4164 @311.575s 0%: 0.11+1.0+0.022 ms clock, 0.93+2.3/1.7/0.33+0.17 ms cpu, 4->4->2 MB, 4 MB goal, 0 MB stacks, 0 MB globals, 8 P
gc 4165 @311.649s 0%: 0.038+1.1+0.004 ms clock, 0.30+0.034/1.9/5.0+0.035 ms cpu, 4->4->1 MB, 5 MB goal, 0 MB stacks, 0 MB globals, 8 P
gc 4166 @311.728s 0%: 0.037+0.90+0.043 ms clock, 0.30+0.035/1.5/2.8+0.34 ms cpu, 3->4->1 MB, 4 MB goal, 0 MB stacks, 0 MB globals, 8 P
gc 4167 @311.806s 0%: 0.060+0.92+0.017 ms clock, 0.48+0.034/1.6/3.7+0.14 ms cpu, 3->4->2 MB, 4 MB goal, 0 MB stacks, 0 MB globals, 8 P
gc 4168 @311.885s 0%: 0.042+0.87+0.004 ms clock, 0.34+0.035/1.4/3.3+0.038 ms cpu, 4->4->1 MB, 4 MB goal, 0 MB stacks, 0 MB globals, 8 P
gc 4169 @311.955s 0%: 0.040+0.99+0.027 ms clock, 0.32+0.034/1.7/3.8+0.22 ms cpu, 3->4->1 MB, 4 MB goal, 0 MB stacks, 0 MB globals, 8 P
gc 4170 @312.024s 0%: 0.035+0.94+0.003 ms clock, 0.28+0.035/1.6/3.8+0.029 ms cpu, 4->4->1 MB, 4 MB goal, 0 MB stacks, 0 MB globals, 8 P
gc 4171 @312.102s 0%: 0.046+0.91+0.003 ms clock, 0.37+0.037/1.6/4.0+0.025 ms cpu, 4->4->1 MB, 4 MB goal, 0 MB stacks, 0 MB globals, 8 P
gc 4172 @312.182s 0%: 0.036+1.0+0.013 ms clock, 0.28+0.026/1.8/4.3+0.10 ms cpu, 3->4->2 MB, 4 MB goal, 0 MB stacks, 0 MB globals, 8 P
gc 4173 @312.266s 0%: 0.044+0.79+0.026 ms clock, 0.35+0.035/1.2/2.9+0.21 ms cpu, 4->4->1 MB, 5 MB goal, 0 MB stacks, 0 MB globals, 8 P
gc 4174 @312.338s 0%: 0.042+0.87+0.031 ms clock, 0.33+0.034/1.4/3.5+0.25 ms cpu, 3->4->1 MB, 4 MB goal, 0 MB stacks, 0 MB globals, 8 P
gc 4175 @312.412s 0%: 0.046+0.88+0.010 ms clock, 0.37+0.039/1.4/3.6+0.087 ms cpu, 3->4->2 MB, 4 MB goal, 0 MB stacks, 0 MB globals, 8 P
gc 4176 @312.496s 0%: 0.044+0.73+0.077 ms clock, 0.35+0.036/1.1/2.8+0.61 ms cpu, 4->4->1 MB, 4 MB goal, 0 MB stacks, 0 MB globals, 8 P
gc 4177 @312.565s 0%: 0.040+0.92+0.008 ms clock, 0.32+0.034/1.6/3.9+0.064 ms cpu, 3->4->1 MB, 4 MB goal, 0 MB stacks, 0 MB globals, 8 P
gc 4178 @312.605s 0%: 0.063+0.69+0.005 ms clock, 0.51+0.045/1.1/1.7+0.046 ms cpu, 4->4->2 MB, 4 MB goal, 0 MB stacks, 0 MB globals, 8 P
gc 4179 @312.682s 0%: 0.042+0.83+0.013 ms clock, 0.33+0.10/1.4/3.3+0.10 ms cpu, 4->4->1 MB, 4 MB goal, 0 MB stacks, 0 MB globals, 8 P
gc 4180 @312.749s 0%: 0.044+0.98+0.024 ms clock, 0.35+0.039/1.6/3.5+0.19 ms cpu, 3->4->1 MB, 4 MB goal, 0 MB stacks, 0 MB globals, 8 P
gc 4181 @312.821s 0%: 0.052+1.6+0.055 ms clock, 0.41+0.11/2.7/5.7+0.44 ms cpu, 3->4->2 MB, 4 MB goal, 0 MB stacks, 0 MB globals, 8 P
gc 4182 @312.905s 0%: 0.051+0.82+0.007 ms clock, 0.40+0.043/1.4/3.1+0.056 ms cpu, 4->4->1 MB, 5 MB goal, 0 MB stacks, 0 MB globals, 8 P
gc 4183 @312.983s 0%: 0.045+0.73+0.026 ms clock, 0.36+0.039/1.2/2.9+0.21 ms cpu, 3->4->1 MB, 4 MB goal, 0 MB stacks, 0 MB globals, 8 P
gc 4184 @313.054s 0%: 0.037+0.83+0.009 ms clock, 0.29+0.035/1.3/3.0+0.077 ms cpu, 4->4->1 MB, 4 MB goal, 0 MB stacks, 0 MB globals, 8 P
gc 4185 @313.134s 0%: 0.044+0.92+0.015 ms clock, 0.35+0.036/1.5/3.5+0.12 ms cpu, 4->4->2 MB, 4 MB goal, 0 MB stacks, 0 MB globals, 8 P
gc 4186 @313.211s 0%: 0.082+0.78+0.021 ms clock, 0.66+0.040/1.3/1.8+0.17 ms cpu, 4->4->1 MB, 4 MB goal, 0 MB stacks, 0 MB globals, 8 P
gc 4187 @313.285s 0%: 0.039+1.0+0.002 ms clock, 0.31+0.039/1.8/4.1+0.023 ms cpu, 3->4->1 MB, 4 MB goal, 0 MB stacks, 0 MB globals, 8 P
gc 4188 @313.359s 0%: 0.038+1.0+0.017 ms clock, 0.31+0.033/1.9/4.0+0.14 ms cpu, 4->4->2 MB, 4 MB goal, 0 MB stacks, 0 MB globals, 8 P
gc 4189 @313.432s 0%: 0.042+0.83+0.012 ms clock, 0.33+0.035/1.3/3.1+0.10 ms cpu, 4->4->1 MB, 5 MB goal, 0 MB stacks, 0 MB globals, 8 P
gc 4190 @313.507s 0%: 0.052+0.75+0.029 ms clock, 0.42+0.037/1.2/3.0+0.23 ms cpu, 3->4->1 MB, 4 MB goal, 0 MB stacks, 0 MB globals, 8 P
gc 4191 @313.578s 0%: 0.046+0.87+0.017 ms clock, 0.36+0.040/1.2/2.7+0.14 ms cpu, 3->4->1 MB, 4 MB goal, 0 MB stacks, 0 MB globals, 8 P
gc 4192 @313.608s 0%: 0.046+0.74+0.024 ms clock, 0.37+0.032/1.2/2.9+0.19 ms cpu, 3->3->2 MB, 4 MB goal, 0 MB stacks, 0 MB globals, 8 P
gc 4193 @313.686s 0%: 0.050+1.0+0.008 ms clock, 0.40+0.042/1.8/3.8+0.066 ms cpu, 4->4->1 MB, 5 MB goal, 0 MB stacks, 0 MB globals, 8 P
gc 4194 @313.757s 0%: 0.038+1.1+0.004 ms clock, 0.30+0.035/1.9/4.9+0.037 ms cpu, 3->4->1 MB, 4 MB goal, 0 MB stacks, 0 MB globals, 8 P
gc 4195 @313.832s 0%: 0.041+0.75+0.003 ms clock, 0.33+0.037/1.4/3.1+0.024 ms cpu, 3->4->1 MB, 4 MB goal, 0 MB stacks, 0 MB globals, 8 P
gc 4196 @313.898s 0%: 0.040+0.77+0.029 ms clock, 0.32+0.036/1.2/2.9+0.23 ms cpu, 3->4->1 MB, 4 MB goal, 0 MB stacks, 0 MB globals, 8 P
gc 4197 @313.957s 0%: 0.039+0.89+0.016 ms clock, 0.31+0.036/1.4/3.3+0.12 ms cpu, 3->4->2 MB, 4 MB goal, 0 MB stacks, 0 MB globals, 8 P
gc 4198 @314.031s 0%: 0.040+0.87+0.015 ms clock, 0.32+0.034/1.5/3.4+0.12 ms cpu, 4->4->1 MB, 4 MB goal, 0 MB stacks, 0 MB globals, 8 P
gc 4199 @314.098s 0%: 0.050+0.89+0.017 ms clock, 0.40+0.040/1.5/3.3+0.14 ms cpu, 3->4->1 MB, 4 MB goal, 0 MB stacks, 0 MB globals, 8 P
gc 4200 @314.160s 0%: 0.045+0.91+0.003 ms clock, 0.36+0.036/1.6/3.7+0.029 ms cpu, 3->4->1 MB, 4 MB goal, 0 MB stacks, 0 MB globals, 8 P
gc 4201 @314.237s 0%: 0.036+0.89+0.003 ms clock, 0.29+0.033/1.6/3.7+0.029 ms cpu, 3->4->2 MB, 4 MB goal, 0 MB stacks, 0 MB globals, 8 P
gc 4202 @314.319s 0%: 0.039+0.96+0.004 ms clock, 0.31+0.033/1.6/3.8+0.039 ms cpu, 4->4->1 MB, 4 MB goal, 0 MB stacks, 0 MB globals, 8 P
gc 4203 @314.401s 0%: 0.037+0.92+0.023 ms clock, 0.30+0.034/1.5/3.3+0.19 ms cpu, 4->4->1 MB, 4 MB goal, 0 MB stacks, 0 MB globals, 8 P
gc 4204 @314.481s 0%: 0.041+0.83+0.003 ms clock, 0.32+0.035/1.5/3.8+0.031 ms cpu, 3->4->1 MB, 4 MB goal, 0 MB stacks, 0 MB globals, 8 P
gc 4205 @314.556s 0%: 0.040+1.1+0.027 ms clock, 0.32+0.034/1.9/4.8+0.21 ms cpu, 3->4->1 MB, 4 MB goal, 0 MB stacks, 0 MB globals, 8 P
gc 4206 @314.599s 0%: 0.042+0.79+0.011 ms clock, 0.34+0.035/1.3/2.5+0.092 ms cpu, 4->4->2 MB, 4 MB goal, 0 MB stacks, 0 MB globals, 8 P
gc 4207 @314.684s 0%: 0.053+1.0+0.004 ms clock, 0.42+0.040/1.8/3.9+0.033 ms cpu, 4->4->1 MB, 4 MB goal, 0 MB stacks, 0 MB globals, 8 P
gc 4208 @314.762s 0%: 0.039+0.88+0.004 ms clock, 0.31+0.033/1.4/3.7+0.039 ms cpu, 3->4->2 MB, 4 MB goal, 0 MB stacks, 0 MB globals, 8 P
gc 4209 @314.838s 0%: 0.042+1.0+0.004 ms clock, 0.33+0.034/1.9/4.0+0.032 ms cpu, 4->4->2 MB, 4 MB goal, 0 MB stacks, 0 MB globals, 8 P
gc 4210 @314.921s 0%: 0.038+0.93+0.003 ms clock, 0.30+0.042/1.6/3.7+0.028 ms cpu, 4->4->2 MB, 5 MB goal, 0 MB stacks, 0 MB globals, 8 P
gc 4211 @315.004s 0%: 0.036+0.81+0.003 ms clock, 0.29+0.034/1.3/2.9+0.025 ms cpu, 4->4->2 MB, 4 MB goal, 0 MB stacks, 0 MB globals, 8 P
gc 4212 @315.061s 0%: 0.042+0.66+0.003 ms clock, 0.34+0/1.1/2.4+0.025 ms cpu, 4->4->1 MB, 5 MB goal, 0 MB stacks, 0 MB globals, 8 P
gc 4213 @315.133s 0%: 0.043+1.0+0.023 ms clock, 0.34+0.035/1.8/3.7+0.18 ms cpu, 3->4->2 MB, 4 MB goal, 0 MB stacks, 0 MB globals, 8 P
gc 4214 @315.205s 0%: 0.045+1.0+0.017 ms clock, 0.36+0.035/1.7/4.2+0.14 ms cpu, 4->4->2 MB, 4 MB goal, 0 MB stacks, 0 MB globals, 8 P
gc 4215 @315.277s 0%: 0.049+0.81+0.003 ms clock, 0.39+0.034/1.4/3.4+0.025 ms cpu, 4->4->1 MB, 4 MB goal, 0 MB stacks, 0 MB globals, 8 P
gc 4216 @315.353s 0%: 0.048+0.86+0.003 ms clock, 0.38+0.036/1.5/3.5+0.030 ms cpu, 3->4->1 MB, 4 MB goal, 0 MB stacks, 0 MB globals, 8 P
gc 4217 @315.421s 0%: 0.031+0.93+0.004 ms clock, 0.25+0.033/1.6/3.6+0.035 ms cpu, 3->4->1 MB, 4 MB goal, 0 MB stacks, 0 MB globals, 8 P
gc 4218 @315.496s 0%: 0.040+0.84+0.003 ms clock, 0.32+0.035/1.4/2.9+0.031 ms cpu, 3->4->1 MB, 4 MB goal, 0 MB stacks, 0 MB globals, 8 P
gc 4219 @315.573s 0%: 0.067+1.5+0.082 ms clock, 0.54+0.045/2.4/2.3+0.65 ms cpu, 3->4->1 MB, 4 MB goal, 0 MB stacks, 0 MB globals, 8 P
gc 4220 @315.614s 0%: 0.039+0.91+0.004 ms clock, 0.31+0.033/1.6/3.7+0.039 ms cpu, 4->4->2 MB, 4 MB goal, 0 MB stacks, 0 MB globals, 8 P
gc 4221 @315.706s 0%: 0.047+0.85+0.012 ms clock, 0.37+0.047/1.4/2.9+0.096 ms cpu, 4->4->1 MB, 5 MB goal, 0 MB stacks, 0 MB globals, 8 P
gc 4222 @315.772s 0%: 0.040+0.98+0.003 ms clock, 0.32+0.035/1.6/3.9+0.026 ms cpu, 3->4->2 MB, 4 MB goal, 0 MB stacks, 0 MB globals, 8 P
gc 4223 @315.844s 0%: 0.043+1.0+0.003 ms clock, 0.35+0.039/1.8/4.5+0.030 ms cpu, 4->4->2 MB, 4 MB goal, 0 MB stacks, 0 MB globals, 8 P
gc 4224 @315.926s 0%: 0.041+0.85+0.014 ms clock, 0.33+0.034/1.4/2.6+0.11 ms cpu, 4->4->1 MB, 5 MB goal, 0 MB stacks, 0 MB globals, 8 P
gc 4225 @315.999s 0%: 0.045+1.0+0.003 ms clock, 0.36+0.038/1.8/4.3+0.030 ms cpu, 3->4->1 MB, 4 MB goal, 0 MB stacks, 0 MB globals, 8 P
gc 4226 @316.075s 0%: 0.043+0.86+0.022 ms clock, 0.35+0.035/1.5/3.5+0.18 ms cpu, 4->4->1 MB, 4 MB goal, 0 MB stacks, 0 MB globals, 8 P
gc 4227 @316.155s 0%: 0.043+0.72+0.028 ms clock, 0.34+0.035/1.2/2.8+0.22 ms cpu, 4->4->2 MB, 4 MB goal, 0 MB stacks, 0 MB globals, 8 P
gc 4228 @316.233s 0%: 0.045+0.83+0.017 ms clock, 0.36+0.040/1.4/3.5+0.13 ms cpu, 4->4->1 MB, 4 MB goal, 0 MB stacks, 0 MB globals, 8 P
gc 4229 @316.315s 0%: 0.040+0.81+0.003 ms clock, 0.32+0.036/1.3/3.2+0.031 ms cpu, 3->4->1 MB, 4 MB goal, 0 MB stacks, 0 MB globals, 8 P
gc 4230 @316.396s 0%: 0.038+0.87+0.005 ms clock, 0.31+0.033/1.5/3.0+0.045 ms cpu, 3->4->2 MB, 4 MB goal, 0 MB stacks, 0 MB globals, 8 P
gc 4231 @316.470s 0%: 0.061+0.78+0.035 ms clock, 0.49+0.037/1.1/2.6+0.28 ms cpu, 4->4->1 MB, 4 MB goal, 0 MB stacks, 0 MB globals, 8 P
gc 4232 @316.543s 0%: 0.070+0.68+0.003 ms clock, 0.56+0.072/1.1/2.1+0.028 ms cpu, 3->4->1 MB, 4 MB goal, 0 MB stacks, 0 MB globals, 8 P
gc 4233 @316.595s 0%: 0.21+0.79+0.004 ms clock, 1.7+1.2/1.5/1.9+0.034 ms cpu, 3->4->2 MB, 4 MB goal, 0 MB stacks, 0 MB globals, 8 P
gc 4234 @316.669s 0%: 0.039+0.72+0.003 ms clock, 0.31+0.034/1.2/2.6+0.026 ms cpu, 4->4->1 MB, 4 MB goal, 0 MB stacks, 0 MB globals, 8 P
gc 4235 @316.740s 0%: 0.034+0.86+0.030 ms clock, 0.27+0.026/1.4/3.3+0.24 ms cpu, 4->4->1 MB, 4 MB goal, 0 MB stacks, 0 MB globals, 8 P
gc 4236 @316.809s 0%: 0.041+0.91+0.026 ms clock, 0.33+0.034/1.4/3.4+0.20 ms cpu, 3->4->2 MB, 4 MB goal, 0 MB stacks, 0 MB globals, 8 P
gc 4237 @316.888s 0%: 0.038+0.84+0.014 ms clock, 0.31+0.035/1.4/3.1+0.11 ms cpu, 4->4->1 MB, 5 MB goal, 0 MB stacks, 0 MB globals, 8 P
gc 4238 @316.970s 0%: 0.050+0.82+0.032 ms clock, 0.40+0.043/1.4/3.0+0.26 ms cpu, 4->4->1 MB, 4 MB goal, 0 MB stacks, 0 MB globals, 8 P
gc 4239 @317.034s 0%: 0.031+0.71+0.003 ms clock, 0.25+0.028/1.2/2.8+0.027 ms cpu, 3->4->1 MB, 4 MB goal, 0 MB stacks, 0 MB globals, 8 P
gc 4240 @317.114s 0%: 0.039+1.0+0.017 ms clock, 0.31+0.15/1.8/4.0+0.14 ms cpu, 3->4->2 MB, 4 MB goal, 0 MB stacks, 0 MB globals, 8 P
gc 4241 @317.191s 0%: 0.049+0.74+0.026 ms clock, 0.39+0.035/1.2/2.4+0.21 ms cpu, 4->4->1 MB, 5 MB goal, 0 MB stacks, 0 MB globals, 8 P
gc 4242 @317.275s 0%: 0.045+0.91+0.008 ms clock, 0.36+0.036/1.6/3.4+0.066 ms cpu, 4->4->2 MB, 4 MB goal, 0 MB stacks, 0 MB globals, 8 P
gc 4243 @317.354s 0%: 0.036+0.92+0.003 ms clock, 0.29+0.034/1.6/3.5+0.028 ms cpu, 4->4->2 MB, 4 MB goal, 0 MB stacks, 0 MB globals, 8 P
gc 4244 @317.428s 0%: 0.039+0.68+0.006 ms clock, 0.31+0.039/1.2/2.8+0.049 ms cpu, 4->4->2 MB, 4 MB goal, 0 MB stacks, 0 MB globals, 8 P
gc 4245 @317.514s 0%: 0.052+0.96+0.008 ms clock, 0.42+0.039/1.8/4.0+0.065 ms cpu, 4->4->1 MB, 4 MB goal, 0 MB stacks, 0 MB globals, 8 P
gc 4246 @317.587s 0%: 0.042+1.0+0.003 ms clock, 0.34+0.034/1.9/4.4+0.031 ms cpu, 3->4->1 MB, 4 MB goal, 0 MB stacks, 0 MB globals, 8 P
gc 4247 @317.619s 0%: 0.042+0.70+0.002 ms clock, 0.33+0.036/1.1/2.5+0.023 ms cpu, 4->4->2 MB, 4 MB goal, 0 MB stacks, 0 MB globals, 8 P
gc 4248 @317.697s 0%: 0.035+0.96+0.076 ms clock, 0.28+0.036/1.5/2.7+0.61 ms cpu, 4->4->2 MB, 5 MB goal, 0 MB stacks, 0 MB globals, 8 P
gc 4249 @317.773s 0%: 0.068+0.99+0.003 ms clock, 0.54+0.035/1.5/3.9+0.028 ms cpu, 4->4->2 MB, 4 MB goal, 0 MB stacks, 0 MB globals, 8 P
gc 4250 @317.854s 0%: 0.057+2.9+0.005 ms clock, 0.46+0.043/0/0.97+0.046 ms cpu, 4->4->1 MB, 5 MB goal, 0 MB stacks, 0 MB globals, 8 P
gc 4251 @317.917s 0%: 0.040+1.0+0.004 ms clock, 0.32+0.035/1.9/4.5+0.034 ms cpu, 3->4->2 MB, 4 MB goal, 0 MB stacks, 0 MB globals, 8 P
gc 4252 @317.995s 0%: 0.042+0.98+0.018 ms clock, 0.34+0.035/1.7/4.2+0.15 ms cpu, 4->4->1 MB, 4 MB goal, 0 MB stacks, 0 MB globals, 8 P
gc 4253 @318.060s 0%: 0.056+1.0+0.036 ms clock, 0.45+0.036/1.8/4.1+0.28 ms cpu, 3->4->2 MB, 4 MB goal, 0 MB stacks, 0 MB globals, 8 P
gc 4254 @318.134s 0%: 0.044+1.0+0.004 ms clock, 0.35+0.035/1.7/3.6+0.033 ms cpu, 4->4->2 MB, 4 MB goal, 0 MB stacks, 0 MB globals, 8 P
gc 4255 @318.205s 0%: 0.043+0.95+0.004 ms clock, 0.34+0.049/1.7/3.9+0.036 ms cpu, 4->4->1 MB, 4 MB goal, 0 MB stacks, 0 MB globals, 8 P
gc 4256 @318.278s 0%: 0.049+0.86+0.028 ms clock, 0.39+0.038/1.4/3.2+0.23 ms cpu, 3->4->1 MB, 4 MB goal, 0 MB stacks, 0 MB globals, 8 P
gc 4257 @318.344s 0%: 0.046+0.80+0.003 ms clock, 0.37+0.041/1.5/3.2+0.024 ms cpu, 3->4->2 MB, 4 MB goal, 0 MB stacks, 0 MB globals, 8 P
gc 4258 @318.414s 0%: 0.043+1.0+0.004 ms clock, 0.34+0.035/2.0/4.8+0.033 ms cpu, 4->4->2 MB, 4 MB goal, 0 MB stacks, 0 MB globals, 8 P
gc 4259 @318.497s 0%: 0.045+1.0+0.009 ms clock, 0.36+0.034/1.8/4.1+0.077 ms cpu, 4->4->1 MB, 4 MB goal, 0 MB stacks, 0 MB globals, 8 P
gc 4260 @318.572s 0%: 0.032+0.84+0.020 ms clock, 0.26+0.031/1.3/3.3+0.16 ms cpu, 3->4->1 MB, 4 MB goal, 0 MB stacks, 0 MB globals, 8 P
gc 4261 @318.611s 0%: 0.043+0.97+0.026 ms clock, 0.35+0.035/1.6/3.5+0.20 ms cpu, 3->4->2 MB, 4 MB goal, 0 MB stacks, 0 MB globals, 8 P
gc 4262 @318.686s 0%: 0.040+0.70+0.013 ms clock, 0.32+0.036/1.1/2.6+0.10 ms cpu, 4->4->2 MB, 5 MB goal, 0 MB stacks, 0 MB globals, 8 P
gc 4263 @318.758s 0%: 0.035+0.87+0.021 ms clock, 0.28+0.032/1.4/3.4+0.16 ms cpu, 4->4->1 MB, 4 MB goal, 0 MB stacks, 0 MB globals, 8 P
gc 4264 @318.826s 0%: 0.044+1.0+0.020 ms clock, 0.35+0.034/1.8/4.0+0.16 ms cpu, 4->4->2 MB, 4 MB goal, 0 MB stacks, 0 MB globals, 8 P
gc 4265 @318.898s 0%: 0.040+0.98+0.004 ms clock, 0.32+0.035/1.7/4.4+0.036 ms cpu, 4->4->2 MB, 4 MB goal, 0 MB stacks, 0 MB globals, 8 P
gc 4266 @318.971s 0%: 0.043+0.82+0.004 ms clock, 0.35+0.035/1.5/3.1+0.032 ms cpu, 4->4->2 MB, 4 MB goal, 0 MB stacks, 0 MB globals, 8 P
gc 4267 @319.037s 0%: 0.049+0.83+0.025 ms clock, 0.39+0.035/1.3/2.2+0.20 ms cpu, 4->4->1 MB, 4 MB goal, 0 MB stacks, 0 MB globals, 8 P
gc 4268 @319.107s 0%: 0.056+0.80+0.002 ms clock, 0.45+0.039/1.3/3.2+0.023 ms cpu, 3->4->1 MB, 4 MB goal, 0 MB stacks, 0 MB globals, 8 P
gc 4269 @319.182s 0%: 0.035+0.85+0.003 ms clock, 0.28+0.041/1.5/3.6+0.024 ms cpu, 3->4->2 MB, 4 MB goal, 0 MB stacks, 0 MB globals, 8 P
gc 4270 @319.258s 0%: 0.048+1.0+0.003 ms clock, 0.38+0.032/1.8/4.3+0.026 ms cpu, 4->4->1 MB, 4 MB goal, 0 MB stacks, 0 MB globals, 8 P
gc 4271 @319.341s 0%: 0.044+0.88+0.004 ms clock, 0.35+0.035/1.5/3.2+0.035 ms cpu, 4->4->2 MB, 4 MB goal, 0 MB stacks, 0 MB globals, 8 P
gc 4272 @319.424s 0%: 0.038+0.70+0.004 ms clock, 0.30+0.033/1.2/2.4+0.032 ms cpu, 4->4->1 MB, 4 MB goal, 0 MB stacks, 0 MB globals, 8 P
gc 4273 @319.501s 0%: 0.042+0.81+0.012 ms clock, 0.33+0.035/1.4/2.8+0.10 ms cpu, 3->4->1 MB, 4 MB goal, 0 MB stacks, 0 MB globals, 8 P
gc 4274 @319.574s 0%: 0.042+4.3+0.055 ms clock, 0.33+0.061/2.3/1.0+0.44 ms cpu, 3->4->2 MB, 4 MB goal, 0 MB stacks, 0 MB globals, 8 P
gc 4275 @319.622s 0%: 0.040+1.0+0.003 ms clock, 0.32+0.033/1.9/4.2+0.028 ms cpu, 4->4->2 MB, 4 MB goal, 0 MB stacks, 0 MB globals, 8 P
gc 4276 @319.701s 0%: 0.053+1.1+0.099 ms clock, 0.42+0.038/1.9/4.4+0.79 ms cpu, 4->4->2 MB, 5 MB goal, 0 MB stacks, 0 MB globals, 8 P
gc 4277 @319.774s 0%: 0.074+1.0+0.005 ms clock, 0.59+0.14/1.8/3.5+0.047 ms cpu, 4->4->2 MB, 5 MB goal, 0 MB stacks, 0 MB globals, 8 P
gc 4278 @319.856s 0%: 0.070+0.83+0.015 ms clock, 0.56+0.037/1.4/2.9+0.12 ms cpu, 4->4->1 MB, 5 MB goal, 0 MB stacks, 0 MB globals, 8 P
gc 4279 @319.933s 0%: 0.043+0.78+0.033 ms clock, 0.34+0.033/1.3/2.9+0.26 ms cpu, 3->4->1 MB, 4 MB goal, 0 MB stacks, 0 MB globals, 8 P
gc 4280 @320.003s 0%: 0.044+1.0+0.014 ms clock, 0.35+0.035/1.9/4.1+0.11 ms cpu, 4->4->2 MB, 4 MB goal, 0 MB stacks, 0 MB globals, 8 P
gc 4281 @320.062s 0%: 0.051+0.89+0.028 ms clock, 0.41+0.038/1.4/3.3+0.22 ms cpu, 4->4->2 MB, 5 MB goal, 0 MB stacks, 0 MB globals, 8 P
gc 4282 @320.130s 0%: 0.039+0.72+0.003 ms clock, 0.31+0.048/1.2/2.2+0.028 ms cpu, 4->4->2 MB, 4 MB goal, 0 MB stacks, 0 MB globals, 8 P
gc 4283 @320.213s 0%: 0.042+0.77+0.005 ms clock, 0.34+0.033/1.3/2.9+0.043 ms cpu, 4->4->1 MB, 4 MB goal, 0 MB stacks, 0 MB globals, 8 P
gc 4284 @320.291s 0%: 0.043+1.0+0.003 ms clock, 0.34+0.037/1.9/4.6+0.028 ms cpu, 3->4->2 MB, 4 MB goal, 0 MB stacks, 0 MB globals, 8 P
gc 4285 @320.370s 0%: 0.047+0.68+0.012 ms clock, 0.37+0.036/1.2/2.5+0.10 ms cpu, 4->4->1 MB, 5 MB goal, 0 MB stacks, 0 MB globals, 8 P
gc 4286 @320.444s 0%: 0.037+1.0+0.003 ms clock, 0.29+0.035/1.9/4.2+0.026 ms cpu, 3->4->2 MB, 4 MB goal, 0 MB stacks, 0 MB globals, 8 P
gc 4287 @320.521s 0%: 0.040+1.0+0.016 ms clock, 0.32+0.034/1.7/4.0+0.12 ms cpu, 4->4->2 MB, 5 MB goal, 0 MB stacks, 0 MB globals, 8 P
gc 4288 @320.598s 0%: 0.037+0.86+0.009 ms clock, 0.29+0.036/1.4/3.2+0.072 ms cpu, 4->4->2 MB, 4 MB goal, 0 MB stacks, 0 MB globals, 8 P
gc 4289 @320.634s 0%: 0.045+0.85+0.006 ms clock, 0.36+0.039/1.4/3.1+0.048 ms cpu, 4->4->2 MB, 4 MB goal, 0 MB stacks, 0 MB globals, 8 P
gc 4290 @320.721s 0%: 0.056+1.1+0.024 ms clock, 0.45+0.036/1.9/4.4+0.19 ms cpu, 4->4->2 MB, 5 MB goal, 0 MB stacks, 0 MB globals, 8 P
gc 4291 @320.794s 0%: 0.044+1.0+0.004 ms clock, 0.35+0.035/1.9/4.4+0.038 ms cpu, 4->4->2 MB, 4 MB goal, 0 MB stacks, 0 MB globals, 8 P
gc 4292 @320.874s 0%: 0.032+0.72+0.019 ms clock, 0.25+0.029/1.1/2.3+0.15 ms cpu, 4->4->1 MB, 5 MB goal, 0 MB stacks, 0 MB globals, 8 P
gc 4293 @320.949s 0%: 0.048+1.0+0.007 ms clock, 0.38+0.036/1.8/3.7+0.059 ms cpu, 3->4->2 MB, 4 MB goal, 0 MB stacks, 0 MB globals, 8 P
gc 4294 @321.020s 0%: 0.039+0.89+0.016 ms clock, 0.31+0.035/1.5/3.8+0.12 ms cpu, 4->4->2 MB, 4 MB goal, 0 MB stacks, 0 MB globals, 8 P
gc 4295 @321.090s 0%: 0.046+1.0+0.004 ms clock, 0.37+0.036/1.9/4.4+0.034 ms cpu, 4->4->2 MB, 4 MB goal, 0 MB stacks, 0 MB globals, 8 P
gc 4296 @321.179s 0%: 0.065+0.78+0.020 ms clock, 0.52+0.038/1.2/2.3+0.16 ms cpu, 4->4->1 MB, 5 MB goal, 0 MB stacks, 0 MB globals, 8 P
gc 4297 @321.253s 0%: 0.045+1.0+0.019 ms clock, 0.36+0.037/1.8/3.8+0.15 ms cpu, 4->4->2 MB, 4 MB goal, 0 MB stacks, 0 MB globals, 8 P
gc 4298 @321.328s 0%: 0.039+0.83+0.013 ms clock, 0.31+0.034/1.3/2.8+0.10 ms cpu, 4->4->1 MB, 4 MB goal, 0 MB stacks, 0 MB globals, 8 P
gc 4299 @321.408s 0%: 0.041+0.92+0.025 ms clock, 0.33+0.036/1.4/3.6+0.20 ms cpu, 3->4->2 MB, 4 MB goal, 0 MB stacks, 0 MB globals, 8 P
gc 4300 @321.482s 0%: 0.044+1.0+0.011 ms clock, 0.35+0.036/1.7/3.3+0.091 ms cpu, 4->4->1 MB, 4 MB goal, 0 MB stacks, 0 MB globals, 8 P
gc 4301 @321.552s 0%: 0.048+0.81+0.061 ms clock, 0.38+0/1.4/3.3+0.49 ms cpu, 3->4->2 MB, 4 MB goal, 0 MB stacks, 0 MB globals, 8 P
gc 4302 @321.614s 0%: 0.081+0.89+0.040 ms clock, 0.65+2.1/1.4/0+0.32 ms cpu, 4->4->2 MB, 5 MB goal, 0 MB stacks, 0 MB globals, 8 P
gc 4303 @321.709s 0%: 0.051+0.76+0.011 ms clock, 0.41+0.036/1.3/2.7+0.095 ms cpu, 4->4->2 MB, 5 MB goal, 0 MB stacks, 0 MB globals, 8 P
gc 4304 @321.784s 0%: 0.043+0.76+0.003 ms clock, 0.35+0.035/1.3/2.9+0.025 ms cpu, 4->4->1 MB, 5 MB goal, 0 MB stacks, 0 MB globals, 8 P
gc 4305 @321.847s 0%: 0.041+1.1+0.006 ms clock, 0.33+0.037/2.0/4.6+0.049 ms cpu, 3->4->2 MB, 4 MB goal, 0 MB stacks, 0 MB globals, 8 P
gc 4306 @321.926s 0%: 0.042+0.89+0.017 ms clock, 0.33+0.034/1.4/3.3+0.14 ms cpu, 4->4->2 MB, 4 MB goal, 0 MB stacks, 0 MB globals, 8 P
gc 4307 @322.004s 0%: 0.039+1.0+0.004 ms clock, 0.31+0.037/1.8/4.3+0.032 ms cpu, 4->4->1 MB, 4 MB goal, 0 MB stacks, 0 MB globals, 8 P
gc 4308 @322.086s 0%: 0.044+1.0+0.003 ms clock, 0.35+0.035/1.8/4.2+0.030 ms cpu, 4->4->1 MB, 4 MB goal, 0 MB stacks, 0 MB globals, 8 P
gc 4309 @322.159s 0%: 0.052+0.87+0.007 ms clock, 0.41+0.037/1.6/3.2+0.063 ms cpu, 3->4->1 MB, 4 MB goal, 0 MB stacks, 0 MB globals, 8 P
gc 4310 @322.233s 0%: 0.053+0.84+0.008 ms clock, 0.42+0.036/1.4/3.5+0.065 ms cpu, 3->4->1 MB, 4 MB goal, 0 MB stacks, 0 MB globals, 8 P
gc 4311 @322.308s 0%: 0.041+0.93+0.005 ms clock, 0.33+0.034/1.6/3.4+0.042 ms cpu, 3->4->2 MB, 4 MB goal, 0 MB stacks, 0 MB globals, 8 P
gc 4312 @322.381s 0%: 0.039+0.73+0.002 ms clock, 0.31+0.027/1.3/2.7+0.022 ms cpu, 4->4->2 MB, 4 MB goal, 0 MB stacks, 0 MB globals, 8 P
gc 4313 @322.453s 0%: 0.042+0.84+0.036 ms clock, 0.33+0.034/1.3/3.1+0.29 ms cpu, 4->4->2 MB, 4 MB goal, 0 MB stacks, 0 MB globals, 8 P
gc 4314 @322.537s 0%: 0.036+0.77+0.003 ms clock, 0.29+0.031/1.3/2.8+0.029 ms cpu, 4->4->1 MB, 4 MB goal, 0 MB stacks, 0 MB globals, 8 P
gc 4315 @322.618s 0%: 0.086+0.89+0.006 ms clock, 0.68+1.7/1.2/0.007+0.048 ms cpu, 3->5->2 MB, 4 MB goal, 0 MB stacks, 0 MB globals, 8 P
gc 4316 @322.707s 0%: 0.042+0.83+0.011 ms clock, 0.33+0.034/1.3/2.9+0.094 ms cpu, 4->4->2 MB, 5 MB goal, 0 MB stacks, 0 MB globals, 8 P
gc 4317 @322.782s 0%: 0.039+0.89+0.017 ms clock, 0.31+0.036/1.4/3.4+0.13 ms cpu, 4->4->2 MB, 5 MB goal, 0 MB stacks, 0 MB globals, 8 P
gc 4318 @322.860s 0%: 0.046+1.0+0.003 ms clock, 0.36+0.033/1.9/4.6+0.031 ms cpu, 4->4->2 MB, 4 MB goal, 0 MB stacks, 0 MB globals, 8 P
gc 4319 @322.936s 0%: 0.047+0.83+0.033 ms clock, 0.37+0.035/1.3/2.9+0.26 ms cpu, 4->4->2 MB, 4 MB goal, 0 MB stacks, 0 MB globals, 8 P
gc 4320 @323.007s 0%: 0.043+0.85+0.016 ms clock, 0.34+0.036/1.4/3.6+0.12 ms cpu, 4->4->2 MB, 4 MB goal, 0 MB stacks, 0 MB globals, 8 P
gc 4321 @323.091s 0%: 0.037+0.66+0.003 ms clock, 0.29+0.041/1.1/2.1+0.029 ms cpu, 4->4->2 MB, 4 MB goal, 0 MB stacks, 0 MB globals, 8 P
gc 4322 @323.171s 0%: 0.038+0.88+0.011 ms clock, 0.31+0.035/1.5/3.6+0.088 ms cpu, 4->4->1 MB, 4 MB goal, 0 MB stacks, 0 MB globals, 8 P
gc 4323 @323.238s 0%: 0.042+0.87+0.004 ms clock, 0.34+0.035/1.6/3.6+0.039 ms cpu, 3->4->1 MB, 4 MB goal, 0 MB stacks, 0 MB globals, 8 P
gc 4324 @323.320s 0%: 0.046+0.84+0.003 ms clock, 0.37+0.039/1.5/3.3+0.024 ms cpu, 4->4->1 MB, 4 MB goal, 0 MB stacks, 0 MB globals, 8 P
gc 4325 @323.392s 0%: 0.082+1.1+0.004 ms clock, 0.65+0.039/1.6/0.82+0.032 ms cpu, 4->4->1 MB, 4 MB goal, 0 MB stacks, 0 MB globals, 8 P
gc 4326 @323.467s 0%: 0.042+0.95+0.023 ms clock, 0.34+0.034/1.6/3.5+0.18 ms cpu, 3->4->1 MB, 4 MB goal, 0 MB stacks, 0 MB globals, 8 P
gc 4327 @323.537s 0%: 0.045+0.68+0.003 ms clock, 0.36+0.036/1.2/2.7+0.027 ms cpu, 3->4->1 MB, 4 MB goal, 0 MB stacks, 0 MB globals, 8 P
gc 4328 @323.614s 0%: 0.035+1.0+0.003 ms clock, 0.28+0.034/1.8/4.4+0.028 ms cpu, 3->4->1 MB, 4 MB goal, 0 MB stacks, 0 MB globals, 8 P
gc 4329 @323.649s 0%: 0.041+0.72+0.003 ms clock, 0.33+0.035/1.1/2.3+0.024 ms cpu, 3->3->2 MB, 4 MB goal, 0 MB stacks, 0 MB globals, 8 P
gc 4330 @323.739s 0%: 0.044+0.83+0.009 ms clock, 0.35+0.045/1.3/3.1+0.074 ms cpu, 4->4->1 MB, 5 MB goal, 0 MB stacks, 0 MB globals, 8 P
gc 4331 @323.810s 0%: 0.045+0.84+0.004 ms clock, 0.36+0.041/1.3/2.2+0.038 ms cpu, 3->4->2 MB, 4 MB goal, 0 MB stacks, 0 MB globals, 8 P
gc 4332 @323.889s 0%: 0.037+0.81+0.022 ms clock, 0.30+0.034/1.3/3.1+0.18 ms cpu, 4->4->2 MB, 4 MB goal, 0 MB stacks, 0 MB globals, 8 P
gc 4333 @323.968s 0%: 0.037+0.91+0.022 ms clock, 0.29+0.037/1.5/3.7+0.17 ms cpu, 4->4->2 MB, 5 MB goal, 0 MB stacks, 0 MB globals, 8 P
gc 4334 @324.050s 0%: 0.037+1.0+0.003 ms clock, 0.30+0.035/1.9/4.3+0.025 ms cpu, 4->4->1 MB, 5 MB goal, 0 MB stacks, 0 MB globals, 8 P
gc 4335 @324.119s 0%: 0.039+1.0+0.011 ms clock, 0.31+0.038/1.7/4.3+0.088 ms cpu, 3->3->1 MB, 4 MB goal, 0 MB stacks, 0 MB globals, 8 P
gc 4336 @324.192s 0%: 0.039+0.86+0.003 ms clock, 0.31+0.032/1.5/3.6+0.027 ms cpu, 3->4->2 MB, 4 MB goal, 0 MB stacks, 0 MB globals, 8 P
gc 4337 @324.279s 0%: 0.044+0.69+0.004 ms clock, 0.35+0.036/1.2/2.5+0.034 ms cpu, 4->4->2 MB, 4 MB goal, 0 MB stacks, 0 MB globals, 8 P
gc 4338 @324.351s 0%: 0.040+0.85+0.025 ms clock, 0.32+0.034/1.4/2.9+0.20 ms cpu, 4->4->2 MB, 4 MB goal, 0 MB stacks, 0 MB globals, 8 P
gc 4339 @324.424s 0%: 0.046+1.0+0.004 ms clock, 0.37+0.035/1.8/4.6+0.035 ms cpu, 4->4->2 MB, 5 MB goal, 0 MB stacks, 0 MB globals, 8 P
gc 4340 @324.497s 0%: 0.044+1.1+0.017 ms clock, 0.35+0.036/1.4/3.8+0.14 ms cpu, 4->4->2 MB, 4 MB goal, 0 MB stacks, 0 MB globals, 8 P
gc 4341 @324.565s 0%: 0.036+0.69+0.006 ms clock, 0.29+0.035/1.1/2.5+0.048 ms cpu, 4->4->2 MB, 4 MB goal, 0 MB stacks, 0 MB globals, 8 P
gc 4342 @324.627s 0%: 0.18+0.87+0.038 ms clock, 1.4+1.5/1.4/0.83+0.30 ms cpu, 4->4->2 MB, 4 MB goal, 0 MB stacks, 0 MB globals, 8 P
gc 4343 @324.716s 0%: 0.056+0.96+0.008 ms clock, 0.45+0.042/1.6/3.3+0.071 ms cpu, 4->4->2 MB, 5 MB goal, 0 MB stacks, 0 MB globals, 8 P
gc 4344 @324.793s 0%: 0.094+0.90+0.021 ms clock, 0.75+0.034/1.5/2.8+0.17 ms cpu, 4->4->1 MB, 5 MB goal, 0 MB stacks, 0 MB globals, 8 P
gc 4345 @324.865s 0%: 0.047+0.83+0.045 ms clock, 0.37+0.034/1.3/3.0+0.36 ms cpu, 3->4->1 MB, 4 MB goal, 0 MB stacks, 0 MB globals, 8 P
gc 4346 @324.930s 0%: 0.041+0.72+0.015 ms clock, 0.32+0.040/1.3/2.3+0.12 ms cpu, 3->4->1 MB, 4 MB goal, 0 MB stacks, 0 MB globals, 8 P
gc 4347 @325.009s 0%: 0.058+1.0+0.037 ms clock, 0.47+0.21/1.7/2.8+0.30 ms cpu, 4->4->2 MB, 4 MB goal, 0 MB stacks, 0 MB globals, 8 P
gc 4348 @325.083s 0%: 0.040+0.74+0.031 ms clock, 0.32+0.034/1.2/2.8+0.25 ms cpu, 4->4->1 MB, 5 MB goal, 0 MB stacks, 0 MB globals, 8 P
gc 4349 @325.157s 0%: 0.042+0.86+0.020 ms clock, 0.34+0.036/1.4/3.5+0.16 ms cpu, 4->4->2 MB, 4 MB goal, 0 MB stacks, 0 MB globals, 8 P
gc 4350 @325.231s 0%: 0.037+0.94+0.027 ms clock, 0.29+0.034/1.6/3.4+0.21 ms cpu, 4->4->1 MB, 4 MB goal, 0 MB stacks, 0 MB globals, 8 P
gc 4351 @325.303s 0%: 0.037+0.87+0.024 ms clock, 0.29+0.034/1.4/3.2+0.19 ms cpu, 3->4->2 MB, 4 MB goal, 0 MB stacks, 0 MB globals, 8 P
gc 4352 @325.370s 0%: 0.037+0.72+0.034 ms clock, 0.30+0.034/1.2/2.4+0.27 ms cpu, 4->4->2 MB, 4 MB goal, 0 MB stacks, 0 MB globals, 8 P
gc 4353 @325.441s 0%: 0.040+0.79+0.011 ms clock, 0.32+0.035/1.3/2.5+0.088 ms cpu, 4->4->2 MB, 4 MB goal, 0 MB stacks, 0 MB globals, 8 P
gc 4354 @325.517s 0%: 0.046+0.91+0.015 ms clock, 0.36+0.043/1.5/2.9+0.12 ms cpu, 4->4->2 MB, 4 MB goal, 0 MB stacks, 0 MB globals, 8 P
gc 4355 @325.598s 0%: 0.042+1.1+0.003 ms clock, 0.33+0.036/2.1/4.6+0.027 ms cpu, 4->4->2 MB, 4 MB goal, 0 MB stacks, 0 MB globals, 8 P
gc 4356 @325.638s 0%: 0.045+0.93+0.021 ms clock, 0.36+0.036/1.7/4.1+0.16 ms cpu, 4->4->2 MB, 5 MB goal, 0 MB stacks, 0 MB globals, 8 P
gc 4357 @325.712s 0%: 0.045+1.0+0.009 ms clock, 0.36+0.040/1.8/4.2+0.078 ms cpu, 4->4->2 MB, 5 MB goal, 0 MB stacks, 0 MB globals, 8 P
gc 4358 @325.787s 0%: 0.042+0.80+0.006 ms clock, 0.33+0.036/1.2/2.4+0.050 ms cpu, 4->4->1 MB, 4 MB goal, 0 MB stacks, 0 MB globals, 8 P
gc 4359 @325.869s 0%: 0.037+0.71+0.003 ms clock, 0.30+0.036/1.2/3.0+0.026 ms cpu, 3->4->2 MB, 4 MB goal, 0 MB stacks, 0 MB globals, 8 P
gc 4360 @325.934s 0%: 0.047+0.71+0.024 ms clock, 0.38+0.038/1.1/2.8+0.19 ms cpu, 4->4->2 MB, 4 MB goal, 0 MB stacks, 0 MB globals, 8 P
gc 4361 @326.012s 0%: 0.035+0.82+0.012 ms clock, 0.28+0.033/1.4/3.1+0.10 ms cpu, 4->4->2 MB, 4 MB goal, 0 MB stacks, 0 MB globals, 8 P
gc 4362 @326.094s 0%: 0.042+1.1+0.013 ms clock, 0.34+0.037/1.9/4.5+0.10 ms cpu, 4->4->2 MB, 4 MB goal, 0 MB stacks, 0 MB globals, 8 P
gc 4363 @326.169s 0%: 0.045+0.79+0.009 ms clock, 0.36+0.032/1.3/2.6+0.075 ms cpu, 4->4->1 MB, 4 MB goal, 0 MB stacks, 0 MB globals, 8 P
gc 4364 @326.217s 0%: 0.038+0.94+0.003 ms clock, 0.30+0.033/1.6/4.0+0.029 ms cpu, 4->4->2 MB, 4 MB goal, 0 MB stacks, 0 MB globals, 8 P
gc 4365 @326.296s 0%: 0.036+0.76+0.004 ms clock, 0.29+0.044/1.3/3.1+0.037 ms cpu, 4->4->2 MB, 5 MB goal, 0 MB stacks, 0 MB globals, 8 P
gc 4366 @326.364s 0%: 0.048+0.72+0.021 ms clock, 0.38+0.034/1.2/2.7+0.17 ms cpu, 4->4->2 MB, 4 MB goal, 0 MB stacks, 0 MB globals, 8 P
gc 4367 @326.438s 0%: 0.040+0.79+0.005 ms clock, 0.32+0.036/1.3/2.7+0.047 ms cpu, 4->4->1 MB, 4 MB goal, 0 MB stacks, 0 MB globals, 8 P
gc 4368 @326.517s 0%: 0.047+1.1+0.040 ms clock, 0.38+0.035/1.8/4.4+0.32 ms cpu, 4->4->2 MB, 4 MB goal, 0 MB stacks, 0 MB globals, 8 P
gc 4369 @326.592s 0%: 0.086+1.3+0.20 ms clock, 0.69+0/2.1/2.8+1.6 ms cpu, 4->4->2 MB, 4 MB goal, 0 MB stacks, 0 MB globals, 8 P
gc 4370 @326.635s 0%: 0.16+0.89+0.004 ms clock, 1.3+2.0/1.5/0.48+0.036 ms cpu, 4->4->2 MB, 5 MB goal, 0 MB stacks, 0 MB globals, 8 P
gc 4371 @326.719s 0%: 0.045+1.1+0.023 ms clock, 0.36+0.047/1.9/3.4+0.18 ms cpu, 4->4->2 MB, 5 MB goal, 0 MB stacks, 0 MB globals, 8 P
gc 4372 @326.800s 0%: 0.038+0.74+0.003 ms clock, 0.30+0.036/1.2/2.5+0.028 ms cpu, 4->4->2 MB, 4 MB goal, 0 MB stacks, 0 MB globals, 8 P
gc 4373 @326.878s 0%: 0.044+1.2+0.009 ms clock, 0.35+0.034/2.1/4.7+0.073 ms cpu, 4->4->2 MB, 4 MB goal, 0 MB stacks, 0 MB globals, 8 P
gc 4374 @326.963s 0%: 0.046+0.72+0.003 ms clock, 0.36+0.035/1.2/2.9+0.028 ms cpu, 4->4->1 MB, 5 MB goal, 0 MB stacks, 0 MB globals, 8 P
gc 4375 @327.030s 0%: 0.044+0.89+0.008 ms clock, 0.35+0.035/1.4/3.3+0.065 ms cpu, 3->4->2 MB, 4 MB goal, 0 MB stacks, 0 MB globals, 8 P
gc 4376 @327.107s 0%: 0.052+0.70+0.010 ms clock, 0.41+0.044/1.1/2.4+0.084 ms cpu, 4->4->2 MB, 5 MB goal, 0 MB stacks, 0 MB globals, 8 P
gc 4377 @327.179s 0%: 0.041+1.0+0.015 ms clock, 0.32+0.033/1.8/4.2+0.12 ms cpu, 4->4->1 MB, 4 MB goal, 0 MB stacks, 0 MB globals, 8 P
gc 4378 @327.260s 0%: 0.039+0.96+0.024 ms clock, 0.31+0.037/1.7/3.6+0.19 ms cpu, 3->4->2 MB, 4 MB goal, 0 MB stacks, 0 MB globals, 8 P
gc 4379 @327.331s 0%: 0.048+0.76+0.003 ms clock, 0.38+0.034/1.4/3.1+0.025 ms cpu, 4->4->1 MB, 4 MB goal, 0 MB stacks, 0 MB globals, 8 P
gc 4380 @327.404s 0%: 0.047+1.0+0.004 ms clock, 0.38+0.033/2.0/4.0+0.032 ms cpu, 4->4->2 MB, 4 MB goal, 0 MB stacks, 0 MB globals, 8 P
gc 4381 @327.481s 0%: 0.043+0.93+0.016 ms clock, 0.34+0.037/1.6/3.9+0.13 ms cpu, 4->4->1 MB, 4 MB goal, 0 MB stacks, 0 MB globals, 8 P
gc 4382 @327.560s 0%: 0.042+1.0+0.016 ms clock, 0.34+0.036/1.9/4.3+0.12 ms cpu, 3->4->1 MB, 4 MB goal, 0 MB stacks, 0 MB globals, 8 P
gc 4383 @327.631s 0%: 0.042+0.81+0.026 ms clock, 0.34+0.035/1.3/3.2+0.20 ms cpu, 3->4->1 MB, 4 MB goal, 0 MB stacks, 0 MB globals, 8 P
gc 4384 @327.669s 0%: 0.035+1.0+0.021 ms clock, 0.28+0.033/1.9/4.3+0.17 ms cpu, 3->3->2 MB, 4 MB goal, 0 MB stacks, 0 MB globals, 8 P
gc 4385 @327.752s 0%: 0.049+1.0+0.003 ms clock, 0.39+0.036/1.9/4.4+0.028 ms cpu, 4->4->2 MB, 5 MB goal, 0 MB stacks, 0 MB globals, 8 P
gc 4386 @327.829s 0%: 0.045+0.78+0.018 ms clock, 0.36+0.040/1.3/2.6+0.15 ms cpu, 4->4->1 MB, 5 MB goal, 0 MB stacks, 0 MB globals, 8 P
gc 4387 @327.899s 0%: 0.047+1.0+0.007 ms clock, 0.37+0.035/1.8/4.2+0.056 ms cpu, 3->4->1 MB, 4 MB goal, 0 MB stacks, 0 MB globals, 8 P
gc 4388 @327.977s 0%: 0.081+0.93+0.003 ms clock, 0.65+0.036/1.3/3.3+0.031 ms cpu, 3->4->1 MB, 4 MB goal, 0 MB stacks, 0 MB globals, 8 P
gc 4389 @328.056s 0%: 0.040+1.1+0.030 ms clock, 0.32+0.038/2.0/4.5+0.24 ms cpu, 3->4->2 MB, 4 MB goal, 0 MB stacks, 0 MB globals, 8 P
gc 4390 @328.140s 0%: 0.047+1.0+0.004 ms clock, 0.37+0.037/1.7/3.5+0.033 ms cpu, 4->4->2 MB, 4 MB goal, 0 MB stacks, 0 MB globals, 8 P
gc 4391 @328.218s 0%: 0.043+0.88+0.005 ms clock, 0.35+0.034/1.3/3.0+0.045 ms cpu, 4->4->2 MB, 4 MB goal, 0 MB stacks, 0 MB globals, 8 P
gc 4392 @328.298s 0%: 0.038+0.97+0.012 ms clock, 0.30+0.034/1.6/4.3+0.098 ms cpu, 4->4->2 MB, 5 MB goal, 0 MB stacks, 0 MB globals, 8 P
gc 4393 @328.380s 0%: 0.062+0.88+0.007 ms clock, 0.49+0.037/1.5/3.7+0.060 ms cpu, 4->4->2 MB, 4 MB goal, 0 MB stacks, 0 MB globals, 8 P
gc 4394 @328.455s 0%: 0.036+0.92+0.024 ms clock, 0.29+0.036/1.5/3.8+0.19 ms cpu, 4->4->1 MB, 4 MB goal, 0 MB stacks, 0 MB globals, 8 P
gc 4395 @328.523s 0%: 0.043+1.0+0.004 ms clock, 0.34+0.034/1.9/4.2+0.033 ms cpu, 3->4->1 MB, 4 MB goal, 0 MB stacks, 0 MB globals, 8 P
gc 4396 @328.604s 0%: 0.050+1.0+0.025 ms clock, 0.40+0.048/1.8/3.5+0.20 ms cpu, 3->4->1 MB, 4 MB goal, 0 MB stacks, 0 MB globals, 8 P
gc 4397 @328.646s 0%: 0.047+1.0+0.027 ms clock, 0.38+0.037/1.8/4.0+0.21 ms cpu, 3->4->2 MB, 4 MB goal, 0 MB stacks, 0 MB globals, 8 P
gc 4398 @328.725s 0%: 0.046+1.1+0.018 ms clock, 0.36+0.045/1.9/4.1+0.14 ms cpu, 4->4->2 MB, 5 MB goal, 0 MB stacks, 0 MB globals, 8 P
gc 4399 @328.811s 0%: 0.045+1.0+0.012 ms clock, 0.36+0.038/1.9/4.7+0.10 ms cpu, 4->5->2 MB, 5 MB goal, 0 MB stacks, 0 MB globals, 8 P
gc 4400 @328.890s 0%: 0.044+1.0+0.014 ms clock, 0.35+0.035/1.7/3.8+0.11 ms cpu, 4->4->2 MB, 5 MB goal, 0 MB stacks, 0 MB globals, 8 P
gc 4401 @328.959s 0%: 0.041+0.74+0.003 ms clock, 0.32+0.037/1.3/2.9+0.028 ms cpu, 4->4->2 MB, 4 MB goal, 0 MB stacks, 0 MB globals, 8 P
gc 4402 @329.036s 0%: 0.042+0.80+0.003 ms clock, 0.34+0.035/1.4/2.6+0.025 ms cpu, 4->4->2 MB, 5 MB goal, 0 MB stacks, 0 MB globals, 8 P
gc 4403 @329.111s 0%: 0.048+0.97+0.012 ms clock, 0.38+0.034/1.6/3.9+0.10 ms cpu, 4->4->2 MB, 5 MB goal, 0 MB stacks, 0 MB globals, 8 P
gc 4404 @329.192s 0%: 0.047+0.93+0.003 ms clock, 0.38+0.037/1.7/3.6+0.030 ms cpu, 4->4->2 MB, 4 MB goal, 0 MB stacks, 0 MB globals, 8 P
gc 4405 @329.264s 0%: 0.048+1.1+0.031 ms clock, 0.38+0.036/1.9/4.4+0.25 ms cpu, 4->4->1 MB, 4 MB goal, 0 MB stacks, 0 MB globals, 8 P
gc 4406 @329.340s 0%: 0.051+0.87+0.003 ms clock, 0.41+0.035/1.5/3.6+0.028 ms cpu, 4->4->1 MB, 4 MB goal, 0 MB stacks, 0 MB globals, 8 P
gc 4407 @329.415s 0%: 0.043+0.98+0.006 ms clock, 0.34+0.035/1.7/4.1+0.052 ms cpu, 4->4->2 MB, 4 MB goal, 0 MB stacks, 0 MB globals, 8 P
gc 4408 @329.494s 0%: 0.042+0.70+0.005 ms clock, 0.33+0.034/1.1/2.7+0.042 ms cpu, 4->4->1 MB, 4 MB goal, 0 MB stacks, 0 MB globals, 8 P
gc 4409 @329.573s 0%: 0.038+0.94+0.003 ms clock, 0.30+0.033/1.7/3.8+0.027 ms cpu, 3->4->1 MB, 4 MB goal, 0 MB stacks, 0 MB globals, 8 P
gc 4410 @329.647s 0%: 0.095+0.90+0.028 ms clock, 0.76+1.5/1.5/0.16+0.22 ms cpu, 4->4->2 MB, 4 MB goal, 0 MB stacks, 0 MB globals, 8 P
gc 4411 @329.733s 0%: 0.045+0.86+0.030 ms clock, 0.36+0.030/1.4/2.6+0.24 ms cpu, 4->4->2 MB, 5 MB goal, 0 MB stacks, 0 MB globals, 8 P
gc 4412 @329.811s 0%: 0.040+0.79+0.003 ms clock, 0.32+0.035/1.2/2.5+0.025 ms cpu, 4->4->1 MB, 4 MB goal, 0 MB stacks, 0 MB globals, 8 P
gc 4413 @329.886s 0%: 0.050+1.0+0.11 ms clock, 0.40+0.040/1.4/3.2+0.95 ms cpu, 3->4->2 MB, 4 MB goal, 0 MB stacks, 0 MB globals, 8 P
gc 4414 @329.963s 0%: 0.050+1.1+0.003 ms clock, 0.40+0.040/2.0/4.4+0.027 ms cpu, 4->4->2 MB, 4 MB goal, 0 MB stacks, 0 MB globals, 8 P
gc 4415 @330.018s 0%: 0.043+0.88+0.033 ms clock, 0.34+0.035/1.4/3.0+0.26 ms cpu, 4->4->1 MB, 5 MB goal, 0 MB stacks, 0 MB globals, 8 P
gc 4416 @330.088s 0%: 0.039+0.78+0.005 ms clock, 0.31+0.035/1.1/2.6+0.044 ms cpu, 3->4->1 MB, 4 MB goal, 0 MB stacks, 0 MB globals, 8 P
gc 4417 @330.164s 0%: 0.046+0.81+0.021 ms clock, 0.37+0.035/1.3/2.7+0.17 ms cpu, 3->4->1 MB, 4 MB goal, 0 MB stacks, 0 MB globals, 8 P
gc 4418 @330.247s 0%: 0.038+0.82+0.008 ms clock, 0.31+0.038/1.4/3.2+0.066 ms cpu, 4->4->2 MB, 4 MB goal, 0 MB stacks, 0 MB globals, 8 P
gc 4419 @330.329s 0%: 0.037+0.85+0.017 ms clock, 0.29+0.035/1.3/3.4+0.13 ms cpu, 4->4->1 MB, 4 MB goal, 0 MB stacks, 0 MB globals, 8 P
gc 4420 @330.402s 0%: 0.038+0.82+0.011 ms clock, 0.30+0.035/1.4/3.0+0.095 ms cpu, 3->4->2 MB, 4 MB goal, 0 MB stacks, 0 MB globals, 8 P
gc 4421 @330.478s 0%: 0.044+0.76+0.003 ms clock, 0.35+0.040/1.4/2.9+0.024 ms cpu, 4->4->1 MB, 4 MB goal, 0 MB stacks, 0 MB globals, 8 P
gc 4422 @330.551s 0%: 0.047+0.72+0.027 ms clock, 0.38+0.036/1.1/2.6+0.21 ms cpu, 3->4->2 MB, 4 MB goal, 0 MB stacks, 0 MB globals, 8 P
gc 4423 @330.626s 0%: 0.037+0.71+0.030 ms clock, 0.29+0.035/1.1/2.7+0.24 ms cpu, 4->4->1 MB, 4 MB goal, 0 MB stacks, 0 MB globals, 8 P
gc 4424 @330.653s 0%: 0.042+0.87+0.004 ms clock, 0.34+0.029/1.5/3.5+0.037 ms cpu, 4->4->2 MB, 4 MB goal, 0 MB stacks, 0 MB globals, 8 P
gc 4425 @330.733s 0%: 0.066+0.85+0.032 ms clock, 0.53+0.040/1.5/3.1+0.25 ms cpu, 4->4->1 MB, 5 MB goal, 0 MB stacks, 0 MB globals, 8 P
gc 4426 @330.814s 0%: 0.039+0.99+0.024 ms clock, 0.31+0.034/1.6/3.8+0.19 ms cpu, 4->4->1 MB, 4 MB goal, 0 MB stacks, 0 MB globals, 8 P
gc 4427 @330.898s 0%: 0.040+0.82+0.004 ms clock, 0.32+0.036/1.5/3.3+0.033 ms cpu, 3->4->1 MB, 4 MB goal, 0 MB stacks, 0 MB globals, 8 P
gc 4428 @330.970s 0%: 0.038+0.88+0.003 ms clock, 0.30+0.038/1.6/3.6+0.029 ms cpu, 3->4->1 MB, 4 MB goal, 0 MB stacks, 0 MB globals, 8 P
gc 4429 @331.039s 0%: 0.046+0.81+0.003 ms clock, 0.37+0.043/1.4/3.0+0.027 ms cpu, 3->4->1 MB, 4 MB goal, 0 MB stacks, 0 MB globals, 8 P
gc 4430 @331.112s 0%: 0.043+1.0+0.003 ms clock, 0.34+0.036/1.9/4.4+0.028 ms cpu, 4->4->2 MB, 4 MB goal, 0 MB stacks, 0 MB globals, 8 P
gc 4431 @331.193s 0%: 0.041+0.80+0.020 ms clock, 0.33+0.035/1.3/2.9+0.16 ms cpu, 4->4->2 MB, 4 MB goal, 0 MB stacks, 0 MB globals, 8 P
gc 4432 @331.270s 0%: 0.044+0.97+0.003 ms clock, 0.35+0.034/1.8/4.0+0.029 ms cpu, 4->4->2 MB, 4 MB goal, 0 MB stacks, 0 MB globals, 8 P
gc 4433 @331.347s 0%: 0.054+0.79+0.004 ms clock, 0.43+0.042/1.4/3.1+0.033 ms cpu, 4->4->2 MB, 4 MB goal, 0 MB stacks, 0 MB globals, 8 P
gc 4434 @331.408s 0%: 0.23+1.0+0.057 ms clock, 1.8+1.1/1.8/1.7+0.46 ms cpu, 4->4->2 MB, 4 MB goal, 0 MB stacks, 0 MB globals, 8 P
gc 4435 @331.490s 0%: 0.042+0.66+0.002 ms clock, 0.34+0.043/1.2/2.3+0.022 ms cpu, 4->4->1 MB, 5 MB goal, 0 MB stacks, 0 MB globals, 8 P
gc 4436 @331.564s 0%: 0.047+0.74+0.003 ms clock, 0.37+0.034/1.2/2.6+0.031 ms cpu, 4->4->1 MB, 4 MB goal, 0 MB stacks, 0 MB globals, 8 P
gc 4437 @331.633s 0%: 0.056+0.87+0.043 ms clock, 0.45+0.036/1.4/2.7+0.34 ms cpu, 4->4->2 MB, 4 MB goal, 0 MB stacks, 0 MB globals, 8 P
gc 4438 @331.667s 0%: 0.038+0.79+0.007 ms clock, 0.30+0.040/1.3/2.9+0.061 ms cpu, 4->4->2 MB, 4 MB goal, 0 MB stacks, 0 MB globals, 8 P
gc 4439 @331.752s 0%: 0.046+0.99+0.015 ms clock, 0.36+0.035/1.7/4.1+0.12 ms cpu, 4->4->1 MB, 5 MB goal, 0 MB stacks, 0 MB globals, 8 P
gc 4440 @331.831s 0%: 0.042+0.68+0.003 ms clock, 0.33+0.036/1.1/2.6+0.029 ms cpu, 3->4->1 MB, 4 MB goal, 0 MB stacks, 0 MB globals, 8 P
gc 4441 @331.910s 0%: 0.044+0.88+0.004 ms clock, 0.35+0.038/1.3/2.3+0.034 ms cpu, 4->4->1 MB, 4 MB goal, 0 MB stacks, 0 MB globals, 8 P
gc 4442 @331.982s 0%: 0.042+1.0+0.014 ms clock, 0.34+0.035/1.9/4.5+0.11 ms cpu, 4->4->1 MB, 4 MB goal, 0 MB stacks, 0 MB globals, 8 P
gc 4443 @332.062s 0%: 0.057+0.82+0.007 ms clock, 0.45+0.034/1.4/2.9+0.060 ms cpu, 3->4->1 MB, 4 MB goal, 0 MB stacks, 0 MB globals, 8 P
gc 4444 @332.142s 0%: 0.041+0.94+0.003 ms clock, 0.33+0.035/1.7/3.8+0.030 ms cpu, 4->4->1 MB, 4 MB goal, 0 MB stacks, 0 MB globals, 8 P
gc 4445 @332.220s 0%: 0.043+0.90+0.003 ms clock, 0.34+0.036/1.5/3.6+0.027 ms cpu, 4->4->1 MB, 4 MB goal, 0 MB stacks, 0 MB globals, 8 P
gc 4446 @332.299s 0%: 0.036+0.78+0.040 ms clock, 0.29+0.031/1.3/2.4+0.32 ms cpu, 4->4->1 MB, 4 MB goal, 0 MB stacks, 0 MB globals, 8 P
gc 4447 @332.362s 0%: 0.051+0.71+0.003 ms clock, 0.41+0.035/1.2/2.9+0.027 ms cpu, 4->4->2 MB, 4 MB goal, 0 MB stacks, 0 MB globals, 8 P
gc 4448 @332.446s 0%: 0.040+0.93+0.004 ms clock, 0.32+0.034/1.7/3.2+0.036 ms cpu, 4->4->1 MB, 4 MB goal, 0 MB stacks, 0 MB globals, 8 P
gc 4449 @332.526s 0%: 0.038+1.0+0.025 ms clock, 0.31+0.034/1.7/3.9+0.20 ms cpu, 4->4->2 MB, 4 MB goal, 0 MB stacks, 0 MB globals, 8 P
gc 4450 @332.604s 0%: 0.050+0.67+0.007 ms clock, 0.40+0.037/1.1/2.4+0.061 ms cpu, 4->4->1 MB, 4 MB goal, 0 MB stacks, 0 MB globals, 8 P
gc 4451 @332.657s 0%: 0.15+0.74+0.003 ms clock, 1.2+1.3/1.3/0.89+0.026 ms cpu, 4->4->2 MB, 4 MB goal, 0 MB stacks, 0 MB globals, 8 P
gc 4452 @332.727s 0%: 0.040+0.63+0.007 ms clock, 0.32+0.040/1.1/2.5+0.058 ms cpu, 4->4->2 MB, 5 MB goal, 0 MB stacks, 0 MB globals, 8 P
gc 4453 @332.801s 0%: 0.047+0.71+0.027 ms clock, 0.38+0.042/1.1/2.4+0.22 ms cpu, 4->4->1 MB, 5 MB goal, 0 MB stacks, 0 MB globals, 8 P
gc 4454 @332.875s 0%: 0.040+1.0+0.012 ms clock, 0.32+0.033/1.8/3.9+0.098 ms cpu, 3->4->2 MB, 4 MB goal, 0 MB stacks, 0 MB globals, 8 P
gc 4455 @332.954s 0%: 0.046+0.81+0.003 ms clock, 0.37+0.040/1.3/3.0+0.031 ms cpu, 4->4->1 MB, 4 MB goal, 0 MB stacks, 0 MB globals, 8 P
gc 4456 @333.033s 0%: 0.034+1.0+0.004 ms clock, 0.27+0.031/1.9/4.8+0.033 ms cpu, 3->4->2 MB, 4 MB goal, 0 MB stacks, 0 MB globals, 8 P
gc 4457 @333.119s 0%: 0.057+0.80+0.013 ms clock, 0.45+0.095/1.3/2.7+0.11 ms cpu, 4->4->1 MB, 4 MB goal, 0 MB stacks, 0 MB globals, 8 P
gc 4458 @333.201s 0%: 0.044+9.3+0.039 ms clock, 0.35+0.034/2.4/30+0.31 ms cpu, 3->4->2 MB, 4 MB goal, 0 MB stacks, 0 MB globals, 8 P
gc 4459 @333.286s 0%: 0.047+1.0+0.014 ms clock, 0.38+0.035/1.8/4.0+0.11 ms cpu, 4->4->2 MB, 5 MB goal, 0 MB stacks, 0 MB globals, 8 P
gc 4460 @333.364s 0%: 0.036+0.77+0.017 ms clock, 0.29+0.035/1.2/2.9+0.13 ms cpu, 4->4->2 MB, 4 MB goal, 0 MB stacks, 0 MB globals, 8 P
gc 4461 @333.434s 0%: 0.041+1.0+0.012 ms clock, 0.32+0.035/1.8/4.1+0.10 ms cpu, 4->4->2 MB, 4 MB goal, 0 MB stacks, 0 MB globals, 8 P
gc 4462 @333.515s 0%: 0.041+0.98+0.014 ms clock, 0.33+0.033/1.8/4.2+0.11 ms cpu, 4->4->1 MB, 4 MB goal, 0 MB stacks, 0 MB globals, 8 P
gc 4463 @333.588s 0%: 0.38+2.2+0.061 ms clock, 3.0+0.076/1.6/1.0+0.49 ms cpu, 3->3->1 MB, 4 MB goal, 0 MB stacks, 0 MB globals, 8 P
gc 4464 @333.636s 0%: 0.052+1.0+0.014 ms clock, 0.42+0.041/1.8/4.1+0.11 ms cpu, 3->3->2 MB, 4 MB goal, 0 MB stacks, 0 MB globals, 8 P
gc 4465 @333.677s 0%: 0.036+0.87+0.008 ms clock, 0.29+0.031/1.5/3.2+0.071 ms cpu, 4->4->2 MB, 4 MB goal, 0 MB stacks, 0 MB globals, 8 P
gc 4466 @333.754s 0%: 0.045+1.0+0.003 ms clock, 0.36+0.035/1.8/4.3+0.031 ms cpu, 4->4->1 MB, 5 MB goal, 0 MB stacks, 0 MB globals, 8 P
gc 4467 @333.835s 0%: 0.046+1.0+0.036 ms clock, 0.36+0.037/1.8/4.0+0.29 ms cpu, 3->4->2 MB, 4 MB goal, 0 MB stacks, 0 MB globals, 8 P
gc 4468 @333.905s 0%: 0.035+0.70+0.024 ms clock, 0.28+0.035/1.0/2.1+0.19 ms cpu, 4->4->2 MB, 4 MB goal, 0 MB stacks, 0 MB globals, 8 P
gc 4469 @333.979s 0%: 0.040+0.93+0.003 ms clock, 0.32+0.034/1.7/3.5+0.031 ms cpu, 4->4->2 MB, 4 MB goal, 0 MB stacks, 0 MB globals, 8 P
gc 4470 @334.063s 0%: 0.037+1.1+0.036 ms clock, 0.29+0.034/2.0/4.9+0.28 ms cpu, 4->4->2 MB, 5 MB goal, 0 MB stacks, 0 MB globals, 8 P
gc 4471 @334.139s 0%: 0.048+0.85+0.005 ms clock, 0.38+0.036/1.4/3.0+0.046 ms cpu, 4->4->2 MB, 4 MB goal, 0 MB stacks, 0 MB globals, 8 P
gc 4472 @334.211s 0%: 0.043+0.84+0.013 ms clock, 0.34+0.037/1.4/3.3+0.10 ms cpu, 4->4->1 MB, 4 MB goal, 0 MB stacks, 0 MB globals, 8 P
gc 4473 @334.283s 0%: 0.036+1.0+0.003 ms clock, 0.29+0.035/1.9/4.3+0.027 ms cpu, 4->4->2 MB, 4 MB goal, 0 MB stacks, 0 MB globals, 8 P
gc 4474 @334.360s 0%: 0.070+0.81+0.005 ms clock, 0.56+0.037/1.4/2.5+0.046 ms cpu, 4->4->2 MB, 4 MB goal, 0 MB stacks, 0 MB globals, 8 P
gc 4475 @334.445s 0%: 0.053+0.78+0.003 ms clock, 0.42+0.045/1.3/2.6+0.028 ms cpu, 4->4->2 MB, 5 MB goal, 0 MB stacks, 0 MB globals, 8 P
gc 4476 @334.521s 0%: 0.039+1.0+0.016 ms clock, 0.31+0.035/1.8/3.6+0.13 ms cpu, 4->4->2 MB, 4 MB goal, 0 MB stacks, 0 MB globals, 8 P
gc 4477 @334.601s 0%: 0.10+0.93+0.003 ms clock, 0.85+0.57/1.7/2.7+0.027 ms cpu, 4->4->2 MB, 5 MB goal, 0 MB stacks, 0 MB globals, 8 P
gc 4478 @334.666s 0%: 0.20+0.85+0.031 ms clock, 1.6+1.4/1.2/0.79+0.25 ms cpu, 4->4->2 MB, 5 MB goal, 0 MB stacks, 0 MB globals, 8 P
gc 4479 @334.740s 0%: 0.041+0.78+0.021 ms clock, 0.33+0.035/1.3/2.6+0.17 ms cpu, 4->4->2 MB, 5 MB goal, 0 MB stacks, 0 MB globals, 8 P
gc 4480 @334.803s 0%: 0.036+1.1+0.004 ms clock, 0.28+0.029/2.0/4.5+0.032 ms cpu, 4->4->2 MB, 4 MB goal, 0 MB stacks, 0 MB globals, 8 P
gc 4481 @334.885s 0%: 0.035+0.99+0.006 ms clock, 0.28+0.037/1.7/4.4+0.051 ms cpu, 4->4->2 MB, 4 MB goal, 0 MB stacks, 0 MB globals, 8 P
gc 4482 @334.969s 0%: 0.028+1.0+0.008 ms clock, 0.22+0.034/1.8/4.2+0.070 ms cpu, 4->4->2 MB, 4 MB goal, 0 MB stacks, 0 MB globals, 8 P
gc 4483 @335.012s 0%: 0.042+0.74+0.004 ms clock, 0.34+0.035/1.2/2.6+0.035 ms cpu, 4->4->2 MB, 4 MB goal, 0 MB stacks, 0 MB globals, 8 P
gc 4484 @335.090s 0%: 0.043+0.99+0.029 ms clock, 0.35+0.035/1.6/3.5+0.23 ms cpu, 4->4->2 MB, 5 MB goal, 0 MB stacks, 0 MB globals, 8 P
gc 4485 @335.168s 0%: 0.055+0.91+0.003 ms clock, 0.44+0.037/1.7/3.7+0.029 ms cpu, 4->4->2 MB, 4 MB goal, 0 MB stacks, 0 MB globals, 8 P
gc 4486 @335.242s 0%: 0.043+1.1+0.004 ms clock, 0.35+0.035/1.9/4.8+0.034 ms cpu, 4->4->2 MB, 4 MB goal, 0 MB stacks, 0 MB globals, 8 P
gc 4487 @335.313s 0%: 0.038+0.75+0.030 ms clock, 0.30+0.087/1.1/2.7+0.24 ms cpu, 4->4->2 MB, 5 MB goal, 0 MB stacks, 0 MB globals, 8 P
gc 4488 @335.381s 0%: 0.030+0.85+0.028 ms clock, 0.24+0.027/1.4/3.2+0.23 ms cpu, 4->4->2 MB, 4 MB goal, 0 MB stacks, 0 MB globals, 8 P
gc 4489 @335.457s 0%: 0.037+1.0+0.009 ms clock, 0.29+0.033/1.8/4.2+0.073 ms cpu, 4->4->2 MB, 4 MB goal, 0 MB stacks, 0 MB globals, 8 P
gc 4490 @335.529s 0%: 0.087+0.77+0.014 ms clock, 0.69+0.037/1.3/2.7+0.11 ms cpu, 4->4->2 MB, 5 MB goal, 0 MB stacks, 0 MB globals, 8 P
gc 4491 @335.602s 0%: 0.043+0.85+0.009 ms clock, 0.34+0.040/1.5/3.3+0.079 ms cpu, 4->4->1 MB, 4 MB goal, 0 MB stacks, 0 MB globals, 8 P
gc 4492 @335.669s 0%: 0.12+1.0+0.005 ms clock, 0.97+2.0/1.5/0.57+0.043 ms cpu, 3->4->2 MB, 4 MB goal, 0 MB stacks, 0 MB globals, 8 P
gc 4493 @335.755s 0%: 0.045+0.98+0.003 ms clock, 0.36+0.037/1.7/3.9+0.028 ms cpu, 4->4->2 MB, 5 MB goal, 0 MB stacks, 0 MB globals, 8 P
gc 4494 @335.835s 0%: 0.035+1.0+0.032 ms clock, 0.28+0.033/1.7/4.1+0.25 ms cpu, 4->4->1 MB, 5 MB goal, 0 MB stacks, 0 MB globals, 8 P
gc 4495 @335.908s 0%: 0.032+0.85+0.082 ms clock, 0.26+0.029/1.5/3.3+0.66 ms cpu, 3->4->1 MB, 4 MB goal, 0 MB stacks, 0 MB globals, 8 P
gc 4496 @335.982s 0%: 0.33+2.8+0.10 ms clock, 2.6+0.073/3.3/0.16+0.80 ms cpu, 4->4->2 MB, 4 MB goal, 0 MB stacks, 0 MB globals, 8 P
gc 4497 @336.057s 0%: 0.056+0.88+0.003 ms clock, 0.45+0.037/1.6/3.1+0.028 ms cpu, 4->4->2 MB, 4 MB goal, 0 MB stacks, 0 MB globals, 8 P
gc 4498 @336.143s 0%: 0.041+0.81+0.031 ms clock, 0.33+0.034/1.4/3.0+0.24 ms cpu, 4->4->1 MB, 4 MB goal, 0 MB stacks, 0 MB globals, 8 P
gc 4499 @336.214s 0%: 0.048+0.93+0.016 ms clock, 0.38+0.039/1.7/3.9+0.12 ms cpu, 3->4->2 MB, 4 MB goal, 0 MB stacks, 0 MB globals, 8 P
gc 4500 @336.290s 0%: 0.049+0.82+0.012 ms clock, 0.39+0.036/1.4/3.2+0.10 ms cpu, 4->4->1 MB, 4 MB goal, 0 MB stacks, 0 MB globals, 8 P
gc 4501 @336.365s 0%: 0.037+0.98+0.016 ms clock, 0.30+0.034/1.7/4.0+0.13 ms cpu, 3->4->1 MB, 4 MB goal, 0 MB stacks, 0 MB globals, 8 P
gc 4502 @336.436s 0%: 0.043+0.80+0.004 ms clock, 0.34+0.042/1.3/2.9+0.032 ms cpu, 3->4->1 MB, 4 MB goal, 0 MB stacks, 0 MB globals, 8 P
gc 4503 @336.513s 0%: 0.046+0.79+0.003 ms clock, 0.37+0.040/1.4/3.2+0.025 ms cpu, 4->4->1 MB, 4 MB goal, 0 MB stacks, 0 MB globals, 8 P
gc 4504 @336.587s 0%: 0.031+0.72+0.003 ms clock, 0.24+0.042/1.2/2.9+0.030 ms cpu, 3->4->1 MB, 4 MB goal, 0 MB stacks, 0 MB globals, 8 P
gc 4505 @336.663s 0%: 0.037+0.84+0.019 ms clock, 0.30+0.035/1.4/3.0+0.15 ms cpu, 3->4->1 MB, 4 MB goal, 0 MB stacks, 0 MB globals, 8 P
gc 4506 @336.693s 0%: 0.047+0.90+0.030 ms clock, 0.38+0.13/1.4/3.2+0.24 ms cpu, 3->4->2 MB, 4 MB goal, 0 MB stacks, 0 MB globals, 8 P
gc 4507 @336.776s 0%: 0.056+0.91+0.038 ms clock, 0.44+0.037/1.6/3.5+0.31 ms cpu, 4->4->1 MB, 5 MB goal, 0 MB stacks, 0 MB globals, 8 P
gc 4508 @336.849s 0%: 0.052+0.81+0.013 ms clock, 0.41+0.036/1.4/2.8+0.10 ms cpu, 3->4->1 MB, 4 MB goal, 0 MB stacks, 0 MB globals, 8 P
gc 4509 @336.924s 0%: 0.049+0.74+0.004 ms clock, 0.39+0.035/1.3/2.5+0.034 ms cpu, 4->4->1 MB, 4 MB goal, 0 MB stacks, 0 MB globals, 8 P
gc 4510 @337.000s 0%: 0.046+0.78+0.003 ms clock, 0.36+0.029/1.3/2.7+0.026 ms cpu, 3->4->1 MB, 4 MB goal, 0 MB stacks, 0 MB globals, 8 P
gc 4511 @337.071s 0%: 0.041+0.90+0.067 ms clock, 0.33+0.041/1.5/3.7+0.54 ms cpu, 3->4->2 MB, 4 MB goal, 0 MB stacks, 0 MB globals, 8 P
gc 4512 @337.146s 0%: 0.042+1.0+0.020 ms clock, 0.33+0.034/1.7/4.1+0.16 ms cpu, 4->4->1 MB, 4 MB goal, 0 MB stacks, 0 MB globals, 8 P
gc 4513 @337.215s 0%: 0.040+0.78+0.006 ms clock, 0.32+0.035/1.3/3.1+0.054 ms cpu, 3->4->2 MB, 4 MB goal, 0 MB stacks, 0 MB globals, 8 P
gc 4514 @337.286s 0%: 0.035+0.80+0.005 ms clock, 0.28+0.034/1.4/2.4+0.040 ms cpu, 4->4->1 MB, 4 MB goal, 0 MB stacks, 0 MB globals, 8 P
gc 4515 @337.369s 0%: 0.045+0.84+0.006 ms clock, 0.36+0.036/1.2/3.3+0.049 ms cpu, 4->4->2 MB, 4 MB goal, 0 MB stacks, 0 MB globals, 8 P
gc 4516 @337.449s 0%: 0.043+0.88+0.005 ms clock, 0.34+0.034/1.3/3.3+0.043 ms cpu, 4->4->2 MB, 4 MB goal, 0 MB stacks, 0 MB globals, 8 P
gc 4517 @337.524s 0%: 0.037+1.0+0.003 ms clock, 0.29+0.034/1.7/3.6+0.024 ms cpu, 4->4->2 MB, 4 MB goal, 0 MB stacks, 0 MB globals, 8 P
gc 4518 @337.604s 0%: 0.041+1.0+0.005 ms clock, 0.33+0.047/1.8/4.2+0.043 ms cpu, 4->4->1 MB, 4 MB goal, 0 MB stacks, 0 MB globals, 8 P
gc 4519 @337.677s 0%: 0.14+0.92+0.024 ms clock, 1.1+1.8/1.6/1.0+0.19 ms cpu, 3->4->2 MB, 4 MB goal, 0 MB stacks, 0 MB globals, 8 P
gc 4520 @337.759s 0%: 0.041+1.1+0.010 ms clock, 0.33+0.040/1.9/4.7+0.080 ms cpu, 4->4->2 MB, 5 MB goal, 0 MB stacks, 0 MB globals, 8 P
gc 4521 @337.845s 0%: 0.037+1.0+0.027 ms clock, 0.30+0.078/1.7/4.0+0.22 ms cpu, 4->4->2 MB, 4 MB goal, 0 MB stacks, 0 MB globals, 8 P
gc 4522 @337.917s 0%: 0.039+1.1+0.003 ms clock, 0.31+0.028/2.0/4.7+0.025 ms cpu, 4->4->2 MB, 4 MB goal, 0 MB stacks, 0 MB globals, 8 P
gc 4523 @337.996s 0%: 0.037+0.83+0.008 ms clock, 0.29+0.036/1.4/3.0+0.069 ms cpu, 4->4->1 MB, 4 MB goal, 0 MB stacks, 0 MB globals, 8 P
gc 4524 @338.078s 0%: 0.049+0.88+0.003 ms clock, 0.39+0.034/1.6/3.5+0.028 ms cpu, 3->4->1 MB, 4 MB goal, 0 MB stacks, 0 MB globals, 8 P
gc 4525 @338.154s 0%: 0.043+0.93+0.056 ms clock, 0.35+0.035/1.5/3.6+0.44 ms cpu, 3->4->1 MB, 4 MB goal, 0 MB stacks, 0 MB globals, 8 P
gc 4526 @338.234s 0%: 0.046+1.0+0.010 ms clock, 0.37+0.034/1.8/3.5+0.087 ms cpu, 3->4->1 MB, 4 MB goal, 0 MB stacks, 0 MB globals, 8 P
gc 4527 @338.304s 0%: 0.048+0.98+0.008 ms clock, 0.38+0.044/1.8/4.3+0.065 ms cpu, 3->4->2 MB, 4 MB goal, 0 MB stacks, 0 MB globals, 8 P
gc 4528 @338.379s 0%: 0.046+0.97+0.022 ms clock, 0.37+0.036/1.6/4.1+0.17 ms cpu, 4->4->2 MB, 4 MB goal, 0 MB stacks, 0 MB globals, 8 P
gc 4529 @338.459s 0%: 0.034+0.83+0.023 ms clock, 0.27+0.036/1.4/2.8+0.18 ms cpu, 4->4->2 MB, 4 MB goal, 0 MB stacks, 0 MB globals, 8 P
gc 4530 @338.535s 0%: 0.035+1.0+0.024 ms clock, 0.28+0.065/1.8/4.3+0.19 ms cpu, 4->4->2 MB, 4 MB goal, 0 MB stacks, 0 MB globals, 8 P
gc 4531 @338.612s 0%: 0.029+1.7+0.003 ms clock, 0.23+0.036/2.7/1.7+0.030 ms cpu, 4->4->1 MB, 4 MB goal, 0 MB stacks, 0 MB globals, 8 P
gc 4532 @338.681s 0%: 0.14+0.77+0.026 ms clock, 1.1+1.5/1.2/0.38+0.21 ms cpu, 4->4->2 MB, 4 MB goal, 0 MB stacks, 0 MB globals, 8 P
gc 4533 @338.747s 0%: 0.042+0.93+0.020 ms clock, 0.33+0.034/1.6/3.6+0.16 ms cpu, 4->4->2 MB, 4 MB goal, 0 MB stacks, 0 MB globals, 8 P
gc 4534 @338.824s 0%: 0.044+0.77+0.016 ms clock, 0.35+0.030/1.3/2.8+0.13 ms cpu, 4->4->2 MB, 5 MB goal, 0 MB stacks, 0 MB globals, 8 P
gc 4535 @338.891s 0%: 0.036+0.84+0.010 ms clock, 0.29+0.038/1.4/3.2+0.085 ms cpu, 4->4->2 MB, 5 MB goal, 0 MB stacks, 0 MB globals, 8 P
gc 4536 @338.961s 0%: 0.044+1.0+0.037 ms clock, 0.35+0.044/1.7/3.9+0.29 ms cpu, 4->4->1 MB, 5 MB goal, 0 MB stacks, 0 MB globals, 8 P
gc 4537 @339.046s 0%: 0.039+0.87+0.023 ms clock, 0.31+0.39/1.4/2.5+0.19 ms cpu, 4->4->1 MB, 4 MB goal, 0 MB stacks, 0 MB globals, 8 P
gc 4538 @339.093s 0%: 0.16+0.88+0.037 ms clock, 1.2+0.87/1.5/1.7+0.30 ms cpu, 3->4->2 MB, 4 MB goal, 0 MB stacks, 0 MB globals, 8 P
gc 4539 @339.172s 0%: 0.036+1.0+0.005 ms clock, 0.29+0.040/1.7/3.9+0.041 ms cpu, 4->4->1 MB, 5 MB goal, 0 MB stacks, 0 MB globals, 8 P
gc 4540 @339.246s 0%: 0.056+0.69+0.011 ms clock, 0.45+0.046/1.2/2.7+0.095 ms cpu, 3->4->2 MB, 4 MB goal, 0 MB stacks, 0 MB globals, 8 P
gc 4541 @339.322s 0%: 0.041+0.73+0.015 ms clock, 0.33+0.037/1.2/2.4+0.12 ms cpu, 4->4->1 MB, 5 MB goal, 0 MB stacks, 0 MB globals, 8 P
gc 4542 @339.400s 0%: 0.069+0.94+0.050 ms clock, 0.55+0.036/1.6/3.5+0.40 ms cpu, 3->4->2 MB, 4 MB goal, 0 MB stacks, 0 MB globals, 8 P
gc 4543 @339.485s 0%: 0.034+0.77+0.020 ms clock, 0.27+0.043/1.2/2.3+0.16 ms cpu, 4->4->2 MB, 4 MB goal, 0 MB stacks, 0 MB globals, 8 P
gc 4544 @339.574s 0%: 0.043+0.92+0.016 ms clock, 0.35+0.034/1.6/3.4+0.13 ms cpu, 4->4->1 MB, 5 MB goal, 0 MB stacks, 0 MB globals, 8 P
gc 4545 @339.649s 0%: 0.042+1.0+0.003 ms clock, 0.33+0.035/1.9/4.5+0.031 ms cpu, 3->4->2 MB, 4 MB goal, 0 MB stacks, 0 MB globals, 8 P
gc 4546 @339.692s 0%: 0.044+0.82+0.006 ms clock, 0.35+0.034/1.3/3.0+0.052 ms cpu, 4->4->2 MB, 4 MB goal, 0 MB stacks, 0 MB globals, 8 P
gc 4547 @339.773s 0%: 0.044+0.95+0.008 ms clock, 0.35+0.034/1.6/3.6+0.069 ms cpu, 4->4->1 MB, 5 MB goal, 0 MB stacks, 0 MB globals, 8 P
gc 4548 @339.849s 0%: 0.046+0.67+0.003 ms clock, 0.37+0.10/1.1/2.4+0.030 ms cpu, 3->4->2 MB, 4 MB goal, 0 MB stacks, 0 MB globals, 8 P
gc 4549 @339.925s 0%: 0.039+0.80+0.008 ms clock, 0.31+0.035/1.2/2.4+0.066 ms cpu, 4->4->1 MB, 4 MB goal, 0 MB stacks, 0 MB globals, 8 P
gc 4550 @340.006s 0%: 0.033+0.90+0.021 ms clock, 0.26+0.025/1.4/3.0+0.17 ms cpu, 3->4->2 MB, 4 MB goal, 0 MB stacks, 0 MB globals, 8 P
gc 4551 @340.064s 0%: 0.048+1.2+0.004 ms clock, 0.38+0.036/2.3/4.2+0.035 ms cpu, 4->4->2 MB, 4 MB goal, 0 MB stacks, 0 MB globals, 8 P
gc 4552 @340.144s 0%: 0.052+1.0+0.011 ms clock, 0.41+0.035/1.8/4.4+0.088 ms cpu, 4->4->1 MB, 5 MB goal, 0 MB stacks, 0 MB globals, 8 P
gc 4553 @340.220s 0%: 0.046+0.87+0.011 ms clock, 0.37+0.036/1.5/3.4+0.088 ms cpu, 4->4->2 MB, 4 MB goal, 0 MB stacks, 0 MB globals, 8 P
gc 4554 @340.290s 0%: 0.035+0.88+0.013 ms clock, 0.28+0.034/1.5/3.5+0.10 ms cpu, 4->4->2 MB, 4 MB goal, 0 MB stacks, 0 MB globals, 8 P
gc 4555 @340.368s 0%: 0.048+0.74+0.003 ms clock, 0.38+0.039/1.2/2.9+0.029 ms cpu, 4->4->1 MB, 4 MB goal, 0 MB stacks, 0 MB globals, 8 P
gc 4556 @340.438s 0%: 0.046+0.86+0.022 ms clock, 0.36+0.037/1.5/3.2+0.17 ms cpu, 3->4->2 MB, 4 MB goal, 0 MB stacks, 0 MB globals, 8 P
gc 4557 @340.515s 0%: 0.045+0.84+0.005 ms clock, 0.36+0.036/1.4/3.1+0.046 ms cpu, 4->4->2 MB, 4 MB goal, 0 MB stacks, 0 MB globals, 8 P
gc 4558 @340.601s 0%: 0.052+0.95+0.003 ms clock, 0.41+0.047/1.7/3.7+0.030 ms cpu, 4->4->1 MB, 4 MB goal, 0 MB stacks, 0 MB globals, 8 P
gc 4559 @340.670s 0%: 0.040+0.94+0.021 ms clock, 0.32+0.036/1.6/4.1+0.17 ms cpu, 3->4->2 MB, 4 MB goal, 0 MB stacks, 0 MB globals, 8 P
gc 4560 @340.705s 0%: 0.050+1.0+0.012 ms clock, 0.40+0.041/1.7/4.6+0.098 ms cpu, 4->4->2 MB, 4 MB goal, 0 MB stacks, 0 MB globals, 8 P
gc 4561 @340.783s 0%: 0.040+0.98+0.017 ms clock, 0.32+0.037/1.6/3.6+0.14 ms cpu, 4->4->2 MB, 4 MB goal, 0 MB stacks, 0 MB globals, 8 P
gc 4562 @340.857s 0%: 0.048+0.95+0.041 ms clock, 0.38+0.036/1.6/3.9+0.33 ms cpu, 4->4->2 MB, 4 MB goal, 0 MB stacks, 0 MB globals, 8 P
gc 4563 @340.930s 0%: 0.041+0.81+0.031 ms clock, 0.33+0.038/1.3/2.7+0.25 ms cpu, 4->4->1 MB, 5 MB goal, 0 MB stacks, 0 MB globals, 8 P
gc 4564 @341.002s 0%: 0.040+0.68+0.003 ms clock, 0.32+0.040/1.2/2.1+0.024 ms cpu, 4->4->2 MB, 4 MB goal, 0 MB stacks, 0 MB globals, 8 P
gc 4565 @341.081s 0%: 0.042+0.80+0.026 ms clock, 0.33+0.035/1.4/3.1+0.21 ms cpu, 4->4->2 MB, 4 MB goal, 0 MB stacks, 0 MB globals, 8 P
gc 4566 @341.138s 0%: 0.046+1.0+0.003 ms clock, 0.37+0.039/1.8/3.9+0.028 ms cpu, 4->4->2 MB, 4 MB goal, 0 MB stacks, 0 MB globals, 8 P
gc 4567 @341.215s 0%: 0.054+0.79+0.003 ms clock, 0.43+0.036/1.4/3.0+0.026 ms cpu, 4->4->1 MB, 5 MB goal, 0 MB stacks, 0 MB globals, 8 P
gc 4568 @341.287s 0%: 0.033+0.77+0.017 ms clock, 0.26+0.033/1.2/2.9+0.13 ms cpu, 4->4->1 MB, 4 MB goal, 0 MB stacks, 0 MB globals, 8 P
gc 4569 @341.366s 0%: 0.046+0.98+0.035 ms clock, 0.37+0.039/1.5/3.4+0.28 ms cpu, 3->4->2 MB, 4 MB goal, 0 MB stacks, 0 MB globals, 8 P
gc 4570 @341.449s 0%: 0.039+0.99+0.006 ms clock, 0.31+0.032/1.8/4.3+0.048 ms cpu, 4->4->1 MB, 5 MB goal, 0 MB stacks, 0 MB globals, 8 P
gc 4571 @341.515s 0%: 0.052+2.1+0.030 ms clock, 0.42+0.036/1.1/0.10+0.24 ms cpu, 3->3->1 MB, 4 MB goal, 0 MB stacks, 0 MB globals, 8 P
gc 4572 @341.578s 0%: 0.036+1.0+0.005 ms clock, 0.28+0.041/1.8/3.8+0.047 ms cpu, 3->4->2 MB, 4 MB goal, 0 MB stacks, 0 MB globals, 8 P
gc 4573 @341.655s 0%: 0.040+0.89+0.007 ms clock, 0.32+0.034/1.5/3.4+0.059 ms cpu, 4->4->2 MB, 5 MB goal, 0 MB stacks, 0 MB globals, 8 P
gc 4574 @341.693s 0%: 0.10+0.99+0.003 ms clock, 0.81+0.087/1.8/4.0+0.027 ms cpu, 4->4->2 MB, 4 MB goal, 0 MB stacks, 0 MB globals, 8 P
gc 4575 @341.766s 0%: 0.053+0.62+0.040 ms clock, 0.42+0.047/1.0/2.0+0.32 ms cpu, 4->4->1 MB, 5 MB goal, 0 MB stacks, 0 MB globals, 8 P
gc 4576 @341.837s 0%: 0.042+1.0+0.019 ms clock, 0.33+0.036/1.7/3.7+0.15 ms cpu, 3->4->2 MB, 4 MB goal, 0 MB stacks, 0 MB globals, 8 P
gc 4577 @341.921s 0%: 0.036+0.77+0.010 ms clock, 0.29+0.034/1.3/2.6+0.083 ms cpu, 4->4->1 MB, 5 MB goal, 0 MB stacks, 0 MB globals, 8 P
gc 4578 @341.998s 0%: 0.033+0.95+0.003 ms clock, 0.26+0.034/1.8/4.2+0.025 ms cpu, 4->4->1 MB, 4 MB goal, 0 MB stacks, 0 MB globals, 8 P
gc 4579 @342.070s 0%: 0.035+0.65+0.014 ms clock, 0.28+0.033/1.1/2.4+0.11 ms cpu, 3->3->1 MB, 4 MB goal, 0 MB stacks, 0 MB globals, 8 P
gc 4580 @342.143s 0%: 0.056+0.88+0.003 ms clock, 0.44+0.038/1.6/3.8+0.030 ms cpu, 3->4->2 MB, 4 MB goal, 0 MB stacks, 0 MB globals, 8 P
gc 4581 @342.217s 0%: 0.038+0.79+0.003 ms clock, 0.31+0.035/1.3/2.5+0.028 ms cpu, 4->4->1 MB, 4 MB goal, 0 MB stacks, 0 MB globals, 8 P
gc 4582 @342.294s 0%: 0.045+0.74+0.024 ms clock, 0.36+0.038/1.2/2.6+0.19 ms cpu, 3->4->1 MB, 4 MB goal, 0 MB stacks, 0 MB globals, 8 P
gc 4583 @342.367s 0%: 0.039+0.77+0.017 ms clock, 0.31+0.098/1.3/2.8+0.14 ms cpu, 3->4->1 MB, 4 MB goal, 0 MB stacks, 0 MB globals, 8 P
gc 4584 @342.446s 0%: 0.040+0.75+0.027 ms clock, 0.32+0.036/1.3/3.3+0.22 ms cpu, 4->4->1 MB, 4 MB goal, 0 MB stacks, 0 MB globals, 8 P
gc 4585 @342.519s 0%: 0.039+0.80+0.013 ms clock, 0.31+0.038/1.2/2.9+0.10 ms cpu, 3->4->1 MB, 4 MB goal, 0 MB stacks, 0 MB globals, 8 P
gc 4586 @342.584s 0%: 0.038+1.1+0.010 ms clock, 0.30+0.040/1.6/0.15+0.083 ms cpu, 3->4->1 MB, 4 MB goal, 0 MB stacks, 0 MB globals, 8 P
gc 4587 @342.659s 0%: 0.042+0.84+0.004 ms clock, 0.34+0.036/1.4/3.3+0.034 ms cpu, 3->4->1 MB, 4 MB goal, 0 MB stacks, 0 MB globals, 8 P
gc 4588 @342.697s 0%: 0.060+0.71+0.003 ms clock, 0.48+0.17/1.2/2.8+0.030 ms cpu, 4->4->2 MB, 4 MB goal, 0 MB stacks, 0 MB globals, 8 P
gc 4589 @342.768s 0%: 0.042+0.82+0.016 ms clock, 0.33+0.039/1.3/2.8+0.13 ms cpu, 4->4->2 MB, 5 MB goal, 0 MB stacks, 0 MB globals, 8 P
gc 4590 @342.849s 0%: 0.050+0.79+0.008 ms clock, 0.40+0.047/1.3/2.7+0.071 ms cpu, 4->4->1 MB, 4 MB goal, 0 MB stacks, 0 MB globals, 8 P
gc 4591 @342.927s 0%: 0.039+1.1+0.016 ms clock, 0.31+0.033/1.9/4.3+0.12 ms cpu, 3->4->2 MB, 4 MB goal, 0 MB stacks, 0 MB globals, 8 P
gc 4592 @343.010s 0%: 0.041+0.67+0.023 ms clock, 0.33+0.035/1.1/2.3+0.18 ms cpu, 4->4->1 MB, 4 MB goal, 0 MB stacks, 0 MB globals, 8 P
gc 4593 @343.078s 0%: 0.049+0.92+0.005 ms clock, 0.39+0.033/1.6/3.9+0.047 ms cpu, 3->4->2 MB, 4 MB goal, 0 MB stacks, 0 MB globals, 8 P
gc 4594 @343.153s 0%: 0.040+0.74+0.019 ms clock, 0.32+0.035/1.2/2.8+0.15 ms cpu, 4->4->1 MB, 4 MB goal, 0 MB stacks, 0 MB globals, 8 P
gc 4595 @343.225s 0%: 0.046+0.78+0.028 ms clock, 0.37+0.035/1.2/2.8+0.22 ms cpu, 3->4->1 MB, 4 MB goal, 0 MB stacks, 0 MB globals, 8 P
gc 4596 @343.300s 0%: 0.039+1.1+0.014 ms clock, 0.31+0.034/2.0/4.6+0.11 ms cpu, 3->4->2 MB, 4 MB goal, 0 MB stacks, 0 MB globals, 8 P
gc 4597 @343.385s 0%: 0.052+1.0+0.003 ms clock, 0.42+0.034/1.8/4.0+0.028 ms cpu, 4->4->1 MB, 4 MB goal, 0 MB stacks, 0 MB globals, 8 P
gc 4598 @343.462s 0%: 0.038+1.0+0.018 ms clock, 0.30+0.035/1.7/3.9+0.14 ms cpu, 3->4->2 MB, 4 MB goal, 0 MB stacks, 0 MB globals, 8 P
gc 4599 @343.535s 0%: 0.041+0.83+0.021 ms clock, 0.32+0.035/1.4/3.4+0.17 ms cpu, 4->4->1 MB, 4 MB goal, 0 MB stacks, 0 MB globals, 8 P
gc 4600 @343.614s 0%: 0.048+1.0+0.007 ms clock, 0.38+0.040/1.8/3.9+0.061 ms cpu, 4->4->1 MB, 4 MB goal, 0 MB stacks, 0 MB globals, 8 P
gc 4601 @343.694s 0%: 0.043+0.93+0.022 ms clock, 0.35+0.037/1.4/3.5+0.17 ms cpu, 4->4->1 MB, 4 MB goal, 0 MB stacks, 0 MB globals, 8 P
gc 4602 @343.728s 0%: 0.047+0.88+0.008 ms clock, 0.38+0.035/1.6/3.5+0.068 ms cpu, 3->3->2 MB, 4 MB goal, 0 MB stacks, 0 MB globals, 8 P
gc 4603 @343.816s 0%: 0.039+0.97+0.010 ms clock, 0.31+0.037/1.7/3.7+0.082 ms cpu, 4->4->1 MB, 5 MB goal, 0 MB stacks, 0 MB globals, 8 P
gc 4604 @343.894s 0%: 0.048+0.78+0.007 ms clock, 0.38+0.035/1.1/2.5+0.059 ms cpu, 4->4->1 MB, 4 MB goal, 0 MB stacks, 0 MB globals, 8 P
gc 4605 @343.967s 0%: 0.047+1.0+0.004 ms clock, 0.37+0.036/1.8/4.3+0.037 ms cpu, 4->4->1 MB, 4 MB goal, 0 MB stacks, 0 MB globals, 8 P
gc 4606 @344.029s 0%: 0.037+1.1+0.004 ms clock, 0.30+0.035/2.1/5.0+0.032 ms cpu, 3->4->2 MB, 4 MB goal, 0 MB stacks, 0 MB globals, 8 P
gc 4607 @344.104s 0%: 0.041+0.75+0.002 ms clock, 0.33+0.034/1.3/3.3+0.023 ms cpu, 4->4->2 MB, 4 MB goal, 0 MB stacks, 0 MB globals, 8 P
gc 4608 @344.183s 0%: 0.047+0.82+0.024 ms clock, 0.37+0.035/1.4/3.1+0.19 ms cpu, 4->4->1 MB, 4 MB goal, 0 MB stacks, 0 MB globals, 8 P
gc 4609 @344.264s 0%: 0.043+0.86+0.003 ms clock, 0.34+0.031/1.4/3.8+0.029 ms cpu, 3->4->1 MB, 4 MB goal, 0 MB stacks, 0 MB globals, 8 P
gc 4610 @344.342s 0%: 0.035+0.88+0.003 ms clock, 0.28+0.033/1.5/3.6+0.030 ms cpu, 3->4->2 MB, 4 MB goal, 0 MB stacks, 0 MB globals, 8 P
gc 4611 @344.428s 0%: 0.038+0.73+0.003 ms clock, 0.30+0.035/1.3/3.0+0.026 ms cpu, 4->4->1 MB, 4 MB goal, 0 MB stacks, 0 MB globals, 8 P
gc 4612 @344.491s 0%: 0.037+0.90+0.003 ms clock, 0.29+0.038/1.6/3.6+0.024 ms cpu, 4->4->1 MB, 4 MB goal, 0 MB stacks, 0 MB globals, 8 P
gc 4613 @344.566s 0%: 0.041+0.87+0.025 ms clock, 0.33+0.035/1.4/3.0+0.20 ms cpu, 3->4->2 MB, 4 MB goal, 0 MB stacks, 0 MB globals, 8 P
gc 4614 @344.649s 0%: 0.042+0.93+0.007 ms clock, 0.33+0.035/1.6/3.8+0.060 ms cpu, 4->4->1 MB, 5 MB goal, 0 MB stacks, 0 MB globals, 8 P
gc 4615 @344.704s 0%: 0.10+0.78+0.005 ms clock, 0.85+1.5/1.4/0.87+0.047 ms cpu, 3->4->2 MB, 4 MB goal, 0 MB stacks, 0 MB globals, 8 P
gc 4616 @344.780s 0%: 0.043+0.74+0.026 ms clock, 0.34+0.034/1.3/3.0+0.21 ms cpu, 4->4->1 MB, 5 MB goal, 0 MB stacks, 0 MB globals, 8 P
gc 4617 @344.852s 0%: 0.039+0.73+0.004 ms clock, 0.31+0.033/1.2/2.5+0.034 ms cpu, 3->4->1 MB, 4 MB goal, 0 MB stacks, 0 MB globals, 8 P
gc 4618 @344.924s 0%: 0.044+0.64+0.004 ms clock, 0.35+0.036/1.0/2.4+0.035 ms cpu, 3->4->1 MB, 4 MB goal, 0 MB stacks, 0 MB globals, 8 P
gc 4619 @344.995s 0%: 0.036+1.0+0.019 ms clock, 0.28+0.032/1.8/3.6+0.15 ms cpu, 4->4->2 MB, 4 MB goal, 0 MB stacks, 0 MB globals, 8 P
gc 4620 @345.043s 0%: 0.040+1.0+0.024 ms clock, 0.32+0.035/1.8/4.0+0.19 ms cpu, 4->4->2 MB, 5 MB goal, 0 MB stacks, 0 MB globals, 8 P
gc 4621 @345.122s 0%: 0.072+1.0+0.041 ms clock, 0.58+0.068/1.8/2.5+0.33 ms cpu, 4->4->1 MB, 4 MB goal, 0 MB stacks, 0 MB globals, 8 P
gc 4622 @345.187s 0%: 0.039+0.63+0.004 ms clock, 0.31+0.029/1.0/2.3+0.036 ms cpu, 4->4->2 MB, 4 MB goal, 0 MB stacks, 0 MB globals, 8 P
gc 4623 @345.260s 0%: 0.041+0.84+0.016 ms clock, 0.33+0.036/1.4/2.6+0.13 ms cpu, 4->4->2 MB, 4 MB goal, 0 MB stacks, 0 MB globals, 8 P
gc 4624 @345.344s 0%: 0.040+0.89+0.014 ms clock, 0.32+0.036/1.4/2.4+0.11 ms cpu, 4->4->1 MB, 4 MB goal, 0 MB stacks, 0 MB globals, 8 P
gc 4625 @345.425s 0%: 0.040+0.95+0.015 ms clock, 0.32+0.033/1.6/3.9+0.12 ms cpu, 4->4->1 MB, 4 MB goal, 0 MB stacks, 0 MB globals, 8 P
gc 4626 @345.500s 0%: 0.040+1.0+0.004 ms clock, 0.32+0.033/1.7/4.2+0.032 ms cpu, 4->4->2 MB, 4 MB goal, 0 MB stacks, 0 MB globals, 8 P
gc 4627 @345.582s 0%: 0.041+0.79+0.007 ms clock, 0.32+0.035/1.4/3.1+0.059 ms cpu, 4->4->1 MB, 5 MB goal, 0 MB stacks, 0 MB globals, 8 P
gc 4628 @345.657s 0%: 0.036+0.99+0.022 ms clock, 0.28+0.036/1.7/4.0+0.18 ms cpu, 3->4->2 MB, 4 MB goal, 0 MB stacks, 0 MB globals, 8 P
gc 4629 @345.707s 0%: 0.13+0.86+0.037 ms clock, 1.0+1.3/1.2/0+0.30 ms cpu, 4->4->2 MB, 4 MB goal, 0 MB stacks, 0 MB globals, 8 P
gc 4630 @345.792s 0%: 0.042+1.1+0.047 ms clock, 0.33+0.035/2.0/5.2+0.38 ms cpu, 4->4->2 MB, 5 MB goal, 0 MB stacks, 0 MB globals, 8 P
gc 4631 @345.880s 0%: 0.039+0.92+0.006 ms clock, 0.31+0.035/1.6/3.9+0.053 ms cpu, 4->4->1 MB, 5 MB goal, 0 MB stacks, 0 MB globals, 8 P
gc 4632 @345.951s 0%: 0.049+0.72+0.022 ms clock, 0.39+0.036/1.0/2.4+0.18 ms cpu, 3->4->1 MB, 4 MB goal, 0 MB stacks, 0 MB globals, 8 P
gc 4633 @346.024s 0%: 0.044+1.0+0.003 ms clock, 0.35+0.034/1.9/4.7+0.027 ms cpu, 3->4->2 MB, 4 MB goal, 0 MB stacks, 0 MB globals, 8 P
gc 4634 @346.103s 0%: 0.039+0.73+0.029 ms clock, 0.31+0.031/1.1/2.0+0.23 ms cpu, 4->4->1 MB, 5 MB goal, 0 MB stacks, 0 MB globals, 8 P
gc 4635 @346.181s 0%: 0.044+1.0+0.003 ms clock, 0.35+0.034/1.8/4.5+0.027 ms cpu, 3->4->2 MB, 4 MB goal, 0 MB stacks, 0 MB globals, 8 P
gc 4636 @346.265s 0%: 0.044+0.91+0.019 ms clock, 0.35+0.034/1.7/3.7+0.15 ms cpu, 4->4->1 MB, 4 MB goal, 0 MB stacks, 0 MB globals, 8 P
gc 4637 @346.342s 0%: 0.035+0.72+0.002 ms clock, 0.28+0.029/1.3/2.8+0.023 ms cpu, 4->4->1 MB, 4 MB goal, 0 MB stacks, 0 MB globals, 8 P
gc 4638 @346.417s 0%: 0.043+0.75+0.016 ms clock, 0.34+0.031/1.2/2.4+0.13 ms cpu, 3->4->1 MB, 4 MB goal, 0 MB stacks, 0 MB globals, 8 P
gc 4639 @346.495s 0%: 0.040+0.92+0.003 ms clock, 0.32+0.039/1.4/3.6+0.024 ms cpu, 3->4->1 MB, 4 MB goal, 0 MB stacks, 0 MB globals, 8 P
gc 4640 @346.571s 0%: 0.036+0.84+0.011 ms clock, 0.28+0.033/1.4/3.2+0.094 ms cpu, 3->4->2 MB, 4 MB goal, 0 MB stacks, 0 MB globals, 8 P
gc 4641 @346.654s 0%: 0.035+0.98+0.010 ms clock, 0.28+0.033/1.7/3.9+0.084 ms cpu, 4->4->2 MB, 4 MB goal, 0 MB stacks, 0 MB globals, 8 P
gc 4642 @346.711s 0%: 0.12+0.91+0.003 ms clock, 0.96+2.3/1.6/0.36+0.028 ms cpu, 4->4->2 MB, 4 MB goal, 0 MB stacks, 0 MB globals, 8 P
gc 4643 @346.783s 0%: 0.037+0.91+0.023 ms clock, 0.30+0.046/1.5/3.7+0.18 ms cpu, 4->4->2 MB, 5 MB goal, 0 MB stacks, 0 MB globals, 8 P
gc 4644 @346.860s 0%: 0.040+0.90+0.014 ms clock, 0.32+0.035/1.5/3.5+0.11 ms cpu, 4->4->1 MB, 4 MB goal, 0 MB stacks, 0 MB globals, 8 P
gc 4645 @346.937s 0%: 0.048+1.1+0.009 ms clock, 0.38+0.038/1.8/4.4+0.073 ms cpu, 4->4->1 MB, 4 MB goal, 0 MB stacks, 0 MB globals, 8 P
gc 4646 @347.012s 0%: 0.039+0.78+0.006 ms clock, 0.31+0.034/1.1/2.6+0.051 ms cpu, 4->4->1 MB, 4 MB goal, 0 MB stacks, 0 MB globals, 8 P
gc 4647 @347.081s 0%: 0.039+0.74+0.003 ms clock, 0.31+0.036/1.3/2.7+0.028 ms cpu, 3->4->2 MB, 4 MB goal, 0 MB stacks, 0 MB globals, 8 P
gc 4648 @347.164s 0%: 0.042+0.95+0.005 ms clock, 0.33+0.045/1.6/3.8+0.040 ms cpu, 4->4->1 MB, 4 MB goal, 0 MB stacks, 0 MB globals, 8 P
gc 4649 @347.241s 0%: 0.026+0.84+0.006 ms clock, 0.21+0.035/1.4/3.0+0.051 ms cpu, 3->4->2 MB, 4 MB goal, 0 MB stacks, 0 MB globals, 8 P
gc 4650 @347.324s 0%: 0.042+1.0+0.018 ms clock, 0.34+0.035/1.8/4.1+0.15 ms cpu, 4->4->1 MB, 5 MB goal, 0 MB stacks, 0 MB globals, 8 P
gc 4651 @347.407s 0%: 0.039+0.95+0.004 ms clock, 0.31+0.034/1.7/4.0+0.034 ms cpu, 3->4->1 MB, 4 MB goal, 0 MB stacks, 0 MB globals, 8 P
gc 4652 @347.484s 0%: 0.041+0.89+0.003 ms clock, 0.33+0.043/1.6/3.3+0.028 ms cpu, 3->4->1 MB, 4 MB goal, 0 MB stacks, 0 MB globals, 8 P
gc 4653 @347.562s 0%: 0.041+1.0+0.008 ms clock, 0.33+0.036/1.8/4.1+0.066 ms cpu, 4->4->1 MB, 4 MB goal, 0 MB stacks, 0 MB globals, 8 P
gc 4654 @347.641s 0%: 0.036+0.80+0.026 ms clock, 0.28+0.037/1.3/3.0+0.21 ms cpu, 4->4->1 MB, 4 MB goal, 0 MB stacks, 0 MB globals, 8 P
gc 4655 @347.715s 0%: 0.12+0.87+0.003 ms clock, 0.97+1.5/1.5/0.25+0.027 ms cpu, 4->4->2 MB, 4 MB goal, 0 MB stacks, 0 MB globals, 8 P
gc 4656 @347.796s 0%: 0.032+0.77+0.027 ms clock, 0.25+0.038/1.2/2.6+0.21 ms cpu, 4->4->2 MB, 5 MB goal, 0 MB stacks, 0 MB globals, 8 P
gc 4657 @347.872s 0%: 0.038+0.82+0.003 ms clock, 0.31+0.033/1.5/3.2+0.027 ms cpu, 4->4->1 MB, 4 MB goal, 0 MB stacks, 0 MB globals, 8 P
gc 4658 @347.938s 0%: 0.035+0.89+0.023 ms clock, 0.28+0.037/1.6/3.7+0.18 ms cpu, 3->3->1 MB, 4 MB goal, 0 MB stacks, 0 MB globals, 8 P
gc 4659 @348.007s 0%: 0.039+0.82+0.004 ms clock, 0.31+0.48/1.3/2.2+0.034 ms cpu, 3->4->1 MB, 4 MB goal, 0 MB stacks, 0 MB globals, 8 P
gc 4660 @348.082s 0%: 0.039+0.88+0.004 ms clock, 0.31+0.033/1.5/3.2+0.037 ms cpu, 4->4->1 MB, 4 MB goal, 0 MB stacks, 0 MB globals, 8 P
gc 4661 @348.152s 0%: 0.032+0.87+0.035 ms clock, 0.26+0.035/1.5/3.2+0.28 ms cpu, 3->4->2 MB, 4 MB goal, 0 MB stacks, 0 MB globals, 8 P
gc 4662 @348.231s 0%: 0.042+0.73+0.004 ms clock, 0.34+0.035/1.2/2.5+0.035 ms cpu, 4->4->1 MB, 4 MB goal, 0 MB stacks, 0 MB globals, 8 P
gc 4663 @348.303s 0%: 0.047+0.80+0.005 ms clock, 0.38+0.046/1.2/2.5+0.043 ms cpu, 3->4->1 MB, 4 MB goal, 0 MB stacks, 0 MB globals, 8 P
gc 4664 @348.376s 0%: 0.048+1.0+0.004 ms clock, 0.39+0.034/1.8/3.6+0.036 ms cpu, 4->4->1 MB, 4 MB goal, 0 MB stacks, 0 MB globals, 8 P
gc 4665 @348.456s 0%: 0.050+0.89+0.003 ms clock, 0.40+0.036/1.6/3.5+0.026 ms cpu, 4->4->2 MB, 4 MB goal, 0 MB stacks, 0 MB globals, 8 P
gc 4666 @348.533s 0%: 0.035+0.81+0.016 ms clock, 0.28+0.031/1.3/3.1+0.12 ms cpu, 4->4->1 MB, 4 MB goal, 0 MB stacks, 0 MB globals, 8 P
gc 4667 @348.598s 0%: 0.044+0.94+0.021 ms clock, 0.35+0.036/1.5/3.5+0.17 ms cpu, 3->3->1 MB, 4 MB goal, 0 MB stacks, 0 MB globals, 8 P
gc 4668 @348.669s 0%: 0.047+0.81+0.010 ms clock, 0.38+0.035/1.2/2.8+0.080 ms cpu, 3->4->1 MB, 4 MB goal, 0 MB stacks, 0 MB globals, 8 P
gc 4669 @348.720s 0%: 0.13+0.90+0.017 ms clock, 1.0+1.6/1.7/1.2+0.13 ms cpu, 4->4->2 MB, 4 MB goal, 0 MB stacks, 0 MB globals, 8 P
gc 4670 @348.791s 0%: 0.035+0.82+0.014 ms clock, 0.28+0.031/1.3/2.9+0.11 ms cpu, 4->4->2 MB, 5 MB goal, 0 MB stacks, 0 MB globals, 8 P
gc 4671 @348.868s 0%: 0.038+0.95+0.004 ms clock, 0.31+0.038/1.7/3.9+0.032 ms cpu, 4->4->2 MB, 4 MB goal, 0 MB stacks, 0 MB globals, 8 P
gc 4672 @348.945s 0%: 0.052+0.84+0.005 ms clock, 0.42+0.043/1.4/2.1+0.047 ms cpu, 4->4->1 MB, 4 MB goal, 0 MB stacks, 0 MB globals, 8 P
gc 4673 @349.014s 0%: 0.055+0.92+0.003 ms clock, 0.44+0.038/1.6/3.7+0.028 ms cpu, 3->4->1 MB, 4 MB goal, 0 MB stacks, 0 MB globals, 8 P
gc 4674 @349.082s 0%: 0.048+1.0+0.025 ms clock, 0.38+0.035/1.7/3.8+0.20 ms cpu, 3->4->1 MB, 4 MB goal, 0 MB stacks, 0 MB globals, 8 P
gc 4675 @349.158s 0%: 0.041+0.91+0.005 ms clock, 0.33+0.037/1.4/3.3+0.042 ms cpu, 4->4->1 MB, 4 MB goal, 0 MB stacks, 0 MB globals, 8 P
gc 4676 @349.228s 0%: 0.033+1.0+0.014 ms clock, 0.26+0.039/1.9/4.1+0.11 ms cpu, 4->4->2 MB, 4 MB goal, 0 MB stacks, 0 MB globals, 8 P
gc 4677 @349.306s 0%: 0.046+0.92+0.003 ms clock, 0.37+0.036/1.7/3.4+0.030 ms cpu, 4->4->1 MB, 4 MB goal, 0 MB stacks, 0 MB globals, 8 P
gc 4678 @349.383s 0%: 0.035+1.0+0.003 ms clock, 0.28+0.035/1.9/4.4+0.028 ms cpu, 4->4->1 MB, 4 MB goal, 0 MB stacks, 0 MB globals, 8 P
gc 4679 @349.458s 0%: 0.050+1.1+0.029 ms clock, 0.40+0.035/2.0/4.5+0.23 ms cpu, 4->4->2 MB, 4 MB goal, 0 MB stacks, 0 MB globals, 8 P
gc 4680 @349.537s 0%: 0.035+0.73+0.034 ms clock, 0.28+0.034/1.2/2.3+0.27 ms cpu, 4->4->2 MB, 4 MB goal, 0 MB stacks, 0 MB globals, 8 P
gc 4681 @349.609s 0%: 0.043+0.78+0.037 ms clock, 0.35+0.037/1.3/2.5+0.30 ms cpu, 4->4->1 MB, 5 MB goal, 0 MB stacks, 0 MB globals, 8 P
gc 4682 @349.679s 0%: 0.043+1.0+0.027 ms clock, 0.34+0.046/1.7/4.1+0.22 ms cpu, 4->4->2 MB, 4 MB goal, 0 MB stacks, 0 MB globals, 8 P
gc 4683 @349.724s 0%: 0.17+0.78+0.004 ms clock, 1.4+1.0/1.2/0.77+0.037 ms cpu, 4->4->2 MB, 5 MB goal, 0 MB stacks, 0 MB globals, 8 P
gc 4684 @349.805s 0%: 0.034+0.88+0.008 ms clock, 0.27+0.032/1.5/3.2+0.065 ms cpu, 4->4->2 MB, 5 MB goal, 0 MB stacks, 0 MB globals, 8 P
gc 4685 @349.883s 0%: 0.049+0.73+0.002 ms clock, 0.39+0.047/1.4/3.2+0.023 ms cpu, 4->4->1 MB, 4 MB goal, 0 MB stacks, 0 MB globals, 8 P
gc 4686 @349.966s 0%: 0.069+0.82+0.014 ms clock, 0.55+0.040/1.2/2.6+0.11 ms cpu, 3->4->1 MB, 4 MB goal, 0 MB stacks, 0 MB globals, 8 P
gc 4687 @350.019s 0%: 0.038+0.94+0.003 ms clock, 0.31+0.036/1.6/3.9+0.028 ms cpu, 4->4->1 MB, 4 MB goal, 0 MB stacks, 0 MB globals, 8 P
gc 4688 @350.099s 0%: 0.037+1.0+0.019 ms clock, 0.30+0.036/1.7/4.3+0.15 ms cpu, 4->4->1 MB, 4 MB goal, 0 MB stacks, 0 MB globals, 8 P
gc 4689 @350.168s 0%: 0.045+0.88+0.006 ms clock, 0.36+0.039/1.5/3.2+0.051 ms cpu, 4->4->1 MB, 4 MB goal, 0 MB stacks, 0 MB globals, 8 P
gc 4690 @350.251s 0%: 0.050+0.97+0.029 ms clock, 0.40+0.038/1.7/3.8+0.23 ms cpu, 4->4->1 MB, 4 MB goal, 0 MB stacks, 0 MB globals, 8 P
gc 4691 @350.317s 0%: 0.036+0.79+0.021 ms clock, 0.28+0.034/1.3/2.9+0.17 ms cpu, 3->4->1 MB, 4 MB goal, 0 MB stacks, 0 MB globals, 8 P
gc 4692 @350.405s 0%: 0.039+0.72+0.016 ms clock, 0.31+0.036/1.2/2.4+0.13 ms cpu, 4->4->1 MB, 4 MB goal, 0 MB stacks, 0 MB globals, 8 P
gc 4693 @350.470s 0%: 0.042+0.79+0.003 ms clock, 0.33+0.036/1.4/3.1+0.025 ms cpu, 3->3->1 MB, 4 MB goal, 0 MB stacks, 0 MB globals, 8 P
gc 4694 @350.549s 0%: 0.032+0.80+0.011 ms clock, 0.26+0.030/1.3/2.9+0.094 ms cpu, 3->4->1 MB, 4 MB goal, 0 MB stacks, 0 MB globals, 8 P
gc 4695 @350.620s 0%: 0.039+0.81+0.003 ms clock, 0.31+0.035/1.3/2.5+0.030 ms cpu, 4->4->1 MB, 4 MB goal, 0 MB stacks, 0 MB globals, 8 P
gc 4696 @350.696s 0%: 0.040+0.93+0.008 ms clock, 0.32+0.034/1.6/3.8+0.067 ms cpu, 3->4->1 MB, 4 MB goal, 0 MB stacks, 0 MB globals, 8 P
gc 4697 @350.731s 0%: 0.054+0.93+0.011 ms clock, 0.43+0.035/1.7/3.7+0.090 ms cpu, 3->4->2 MB, 4 MB goal, 0 MB stacks, 0 MB globals, 8 P
gc 4698 @350.817s 0%: 0.044+1.0+0.022 ms clock, 0.35+0.039/1.8/3.7+0.18 ms cpu, 4->4->1 MB, 5 MB goal, 0 MB stacks, 0 MB globals, 8 P
gc 4699 @350.892s 0%: 0.040+0.89+0.011 ms clock, 0.32+0.035/1.4/2.9+0.095 ms cpu, 3->4->1 MB, 4 MB goal, 0 MB stacks, 0 MB globals, 8 P
gc 4700 @350.970s 0%: 0.041+1.0+0.010 ms clock, 0.33+0.034/1.9/4.4+0.086 ms cpu, 3->4->1 MB, 4 MB goal, 0 MB stacks, 0 MB globals, 8 P
gc 4701 @351.043s 0%: 0.046+0.70+0.004 ms clock, 0.37+0.033/1.3/2.5+0.038 ms cpu, 4->4->1 MB, 4 MB goal, 0 MB stacks, 0 MB globals, 8 P
gc 4702 @351.115s 0%: 0.046+0.90+0.038 ms clock, 0.37+0.044/1.4/3.2+0.31 ms cpu, 3->4->2 MB, 4 MB goal, 0 MB stacks, 0 MB globals, 8 P
gc 4703 @351.186s 0%: 0.048+0.83+0.038 ms clock, 0.38+0.035/1.4/3.0+0.31 ms cpu, 4->4->1 MB, 5 MB goal, 0 MB stacks, 0 MB globals, 8 P
gc 4704 @351.249s 0%: 0.040+0.92+0.026 ms clock, 0.32+0.035/1.5/3.2+0.21 ms cpu, 3->4->2 MB, 4 MB goal, 0 MB stacks, 0 MB globals, 8 P
gc 4705 @351.324s 0%: 0.048+0.70+0.020 ms clock, 0.38+0.039/1.0/2.3+0.16 ms cpu, 4->4->1 MB, 4 MB goal, 0 MB stacks, 0 MB globals, 8 P
gc 4706 @351.388s 0%: 0.039+0.85+0.012 ms clock, 0.31+0.039/1.4/3.1+0.096 ms cpu, 3->4->1 MB, 4 MB goal, 0 MB stacks, 0 MB globals, 8 P
gc 4707 @351.467s 0%: 0.038+1.1+0.019 ms clock, 0.30+0.037/2.0/4.8+0.15 ms cpu, 3->4->2 MB, 4 MB goal, 0 MB stacks, 0 MB globals, 8 P
gc 4708 @351.545s 0%: 0.038+0.72+0.005 ms clock, 0.31+0.035/1.2/2.2+0.042 ms cpu, 4->4->1 MB, 5 MB goal, 0 MB stacks, 0 MB globals, 8 P
gc 4709 @351.629s 0%: 0.052+1.0+0.029 ms clock, 0.41+0.049/1.6/4.2+0.23 ms cpu, 3->4->1 MB, 4 MB goal, 0 MB stacks, 0 MB globals, 8 P
gc 4710 @351.694s 0%: 0.036+0.76+0.003 ms clock, 0.29+0.034/1.3/2.9+0.030 ms cpu, 3->4->1 MB, 4 MB goal, 0 MB stacks, 0 MB globals, 8 P
gc 4711 @351.732s 0%: 0.064+0.87+0.026 ms clock, 0.51+0.10/1.5/2.7+0.21 ms cpu, 4->4->2 MB, 4 MB goal, 0 MB stacks, 0 MB globals, 8 P
gc 4712 @351.810s 0%: 0.043+1.0+0.007 ms clock, 0.34+0.041/1.8/4.3+0.061 ms cpu, 4->4->2 MB, 5 MB goal, 0 MB stacks, 0 MB globals, 8 P
gc 4713 @351.895s 0%: 0.044+0.74+0.003 ms clock, 0.35+0.035/1.3/3.1+0.025 ms cpu, 4->4->1 MB, 5 MB goal, 0 MB stacks, 0 MB globals, 8 P
gc 4714 @351.963s 0%: 0.038+1.0+0.003 ms clock, 0.30+0.034/1.8/4.4+0.026 ms cpu, 3->4->2 MB, 4 MB goal, 0 MB stacks, 0 MB globals, 8 P
gc 4715 @352.045s 0%: 0.049+0.81+0.019 ms clock, 0.39+0.037/1.3/2.8+0.15 ms cpu, 4->4->2 MB, 5 MB goal, 0 MB stacks, 0 MB globals, 8 P
gc 4716 @352.129s 0%: 0.045+0.76+0.032 ms clock, 0.36+0.035/1.2/2.4+0.25 ms cpu, 4->4->1 MB, 4 MB goal, 0 MB stacks, 0 MB globals, 8 P
gc 4717 @352.206s 0%: 0.047+1.0+0.012 ms clock, 0.38+0.036/1.8/4.0+0.097 ms cpu, 4->4->2 MB, 4 MB goal, 0 MB stacks, 0 MB globals, 8 P
gc 4718 @352.288s 0%: 0.049+0.90+0.037 ms clock, 0.39+0.037/1.6/3.8+0.30 ms cpu, 4->4->2 MB, 5 MB goal, 0 MB stacks, 0 MB globals, 8 P
gc 4719 @352.361s 0%: 0.042+0.94+0.014 ms clock, 0.33+0.031/1.6/3.6+0.11 ms cpu, 4->4->1 MB, 4 MB goal, 0 MB stacks, 0 MB globals, 8 P
gc 4720 @352.437s 0%: 0.036+1.0+0.021 ms clock, 0.29+0.038/1.7/3.7+0.17 ms cpu, 3->4->2 MB, 4 MB goal, 0 MB stacks, 0 MB globals, 8 P
gc 4721 @352.527s 0%: 0.045+1.0+0.004 ms clock, 0.36+0.036/1.8/4.5+0.037 ms cpu, 4->4->2 MB, 5 MB goal, 0 MB stacks, 0 MB globals, 8 P
gc 4722 @352.605s 0%: 0.056+1.0+0.007 ms clock, 0.44+0.043/1.9/4.1+0.060 ms cpu, 4->4->1 MB, 4 MB goal, 0 MB stacks, 0 MB globals, 8 P
gc 4723 @352.687s 0%: 0.043+0.97+0.003 ms clock, 0.34+0.036/1.7/4.2+0.029 ms cpu, 3->4->2 MB, 4 MB goal, 0 MB stacks, 0 MB globals, 8 P
gc 4724 @352.736s 0%: 0.071+0.86+0.003 ms clock, 0.57+0.068/1.5/2.8+0.027 ms cpu, 4->4->2 MB, 4 MB goal, 0 MB stacks, 0 MB globals, 8 P
gc 4725 @352.808s 0%: 0.046+0.86+0.029 ms clock, 0.37+0.037/1.5/3.5+0.23 ms cpu, 4->4->1 MB, 4 MB goal, 0 MB stacks, 0 MB globals, 8 P
gc 4726 @352.882s 0%: 0.048+0.92+0.005 ms clock, 0.38+0.038/1.3/3.0+0.043 ms cpu, 3->4->1 MB, 4 MB goal, 0 MB stacks, 0 MB globals, 8 P
gc 4727 @352.958s 0%: 0.039+0.95+0.003 ms clock, 0.31+0.035/1.7/4.0+0.026 ms cpu, 3->4->1 MB, 4 MB goal, 0 MB stacks, 0 MB globals, 8 P
gc 4728 @353.040s 0%: 0.050+0.89+0.003 ms clock, 0.40+0.037/1.6/3.6+0.027 ms cpu, 3->4->1 MB, 4 MB goal, 0 MB stacks, 0 MB globals, 8 P
gc 4729 @353.108s 0%: 0.040+0.96+0.003 ms clock, 0.32+0.035/1.7/4.1+0.027 ms cpu, 3->4->2 MB, 4 MB goal, 0 MB stacks, 0 MB globals, 8 P
gc 4730 @353.190s 0%: 0.043+0.84+0.004 ms clock, 0.35+0.055/1.4/3.4+0.037 ms cpu, 4->4->1 MB, 4 MB goal, 0 MB stacks, 0 MB globals, 8 P
gc 4731 @353.263s 0%: 0.031+0.90+0.003 ms clock, 0.25+0.027/1.6/3.6+0.030 ms cpu, 3->4->1 MB, 4 MB goal, 0 MB stacks, 0 MB globals, 8 P
gc 4732 @353.340s 0%: 0.039+0.91+0.004 ms clock, 0.31+0.036/1.5/3.7+0.034 ms cpu, 3->4->1 MB, 4 MB goal, 0 MB stacks, 0 MB globals, 8 P
gc 4733 @353.417s 0%: 0.037+0.96+0.055 ms clock, 0.29+0.034/1.4/3.0+0.44 ms cpu, 3->4->2 MB, 4 MB goal, 0 MB stacks, 0 MB globals, 8 P
gc 4734 @353.487s 0%: 0.042+2.4+0.037 ms clock, 0.33+0.039/1.7/0.085+0.29 ms cpu, 4->4->2 MB, 4 MB goal, 0 MB stacks, 0 MB globals, 8 P
gc 4735 @353.554s 0%: 0.041+0.73+0.035 ms clock, 0.33+0.035/1.2/2.3+0.28 ms cpu, 4->4->2 MB, 4 MB goal, 0 MB stacks, 0 MB globals, 8 P
gc 4736 @353.636s 0%: 0.045+0.87+0.018 ms clock, 0.36+0.037/1.4/3.2+0.15 ms cpu, 4->4->1 MB, 4 MB goal, 0 MB stacks, 0 MB globals, 8 P
gc 4737 @353.713s 0%: 0.041+0.95+0.003 ms clock, 0.33+0.034/1.7/3.9+0.027 ms cpu, 3->4->2 MB, 4 MB goal, 0 MB stacks, 0 MB globals, 8 P
gc 4738 @353.748s 0%: 0.039+0.90+0.008 ms clock, 0.31+0.037/1.6/3.3+0.064 ms cpu, 4->4->2 MB, 4 MB goal, 0 MB stacks, 0 MB globals, 8 P
gc 4739 @353.831s 0%: 0.044+1.0+0.003 ms clock, 0.35+0.036/1.9/4.6+0.031 ms cpu, 4->4->1 MB, 5 MB goal, 0 MB stacks, 0 MB globals, 8 P
gc 4740 @353.908s 0%: 0.044+1.0+0.008 ms clock, 0.35+0.035/1.7/4.0+0.070 ms cpu, 3->4->1 MB, 4 MB goal, 0 MB stacks, 0 MB globals, 8 P
gc 4741 @353.985s 0%: 0.043+0.80+0.020 ms clock, 0.35+0.034/1.3/2.9+0.16 ms cpu, 3->4->1 MB, 4 MB goal, 0 MB stacks, 0 MB globals, 8 P
gc 4742 @354.054s 0%: 0.042+0.84+0.010 ms clock, 0.33+0.034/1.4/3.1+0.082 ms cpu, 3->4->2 MB, 4 MB goal, 0 MB stacks, 0 MB globals, 8 P
gc 4743 @354.129s 0%: 0.035+0.85+0.005 ms clock, 0.28+0.033/1.4/2.8+0.047 ms cpu, 4->4->2 MB, 5 MB goal, 0 MB stacks, 0 MB globals, 8 P
gc 4744 @354.202s 0%: 0.035+0.65+0.005 ms clock, 0.28+0.031/1.1/2.1+0.047 ms cpu, 4->4->1 MB, 4 MB goal, 0 MB stacks, 0 MB globals, 8 P
gc 4745 @354.265s 0%: 0.038+1.0+0.018 ms clock, 0.30+0.035/1.8/4.2+0.14 ms cpu, 3->4->1 MB, 4 MB goal, 0 MB stacks, 0 MB globals, 8 P
gc 4746 @354.341s 0%: 0.047+0.90+0.006 ms clock, 0.38+0.036/1.2/2.9+0.052 ms cpu, 3->4->1 MB, 4 MB goal, 0 MB stacks, 0 MB globals, 8 P
gc 4747 @354.414s 0%: 0.039+0.88+0.024 ms clock, 0.31+0.035/1.5/3.5+0.19 ms cpu, 4->4->2 MB, 4 MB goal, 0 MB stacks, 0 MB globals, 8 P
gc 4748 @354.476s 0%: 0.048+1.0+0.003 ms clock, 0.38+0.034/1.9/4.2+0.028 ms cpu, 4->4->2 MB, 5 MB goal, 0 MB stacks, 0 MB globals, 8 P
gc 4749 @354.558s 0%: 0.052+1.1+0.006 ms clock, 0.41+0.035/1.8/4.4+0.049 ms cpu, 4->4->2 MB, 4 MB goal, 0 MB stacks, 0 MB globals, 8 P
gc 4750 @354.641s 0%: 0.042+0.77+0.003 ms clock, 0.34+0.037/1.3/3.0+0.026 ms cpu, 4->4->1 MB, 4 MB goal, 0 MB stacks, 0 MB globals, 8 P
gc 4751 @354.719s 0%: 0.037+0.76+0.015 ms clock, 0.30+0.034/1.4/2.7+0.12 ms cpu, 3->4->1 MB, 4 MB goal, 0 MB stacks, 0 MB globals, 8 P
gc 4752 @354.751s 0%: 0.035+0.75+0.033 ms clock, 0.28+0.029/1.1/2.6+0.26 ms cpu, 4->4->2 MB, 4 MB goal, 0 MB stacks, 0 MB globals, 8 P
gc 4753 @354.832s 0%: 0.042+0.87+0.009 ms clock, 0.33+0.037/1.4/2.8+0.076 ms cpu, 4->4->2 MB, 5 MB goal, 0 MB stacks, 0 MB globals, 8 P
gc 4754 @354.907s 0%: 0.039+0.90+0.004 ms clock, 0.31+0.035/1.5/3.8+0.037 ms cpu, 4->4->2 MB, 4 MB goal, 0 MB stacks, 0 MB globals, 8 P
gc 4755 @354.991s 0%: 0.029+1.0+0.002 ms clock, 0.23+0.030/1.9/3.9+0.023 ms cpu, 4->4->1 MB, 4 MB goal, 0 MB stacks, 0 MB globals, 8 P
gc 4756 @355.044s 0%: 0.048+0.96+0.014 ms clock, 0.38+0.034/1.7/3.6+0.11 ms cpu, 3->4->1 MB, 4 MB goal, 0 MB stacks, 0 MB globals, 8 P
gc 4757 @355.121s 0%: 0.041+1.0+0.023 ms clock, 0.33+0.035/1.9/4.3+0.18 ms cpu, 4->4->1 MB, 4 MB goal, 0 MB stacks, 0 MB globals, 8 P
gc 4758 @355.193s 0%: 0.044+0.84+0.004 ms clock, 0.35+0.034/1.5/3.3+0.033 ms cpu, 4->4->2 MB, 4 MB goal, 0 MB stacks, 0 MB globals, 8 P
gc 4759 @355.277s 0%: 0.044+0.95+0.021 ms clock, 0.35+0.033/1.6/3.9+0.17 ms cpu, 4->4->1 MB, 5 MB goal, 0 MB stacks, 0 MB globals, 8 P
gc 4760 @355.343s 0%: 0.047+1.1+0.013 ms clock, 0.37+0.037/1.9/4.3+0.10 ms cpu, 4->4->1 MB, 4 MB goal, 0 MB stacks, 0 MB globals, 8 P
gc 4761 @355.429s 0%: 0.070+0.95+0.004 ms clock, 0.56+0.035/1.5/2.9+0.036 ms cpu, 4->4->1 MB, 4 MB goal, 0 MB stacks, 0 MB globals, 8 P
gc 4762 @355.515s 0%: 0.046+0.81+0.004 ms clock, 0.37+0.035/1.2/2.5+0.039 ms cpu, 4->4->2 MB, 4 MB goal, 0 MB stacks, 0 MB globals, 8 P
gc 4763 @355.599s 0%: 0.042+1.1+0.021 ms clock, 0.33+0.038/2.1/4.4+0.17 ms cpu, 4->4->1 MB, 5 MB goal, 0 MB stacks, 0 MB globals, 8 P
gc 4764 @355.677s 0%: 0.040+0.98+0.004 ms clock, 0.32+0.036/1.7/4.1+0.034 ms cpu, 3->4->2 MB, 4 MB goal, 0 MB stacks, 0 MB globals, 8 P
gc 4765 @355.748s 0%: 0.14+0.99+0.013 ms clock, 1.1+1.9/1.7/1.1+0.10 ms cpu, 4->4->2 MB, 4 MB goal, 0 MB stacks, 0 MB globals, 8 P
gc 4766 @355.824s 0%: 0.031+0.99+0.003 ms clock, 0.25+0.031/1.9/4.3+0.027 ms cpu, 4->4->1 MB, 4 MB goal, 0 MB stacks, 0 MB globals, 8 P
gc 4767 @355.899s 0%: 0.028+0.80+0.004 ms clock, 0.23+0.026/1.3/2.8+0.032 ms cpu, 3->4->1 MB, 4 MB goal, 0 MB stacks, 0 MB globals, 8 P
gc 4768 @355.964s 0%: 0.042+1.0+0.014 ms clock, 0.34+0.039/1.7/3.9+0.11 ms cpu, 3->4->2 MB, 4 MB goal, 0 MB stacks, 0 MB globals, 8 P
gc 4769 @356.033s 0%: 0.039+0.93+0.014 ms clock, 0.31+0.037/1.7/4.0+0.11 ms cpu, 4->4->1 MB, 4 MB goal, 0 MB stacks, 0 MB globals, 8 P
gc 4770 @356.114s 0%: 0.038+0.76+0.039 ms clock, 0.30+0.036/1.2/2.7+0.31 ms cpu, 4->4->1 MB, 4 MB goal, 0 MB stacks, 0 MB globals, 8 P
gc 4771 @356.193s 0%: 0.038+0.79+0.022 ms clock, 0.31+0.033/1.4/2.9+0.17 ms cpu, 3->4->1 MB, 4 MB goal, 0 MB stacks, 0 MB globals, 8 P
gc 4772 @356.273s 0%: 0.043+0.78+0.005 ms clock, 0.34+0.035/1.4/2.7+0.041 ms cpu, 3->4->2 MB, 4 MB goal, 0 MB stacks, 0 MB globals, 8 P
gc 4773 @356.357s 0%: 0.038+0.71+0.003 ms clock, 0.30+0.035/1.2/2.7+0.026 ms cpu, 4->4->1 MB, 4 MB goal, 0 MB stacks, 0 MB globals, 8 P
gc 4774 @356.432s 0%: 0.044+1.0+0.020 ms clock, 0.35+0.040/1.7/3.7+0.16 ms cpu, 3->4->1 MB, 4 MB goal, 0 MB stacks, 0 MB globals, 8 P
gc 4775 @356.505s 0%: 0.042+5.0+0.013 ms clock, 0.34+0.035/1.2/2.5+0.11 ms cpu, 3->4->1 MB, 4 MB goal, 0 MB stacks, 0 MB globals, 8 P
gc 4776 @356.589s 0%: 0.045+1.0+0.009 ms clock, 0.36+0.034/1.9/4.6+0.073 ms cpu, 4->4->1 MB, 4 MB goal, 0 MB stacks, 0 MB globals, 8 P
gc 4777 @356.656s 0%: 0.046+1.0+0.013 ms clock, 0.37+0.037/1.8/4.2+0.11 ms cpu, 3->4->2 MB, 4 MB goal, 0 MB stacks, 0 MB globals, 8 P
gc 4778 @356.732s 0%: 0.048+0.94+0.019 ms clock, 0.38+0.044/1.6/3.7+0.15 ms cpu, 4->4->1 MB, 4 MB goal, 0 MB stacks, 0 MB globals, 8 P
gc 4779 @356.764s 0%: 0.040+0.88+0.003 ms clock, 0.32+0.031/1.6/3.6+0.027 ms cpu, 3->3->2 MB, 4 MB goal, 0 MB stacks, 0 MB globals, 8 P
gc 4780 @356.848s 0%: 0.045+0.86+0.003 ms clock, 0.36+0.036/1.4/3.5+0.027 ms cpu, 4->4->1 MB, 5 MB goal, 0 MB stacks, 0 MB globals, 8 P
gc 4781 @356.931s 0%: 0.039+1.1+0.003 ms clock, 0.31+0.035/1.8/3.6+0.028 ms cpu, 4->4->2 MB, 4 MB goal, 0 MB stacks, 0 MB globals, 8 P
gc 4782 @356.998s 0%: 0.046+0.80+0.003 ms clock, 0.37+0.052/1.4/3.2+0.031 ms cpu, 4->4->1 MB, 4 MB goal, 0 MB stacks, 0 MB globals, 8 P
gc 4783 @357.063s 0%: 0.044+0.89+0.008 ms clock, 0.35+0.035/1.5/3.4+0.068 ms cpu, 3->4->2 MB, 4 MB goal, 0 MB stacks, 0 MB globals, 8 P
gc 4784 @357.139s 0%: 0.038+1.1+0.019 ms clock, 0.31+0.034/1.9/4.4+0.15 ms cpu, 4->4->2 MB, 4 MB goal, 0 MB stacks, 0 MB globals, 8 P
gc 4785 @357.219s 0%: 0.042+1.0+0.007 ms clock, 0.33+0.031/1.8/4.4+0.059 ms cpu, 4->4->2 MB, 4 MB goal, 0 MB stacks, 0 MB globals, 8 P
gc 4786 @357.303s 0%: 0.034+1.0+0.019 ms clock, 0.27+0.033/1.9/4.6+0.15 ms cpu, 4->4->1 MB, 4 MB goal, 0 MB stacks, 0 MB globals, 8 P
gc 4787 @357.369s 0%: 0.045+0.96+0.010 ms clock, 0.36+0.036/1.7/4.0+0.087 ms cpu, 3->4->2 MB, 4 MB goal, 0 MB stacks, 0 MB globals, 8 P
gc 4788 @357.448s 0%: 0.042+0.88+0.003 ms clock, 0.34+0.034/1.5/3.3+0.028 ms cpu, 4->4->1 MB, 4 MB goal, 0 MB stacks, 0 MB globals, 8 P
gc 4789 @357.525s 0%: 0.041+1.1+0.035 ms clock, 0.33+0.038/2.0/4.8+0.28 ms cpu, 3->4->1 MB, 4 MB goal, 0 MB stacks, 0 MB globals, 8 P
gc 4790 @357.596s 0%: 0.047+0.94+0.030 ms clock, 0.37+0.034/1.6/3.9+0.24 ms cpu, 3->4->1 MB, 4 MB goal, 0 MB stacks, 0 MB globals, 8 P
gc 4791 @357.670s 0%: 0.038+1.0+0.017 ms clock, 0.30+0.039/1.7/3.9+0.14 ms cpu, 3->4->1 MB, 4 MB goal, 0 MB stacks, 0 MB globals, 8 P
gc 4792 @357.743s 0%: 0.040+0.80+0.023 ms clock, 0.32+0.038/1.3/2.7+0.19 ms cpu, 3->4->2 MB, 4 MB goal, 0 MB stacks, 0 MB globals, 8 P
gc 4793 @357.774s 0%: 0.042+0.88+0.008 ms clock, 0.34+0.034/1.6/3.6+0.068 ms cpu, 4->4->2 MB, 4 MB goal, 0 MB stacks, 0 MB globals, 8 P
gc 4794 @357.852s 0%: 0.052+1.0+0.022 ms clock, 0.41+0.034/1.7/3.8+0.18 ms cpu, 4->4->1 MB, 4 MB goal, 0 MB stacks, 0 MB globals, 8 P
gc 4795 @357.931s 0%: 0.040+0.90+0.027 ms clock, 0.32+0.035/1.5/3.6+0.21 ms cpu, 4->4->1 MB, 4 MB goal, 0 MB stacks, 0 MB globals, 8 P
gc 4796 @358.013s 0%: 0.036+0.80+0.003 ms clock, 0.28+0.029/1.5/3.4+0.029 ms cpu, 3->4->1 MB, 4 MB goal, 0 MB stacks, 0 MB globals, 8 P
gc 4797 @358.097s 0%: 0.039+0.82+0.004 ms clock, 0.31+0.034/1.4/3.4+0.033 ms cpu, 4->4->1 MB, 4 MB goal, 0 MB stacks, 0 MB globals, 8 P
gc 4798 @358.173s 0%: 0.050+1.0+0.008 ms clock, 0.40+0.034/1.8/3.8+0.067 ms cpu, 3->4->1 MB, 4 MB goal, 0 MB stacks, 0 MB globals, 8 P
gc 4799 @358.239s 0%: 0.031+0.82+0.016 ms clock, 0.25+0.032/1.3/2.6+0.13 ms cpu, 3->4->1 MB, 4 MB goal, 0 MB stacks, 0 MB globals, 8 P
gc 4800 @358.322s 0%: 0.043+0.84+0.033 ms clock, 0.35+0.036/1.3/2.7+0.26 ms cpu, 4->4->2 MB, 4 MB goal, 0 MB stacks, 0 MB globals, 8 P
gc 4801 @358.394s 0%: 0.050+0.94+0.012 ms clock, 0.40+0.034/1.6/3.6+0.098 ms cpu, 4->4->2 MB, 4 MB goal, 0 MB stacks, 0 MB globals, 8 P
gc 4802 @358.469s 0%: 0.039+0.87+0.003 ms clock, 0.31+0.038/1.5/3.3+0.031 ms cpu, 4->4->2 MB, 4 MB goal, 0 MB stacks, 0 MB globals, 8 P
gc 4803 @358.539s 0%: 0.039+1.0+0.009 ms clock, 0.31+0.034/1.8/4.2+0.077 ms cpu, 4->4->1 MB, 4 MB goal, 0 MB stacks, 0 MB globals, 8 P
gc 4804 @358.619s 0%: 0.037+1.0+0.004 ms clock, 0.29+0.036/1.9/4.2+0.032 ms cpu, 4->4->2 MB, 4 MB goal, 0 MB stacks, 0 MB globals, 8 P
gc 4805 @358.691s 0%: 0.039+1.1+0.021 ms clock, 0.31+0.034/2.0/4.7+0.16 ms cpu, 4->4->1 MB, 4 MB goal, 0 MB stacks, 0 MB globals, 8 P
gc 4806 @358.760s 0%: 0.095+1.0+0.005 ms clock, 0.76+0.50/1.7/2.6+0.047 ms cpu, 4->4->2 MB, 4 MB goal, 0 MB stacks, 0 MB globals, 8 P
gc 4807 @358.839s 0%: 0.045+0.74+0.029 ms clock, 0.36+0.036/1.2/2.5+0.23 ms cpu, 4->4->1 MB, 5 MB goal, 0 MB stacks, 0 MB globals, 8 P
gc 4808 @358.900s 0%: 0.035+0.84+0.003 ms clock, 0.28+0.027/1.5/3.3+0.026 ms cpu, 4->4->1 MB, 4 MB goal, 0 MB stacks, 0 MB globals, 8 P
gc 4809 @358.971s 0%: 0.042+0.91+0.003 ms clock, 0.34+0.037/1.6/3.8+0.028 ms cpu, 4->4->1 MB, 4 MB goal, 0 MB stacks, 0 MB globals, 8 P
gc 4810 @359.042s 0%: 0.042+1.0+0.011 ms clock, 0.33+0.034/1.8/3.8+0.090 ms cpu, 4->4->2 MB, 4 MB goal, 0 MB stacks, 0 MB globals, 8 P
gc 4811 @359.108s 0%: 0.037+0.72+0.013 ms clock, 0.30+0.029/1.2/3.0+0.10 ms cpu, 4->4->1 MB, 4 MB goal, 0 MB stacks, 0 MB globals, 8 P
gc 4812 @359.186s 0%: 0.039+0.66+0.027 ms clock, 0.31+0.030/1.0/2.1+0.21 ms cpu, 4->4->1 MB, 4 MB goal, 0 MB stacks, 0 MB globals, 8 P
gc 4813 @359.233s 0%: 0.046+0.89+0.020 ms clock, 0.36+0.033/1.5/3.4+0.16 ms cpu, 3->3->2 MB, 4 MB goal, 0 MB stacks, 0 MB globals, 8 P
gc 4814 @359.313s 0%: 0.038+0.72+0.004 ms clock, 0.31+0.037/1.1/2.2+0.036 ms cpu, 4->4->1 MB, 4 MB goal, 0 MB stacks, 0 MB globals, 8 P
gc 4815 @359.388s 0%: 0.044+1.0+0.004 ms clock, 0.35+0.034/1.8/4.2+0.032 ms cpu, 3->4->1 MB, 4 MB goal, 0 MB stacks, 0 MB globals, 8 P
gc 4816 @359.474s 0%: 0.043+1.1+0.003 ms clock, 0.35+0.034/2.1/4.7+0.031 ms cpu, 4->4->1 MB, 4 MB goal, 0 MB stacks, 0 MB globals, 8 P
gc 4817 @359.547s 0%: 0.038+0.72+0.033 ms clock, 0.31+0.035/1.0/1.8+0.26 ms cpu, 3->4->1 MB, 4 MB goal, 0 MB stacks, 0 MB globals, 8 P
gc 4818 @359.618s 0%: 0.040+0.92+0.031 ms clock, 0.32+0.14/1.6/3.3+0.25 ms cpu, 4->4->1 MB, 4 MB goal, 0 MB stacks, 0 MB globals, 8 P
gc 4819 @359.692s 0%: 0.044+0.89+0.019 ms clock, 0.35+0.044/1.5/3.4+0.15 ms cpu, 4->4->1 MB, 4 MB goal, 0 MB stacks, 0 MB globals, 8 P
gc 4820 @359.764s 0%: 0.083+0.96+0.003 ms clock, 0.66+2.0/1.6/0.067+0.031 ms cpu, 4->4->2 MB, 4 MB goal, 0 MB stacks, 0 MB globals, 8 P
gc 4821 @359.849s 0%: 0.041+0.94+0.003 ms clock, 0.33+0.036/1.5/3.7+0.026 ms cpu, 4->4->2 MB, 5 MB goal, 0 MB stacks, 0 MB globals, 8 P
gc 4822 @359.927s 0%: 0.043+0.63+0.003 ms clock, 0.35+0.037/1.1/2.2+0.026 ms cpu, 4->4->1 MB, 4 MB goal, 0 MB stacks, 0 MB globals, 8 P
gc 4823 @360.002s 0%: 0.069+0.78+0.003 ms clock, 0.55+0.038/1.4/2.9+0.025 ms cpu, 3->4->1 MB, 4 MB goal, 0 MB stacks, 0 MB globals, 8 P
gc 4824 @360.044s 0%: 0.036+0.74+0.024 ms clock, 0.28+0.036/1.2/2.8+0.19 ms cpu, 3->4->1 MB, 4 MB goal, 0 MB stacks, 0 MB globals, 8 P
gc 4825 @360.122s 0%: 0.036+0.67+0.003 ms clock, 0.29+0.031/1.1/2.5+0.026 ms cpu, 4->4->1 MB, 4 MB goal, 0 MB stacks, 0 MB globals, 8 P
gc 4826 @360.195s 0%: 0.042+0.85+0.003 ms clock, 0.34+0.041/1.5/3.7+0.026 ms cpu, 3->4->1 MB, 4 MB goal, 0 MB stacks, 0 MB globals, 8 P
gc 4827 @360.274s 0%: 0.039+0.95+0.025 ms clock, 0.31+0.040/1.6/2.9+0.20 ms cpu, 3->4->2 MB, 4 MB goal, 0 MB stacks, 0 MB globals, 8 P
gc 4828 @360.343s 0%: 0.059+0.97+0.003 ms clock, 0.47+0.041/1.8/3.7+0.027 ms cpu, 4->4->1 MB, 5 MB goal, 0 MB stacks, 0 MB globals, 8 P
gc 4829 @360.428s 0%: 0.047+1.0+0.018 ms clock, 0.37+0.034/1.9/4.5+0.14 ms cpu, 4->4->1 MB, 4 MB goal, 0 MB stacks, 0 MB globals, 8 P
gc 4830 @360.506s 0%: 0.041+0.69+0.023 ms clock, 0.33+0.033/1.1/2.2+0.18 ms cpu, 4->4->1 MB, 4 MB goal, 0 MB stacks, 0 MB globals, 8 P
gc 4831 @360.577s 0%: 0.039+1.0+0.004 ms clock, 0.31+0.037/2.0/4.6+0.032 ms cpu, 4->4->2 MB, 4 MB goal, 0 MB stacks, 0 MB globals, 8 P
gc 4832 @360.657s 0%: 0.036+1.0+0.003 ms clock, 0.29+0.036/1.7/4.3+0.027 ms cpu, 4->4->2 MB, 5 MB goal, 0 MB stacks, 0 MB globals, 8 P
gc 4833 @360.740s 0%: 0.040+1.0+0.007 ms clock, 0.32+0.034/1.7/3.9+0.059 ms cpu, 4->4->2 MB, 5 MB goal, 0 MB stacks, 0 MB globals, 8 P
gc 4834 @360.777s 0%: 0.046+0.82+0.011 ms clock, 0.37+0.037/1.1/2.8+0.088 ms cpu, 4->4->2 MB, 5 MB goal, 0 MB stacks, 0 MB globals, 8 P
gc 4835 @360.860s 0%: 0.036+1.0+0.024 ms clock, 0.29+0.045/1.9/4.3+0.19 ms cpu, 4->4->1 MB, 5 MB goal, 0 MB stacks, 0 MB globals, 8 P
gc 4836 @360.933s 0%: 0.045+0.76+0.005 ms clock, 0.36+0.037/1.3/3.0+0.041 ms cpu, 3->3->1 MB, 4 MB goal, 0 MB stacks, 0 MB globals, 8 P
gc 4837 @361.008s 0%: 0.044+0.79+0.021 ms clock, 0.35+0.036/1.2/2.4+0.16 ms cpu, 3->4->1 MB, 4 MB goal, 0 MB stacks, 0 MB globals, 8 P
gc 4838 @361.071s 0%: 0.055+0.82+0.025 ms clock, 0.44+0.035/1.4/3.1+0.20 ms cpu, 4->4->2 MB, 4 MB goal, 0 MB stacks, 0 MB globals, 8 P
gc 4839 @361.148s 0%: 0.042+1.0+0.017 ms clock, 0.33+0.035/1.7/3.5+0.14 ms cpu, 4->4->1 MB, 4 MB goal, 0 MB stacks, 0 MB globals, 8 P
gc 4840 @361.223s 0%: 0.044+1.0+0.006 ms clock, 0.35+0.035/1.9/4.4+0.052 ms cpu, 3->4->1 MB, 4 MB goal, 0 MB stacks, 0 MB globals, 8 P
gc 4841 @361.302s 0%: 0.045+0.81+0.004 ms clock, 0.36+0.035/1.3/2.2+0.035 ms cpu, 4->4->2 MB, 4 MB goal, 0 MB stacks, 0 MB globals, 8 P
gc 4842 @361.385s 0%: 0.038+0.82+0.014 ms clock, 0.31+0.040/1.3/2.7+0.11 ms cpu, 4->4->2 MB, 5 MB goal, 0 MB stacks, 0 MB globals, 8 P
gc 4843 @361.467s 0%: 0.043+0.81+0.024 ms clock, 0.35+0.034/1.4/3.1+0.19 ms cpu, 4->4->2 MB, 5 MB goal, 0 MB stacks, 0 MB globals, 8 P
gc 4844 @361.538s 0%: 0.041+0.81+0.003 ms clock, 0.32+0.037/1.3/3.0+0.028 ms cpu, 4->4->1 MB, 4 MB goal, 0 MB stacks, 0 MB globals, 8 P
gc 4845 @361.608s 0%: 0.036+0.83+0.003 ms clock, 0.29+0.034/1.4/3.3+0.029 ms cpu, 3->4->2 MB, 4 MB goal, 0 MB stacks, 0 MB globals, 8 P
gc 4846 @361.690s 0%: 0.042+1.0+0.016 ms clock, 0.34+0.033/1.8/4.5+0.13 ms cpu, 4->4->2 MB, 4 MB goal, 0 MB stacks, 0 MB globals, 8 P
gc 4847 @361.766s 0%: 0.042+0.81+0.008 ms clock, 0.34+0.034/1.4/2.6+0.071 ms cpu, 4->4->2 MB, 5 MB goal, 0 MB stacks, 0 MB globals, 8 P
gc 4848 @361.798s 0%: 0.038+0.97+0.026 ms clock, 0.31+0.038/1.5/3.4+0.20 ms cpu, 4->4->2 MB, 5 MB goal, 0 MB stacks, 0 MB globals, 8 P
gc 4849 @361.884s 0%: 0.046+0.97+0.010 ms clock, 0.36+0.036/1.6/3.3+0.086 ms cpu, 4->4->1 MB, 5 MB goal, 0 MB stacks, 0 MB globals, 8 P
gc 4850 @361.966s 0%: 0.058+0.86+0.029 ms clock, 0.46+0.037/1.5/2.9+0.23 ms cpu, 4->4->1 MB, 4 MB goal, 0 MB stacks, 0 MB globals, 8 P
gc 4851 @362.026s 0%: 0.035+0.86+0.006 ms clock, 0.28+0.030/1.4/3.2+0.054 ms cpu, 3->4->1 MB, 4 MB goal, 0 MB stacks, 0 MB globals, 8 P
gc 4852 @362.102s 0%: 0.040+1.1+0.015 ms clock, 0.32+0.037/1.9/4.5+0.12 ms cpu, 3->4->1 MB, 4 MB goal, 0 MB stacks, 0 MB globals, 8 P
gc 4853 @362.181s 0%: 0.041+0.84+0.007 ms clock, 0.33+0.038/1.3/2.6+0.062 ms cpu, 4->4->1 MB, 4 MB goal, 0 MB stacks, 0 MB globals, 8 P
gc 4854 @362.260s 0%: 0.037+0.90+0.010 ms clock, 0.30+0.035/1.5/3.6+0.086 ms cpu, 4->4->2 MB, 4 MB goal, 0 MB stacks, 0 MB globals, 8 P
gc 4855 @362.339s 0%: 0.034+0.67+0.003 ms clock, 0.27+0.028/1.1/2.6+0.024 ms cpu, 4->4->1 MB, 4 MB goal, 0 MB stacks, 0 MB globals, 8 P
gc 4856 @362.410s 0%: 0.041+0.86+0.027 ms clock, 0.33+0.035/1.3/2.8+0.22 ms cpu, 3->4->1 MB, 4 MB goal, 0 MB stacks, 0 MB globals, 8 P
gc 4857 @362.485s 0%: 0.052+1.0+0.003 ms clock, 0.41+0.035/1.9/4.3+0.030 ms cpu, 3->4->1 MB, 4 MB goal, 0 MB stacks, 0 MB globals, 8 P
gc 4858 @362.549s 0%: 0.044+1.0+0.013 ms clock, 0.35+0.035/1.8/4.2+0.10 ms cpu, 3->4->1 MB, 4 MB goal, 0 MB stacks, 0 MB globals, 8 P
gc 4859 @362.620s 0%: 0.044+0.83+0.018 ms clock, 0.35+0.037/1.3/2.9+0.14 ms cpu, 3->4->2 MB, 4 MB goal, 0 MB stacks, 0 MB globals, 8 P
gc 4860 @362.691s 0%: 0.043+1.0+0.012 ms clock, 0.35+0.035/1.8/4.7+0.098 ms cpu, 4->4->2 MB, 5 MB goal, 0 MB stacks, 0 MB globals, 8 P
gc 4861 @362.776s 0%: 0.061+0.87+0.028 ms clock, 0.49+0.39/1.3/0.70+0.22 ms cpu, 4->4->2 MB, 5 MB goal, 0 MB stacks, 0 MB globals, 8 P
gc 4862 @362.855s 0%: 0.049+0.88+0.025 ms clock, 0.39+0.036/1.4/2.9+0.20 ms cpu, 4->4->1 MB, 5 MB goal, 0 MB stacks, 0 MB globals, 8 P
gc 4863 @362.927s 0%: 0.040+0.96+0.004 ms clock, 0.32+0.037/1.6/3.5+0.033 ms cpu, 3->4->2 MB, 4 MB goal, 0 MB stacks, 0 MB globals, 8 P
gc 4864 @363.003s 0%: 0.039+0.80+0.003 ms clock, 0.31+0.034/1.4/3.0+0.029 ms cpu, 4->4->1 MB, 4 MB goal, 0 MB stacks, 0 MB globals, 8 P
gc 4865 @363.082s 0%: 0.043+0.79+0.011 ms clock, 0.34+0.033/1.3/2.7+0.094 ms cpu, 4->4->1 MB, 4 MB goal, 0 MB stacks, 0 MB globals, 8 P
gc 4866 @363.153s 0%: 0.030+0.85+0.014 ms clock, 0.24+0.027/1.4/3.3+0.11 ms cpu, 4->4->2 MB, 4 MB goal, 0 MB stacks, 0 MB globals, 8 P
gc 4867 @363.231s 0%: 0.041+0.77+0.014 ms clock, 0.33+0.037/1.2/2.7+0.11 ms cpu, 4->4->2 MB, 5 MB goal, 0 MB stacks, 0 MB globals, 8 P
gc 4868 @363.308s 0%: 0.045+1.0+0.028 ms clock, 0.36+0.034/1.8/4.2+0.22 ms cpu, 4->4->1 MB, 4 MB goal, 0 MB stacks, 0 MB globals, 8 P
gc 4869 @363.383s 0%: 0.043+0.84+0.004 ms clock, 0.34+0.037/1.4/3.2+0.032 ms cpu, 3->4->2 MB, 4 MB goal, 0 MB stacks, 0 MB globals, 8 P
gc 4870 @363.467s 0%: 0.061+1.9+0.039 ms clock, 0.49+1.0/1.0/0+0.31 ms cpu, 4->4->1 MB, 5 MB goal, 0 MB stacks, 0 MB globals, 8 P
gc 4871 @363.533s 0%: 0.044+0.75+0.019 ms clock, 0.35+0.036/1.2/3.0+0.15 ms cpu, 4->4->2 MB, 4 MB goal, 0 MB stacks, 0 MB globals, 8 P
gc 4872 @363.604s 0%: 0.038+0.79+0.029 ms clock, 0.31+0.035/1.3/2.9+0.23 ms cpu, 4->4->2 MB, 4 MB goal, 0 MB stacks, 0 MB globals, 8 P
gc 4873 @363.676s 0%: 0.044+0.84+0.003 ms clock, 0.35+0.035/1.5/3.5+0.026 ms cpu, 4->4->1 MB, 4 MB goal, 0 MB stacks, 0 MB globals, 8 P
gc 4874 @363.757s 0%: 0.043+0.81+0.003 ms clock, 0.35+0.034/1.5/3.2+0.029 ms cpu, 3->4->1 MB, 4 MB goal, 0 MB stacks, 0 MB globals, 8 P
gc 4875 @363.781s 0%: 0.044+0.83+0.015 ms clock, 0.35+0.036/1.4/3.4+0.12 ms cpu, 3->4->2 MB, 4 MB goal, 0 MB stacks, 0 MB globals, 8 P
gc 4876 @363.859s 0%: 0.042+0.80+0.029 ms clock, 0.34+0.034/1.2/2.5+0.23 ms cpu, 4->4->1 MB, 5 MB goal, 0 MB stacks, 0 MB globals, 8 P
gc 4877 @363.929s 0%: 0.046+0.85+0.013 ms clock, 0.36+0.035/1.5/3.7+0.10 ms cpu, 4->4->2 MB, 4 MB goal, 0 MB stacks, 0 MB globals, 8 P
gc 4878 @363.999s 0%: 0.043+0.95+0.004 ms clock, 0.34+0.034/1.6/3.9+0.039 ms cpu, 4->4->1 MB, 5 MB goal, 0 MB stacks, 0 MB globals, 8 P
gc 4879 @364.072s 0%: 0.042+1.1+0.004 ms clock, 0.34+0.034/1.9/4.5+0.038 ms cpu, 4->4->2 MB, 4 MB goal, 0 MB stacks, 0 MB globals, 8 P
gc 4880 @364.155s 0%: 0.047+0.88+0.023 ms clock, 0.37+0.035/1.4/3.2+0.18 ms cpu, 4->4->1 MB, 5 MB goal, 0 MB stacks, 0 MB globals, 8 P
gc 4881 @364.220s 0%: 0.046+1.0+0.016 ms clock, 0.37+0.034/1.8/4.1+0.13 ms cpu, 4->4->2 MB, 4 MB goal, 0 MB stacks, 0 MB globals, 8 P
gc 4882 @364.304s 0%: 0.040+0.90+0.007 ms clock, 0.32+0.034/1.7/3.6+0.061 ms cpu, 4->4->1 MB, 4 MB goal, 0 MB stacks, 0 MB globals, 8 P
gc 4883 @364.378s 0%: 0.042+0.97+0.037 ms clock, 0.34+0.037/1.6/3.4+0.30 ms cpu, 3->4->1 MB, 4 MB goal, 0 MB stacks, 0 MB globals, 8 P
gc 4884 @364.453s 0%: 0.10+1.2+0.007 ms clock, 0.86+0.070/1.5/2.9+0.062 ms cpu, 4->4->2 MB, 4 MB goal, 0 MB stacks, 0 MB globals, 8 P
gc 4885 @364.533s 0%: 0.054+0.88+0.010 ms clock, 0.43+0.037/1.5/3.4+0.084 ms cpu, 4->4->2 MB, 4 MB goal, 0 MB stacks, 0 MB globals, 8 P
gc 4886 @364.617s 0%: 0.043+1.0+0.003 ms clock, 0.34+0.038/1.9/4.5+0.027 ms cpu, 4->4->1 MB, 4 MB goal, 0 MB stacks, 0 MB globals, 8 P
gc 4887 @364.692s 0%: 0.037+0.88+0.004 ms clock, 0.29+0.035/1.5/3.5+0.032 ms cpu, 3->4->1 MB, 4 MB goal, 0 MB stacks, 0 MB globals, 8 P
gc 4888 @364.783s 0%: 0.13+0.82+0.028 ms clock, 1.0+2.6/1.3/0.027+0.22 ms cpu, 4->5->2 MB, 4 MB goal, 0 MB stacks, 0 MB globals, 8 P
gc 4889 @364.821s 0%: 0.041+1.0+0.022 ms clock, 0.33+0.029/1.6/3.4+0.18 ms cpu, 4->4->2 MB, 4 MB goal, 0 MB stacks, 0 MB globals, 8 P
gc 4890 @364.899s 0%: 0.043+0.96+0.039 ms clock, 0.34+0.035/1.6/3.6+0.31 ms cpu, 4->4->2 MB, 5 MB goal, 0 MB stacks, 0 MB globals, 8 P
gc 4891 @364.976s 0%: 0.048+0.84+0.004 ms clock, 0.38+0.043/1.3/3.1+0.032 ms cpu, 4->4->1 MB, 4 MB goal, 0 MB stacks, 0 MB globals, 8 P
gc 4892 @365.021s 0%: 0.044+1.0+0.008 ms clock, 0.35+0.032/1.7/3.9+0.066 ms cpu, 4->4->2 MB, 4 MB goal, 0 MB stacks, 0 MB globals, 8 P
gc 4893 @365.083s 0%: 0.081+1.1+0.019 ms clock, 0.65+0.064/2.0/4.0+0.15 ms cpu, 4->4->2 MB, 5 MB goal, 0 MB stacks, 0 MB globals, 8 P
gc 4894 @365.159s 0%: 0.042+0.79+0.027 ms clock, 0.33+0.033/1.3/3.0+0.21 ms cpu, 4->4->1 MB, 5 MB goal, 0 MB stacks, 0 MB globals, 8 P
gc 4895 @365.235s 0%: 0.041+0.88+0.013 ms clock, 0.33+0.038/1.5/3.6+0.10 ms cpu, 4->4->1 MB, 4 MB goal, 0 MB stacks, 0 MB globals, 8 P
gc 4896 @365.308s 0%: 0.049+0.96+0.020 ms clock, 0.39+0.043/1.7/3.9+0.16 ms cpu, 4->4->1 MB, 4 MB goal, 0 MB stacks, 0 MB globals, 8 P
gc 4897 @365.384s 0%: 0.035+0.87+0.005 ms clock, 0.28+0.034/1.3/3.1+0.047 ms cpu, 3->4->2 MB, 4 MB goal, 0 MB stacks, 0 MB globals, 8 P
gc 4898 @365.466s 0%: 0.048+1.1+0.035 ms clock, 0.39+0.035/1.8/4.1+0.28 ms cpu, 4->4->1 MB, 4 MB goal, 0 MB stacks, 0 MB globals, 8 P
gc 4899 @365.540s 0%: 0.047+0.84+0.009 ms clock, 0.38+0.037/1.3/3.2+0.073 ms cpu, 4->4->2 MB, 4 MB goal, 0 MB stacks, 0 MB globals, 8 P
gc 4900 @365.623s 0%: 0.051+0.92+0.029 ms clock, 0.41+0.036/1.5/2.9+0.23 ms cpu, 4->4->1 MB, 4 MB goal, 0 MB stacks, 0 MB globals, 8 P
gc 4901 @365.695s 0%: 0.037+1.0+0.016 ms clock, 0.30+0.037/1.8/4.1+0.13 ms cpu, 4->4->2 MB, 4 MB goal, 0 MB stacks, 0 MB globals, 8 P
gc 4902 @365.773s 0%: 0.049+0.90+0.003 ms clock, 0.39+0.035/1.7/3.9+0.030 ms cpu, 4->4->1 MB, 4 MB goal, 0 MB stacks, 0 MB globals, 8 P
gc 4903 @365.819s 0%: 0.039+0.90+0.006 ms clock, 0.31+0.034/1.3/2.7+0.053 ms cpu, 3->3->2 MB, 4 MB goal, 0 MB stacks, 0 MB globals, 8 P
gc 4904 @365.896s 0%: 0.040+0.78+0.014 ms clock, 0.32+0.036/1.3/2.7+0.11 ms cpu, 4->4->2 MB, 4 MB goal, 0 MB stacks, 0 MB globals, 8 P
gc 4905 @365.974s 0%: 0.035+0.95+0.031 ms clock, 0.28+0.031/1.8/4.2+0.25 ms cpu, 4->4->2 MB, 4 MB goal, 0 MB stacks, 0 MB globals, 8 P
gc 4906 @366.046s 0%: 0.040+0.82+0.010 ms clock, 0.32+0.034/1.4/2.9+0.086 ms cpu, 4->4->1 MB, 4 MB goal, 0 MB stacks, 0 MB globals, 8 P
gc 4907 @366.122s 0%: 0.046+1.0+0.003 ms clock, 0.36+0.033/2.0/4.7+0.027 ms cpu, 3->4->2 MB, 4 MB goal, 0 MB stacks, 0 MB globals, 8 P
gc 4908 @366.203s 0%: 0.039+1.0+0.003 ms clock, 0.31+0.036/1.8/4.7+0.030 ms cpu, 4->4->2 MB, 4 MB goal, 0 MB stacks, 0 MB globals, 8 P
gc 4909 @366.274s 0%: 0.037+0.89+0.003 ms clock, 0.29+0.031/1.6/3.9+0.028 ms cpu, 4->4->1 MB, 4 MB goal, 0 MB stacks, 0 MB globals, 8 P
gc 4910 @366.346s 0%: 0.035+0.84+0.004 ms clock, 0.28+0.033/1.4/3.0+0.034 ms cpu, 3->4->2 MB, 4 MB goal, 0 MB stacks, 0 MB globals, 8 P
gc 4911 @366.427s 0%: 0.043+0.85+0.005 ms clock, 0.34+0.038/1.4/3.4+0.047 ms cpu, 4->4->1 MB, 4 MB goal, 0 MB stacks, 0 MB globals, 8 P
gc 4912 @366.506s 0%: 0.052+1.0+0.004 ms clock, 0.42+0.038/2.0/4.1+0.035 ms cpu, 3->4->1 MB, 4 MB goal, 0 MB stacks, 0 MB globals, 8 P
gc 4913 @366.591s 0%: 0.040+0.76+0.022 ms clock, 0.32+0.036/1.3/3.0+0.17 ms cpu, 3->4->1 MB, 4 MB goal, 0 MB stacks, 0 MB globals, 8 P
gc 4914 @366.652s 0%: 0.041+0.77+0.026 ms clock, 0.33+0.046/1.2/2.9+0.21 ms cpu, 3->4->1 MB, 4 MB goal, 0 MB stacks, 0 MB globals, 8 P
gc 4915 @366.732s 0%: 0.037+0.99+0.013 ms clock, 0.29+0.029/1.7/3.6+0.11 ms cpu, 4->4->1 MB, 4 MB goal, 0 MB stacks, 0 MB globals, 8 P
gc 4916 @366.791s 0%: 0.084+0.82+0.003 ms clock, 0.67+1.5/1.3/0.76+0.028 ms cpu, 3->4->2 MB, 4 MB goal, 0 MB stacks, 0 MB globals, 8 P
gc 4917 @366.875s 0%: 0.044+0.81+0.040 ms clock, 0.35+0.037/1.3/3.0+0.32 ms cpu, 4->4->2 MB, 5 MB goal, 0 MB stacks, 0 MB globals, 8 P
gc 4918 @366.954s 0%: 0.046+0.79+0.047 ms clock, 0.37+0.038/1.4/3.1+0.38 ms cpu, 4->4->1 MB, 4 MB goal, 0 MB stacks, 0 MB globals, 8 P
gc 4919 @367.021s 0%: 0.073+0.77+0.025 ms clock, 0.58+0.036/1.2/3.2+0.20 ms cpu, 3->4->1 MB, 4 MB goal, 0 MB stacks, 0 MB globals, 8 P
gc 4920 @367.089s 0%: 0.044+0.84+0.043 ms clock, 0.35+0.037/1.3/2.8+0.34 ms cpu, 3->4->1 MB, 4 MB goal, 0 MB stacks, 0 MB globals, 8 P
gc 4921 @367.168s 0%: 0.040+0.79+0.013 ms clock, 0.32+0.034/1.4/2.7+0.10 ms cpu, 3->4->1 MB, 4 MB goal, 0 MB stacks, 0 MB globals, 8 P
gc 4922 @367.246s 0%: 0.037+0.69+0.022 ms clock, 0.29+0.035/1.1/2.5+0.18 ms cpu, 3->4->1 MB, 4 MB goal, 0 MB stacks, 0 MB globals, 8 P
gc 4923 @367.327s 0%: 0.043+0.68+0.003 ms clock, 0.34+0.033/1.1/2.6+0.028 ms cpu, 3->4->1 MB, 4 MB goal, 0 MB stacks, 0 MB globals, 8 P
gc 4924 @367.399s 0%: 0.034+0.87+0.012 ms clock, 0.27+0.035/1.5/3.3+0.10 ms cpu, 3->4->1 MB, 4 MB goal, 0 MB stacks, 0 MB globals, 8 P
gc 4925 @367.469s 0%: 0.038+1.0+0.003 ms clock, 0.30+0.035/1.8/4.3+0.029 ms cpu, 4->4->1 MB, 4 MB goal, 0 MB stacks, 0 MB globals, 8 P
gc 4926 @367.539s 0%: 0.042+0.72+0.004 ms clock, 0.33+0.034/1.2/2.6+0.032 ms cpu, 3->4->1 MB, 4 MB goal, 0 MB stacks, 0 MB globals, 8 P
gc 4927 @367.611s 0%: 0.047+0.84+0.022 ms clock, 0.38+0.038/1.3/3.1+0.18 ms cpu, 3->4->1 MB, 4 MB goal, 0 MB stacks, 0 MB globals, 8 P
gc 4928 @367.677s 0%: 0.037+0.69+0.007 ms clock, 0.29+0.035/1.1/2.5+0.062 ms cpu, 3->4->1 MB, 4 MB goal, 0 MB stacks, 0 MB globals, 8 P
gc 4929 @367.755s 0%: 0.048+0.92+0.022 ms clock, 0.38+0.038/1.5/3.3+0.18 ms cpu, 3->4->1 MB, 4 MB goal, 0 MB stacks, 0 MB globals, 8 P
gc 4930 @367.805s 0%: 0.031+0.70+0.030 ms clock, 0.25+0.038/1.1/2.2+0.24 ms cpu, 3->4->2 MB, 4 MB goal, 0 MB stacks, 0 MB globals, 8 P
gc 4931 @367.883s 0%: 0.036+0.92+0.003 ms clock, 0.29+0.043/1.7/4.1+0.028 ms cpu, 4->4->1 MB, 4 MB goal, 0 MB stacks, 0 MB globals, 8 P
gc 4932 @367.960s 0%: 0.036+0.75+0.017 ms clock, 0.29+0.034/1.2/2.5+0.13 ms cpu, 3->4->1 MB, 4 MB goal, 0 MB stacks, 0 MB globals, 8 P
gc 4933 @368.039s 0%: 0.043+1.0+0.008 ms clock, 0.34+0.037/1.9/4.2+0.065 ms cpu, 3->4->1 MB, 4 MB goal, 0 MB stacks, 0 MB globals, 8 P
gc 4934 @368.119s 0%: 0.031+0.88+0.007 ms clock, 0.25+0.030/1.4/2.9+0.062 ms cpu, 3->4->2 MB, 4 MB goal, 0 MB stacks, 0 MB globals, 8 P
gc 4935 @368.201s 0%: 0.040+0.79+0.009 ms clock, 0.32+0.034/1.2/2.4+0.078 ms cpu, 4->4->1 MB, 4 MB goal, 0 MB stacks, 0 MB globals, 8 P
gc 4936 @368.273s 0%: 0.045+0.83+0.026 ms clock, 0.36+0.036/1.3/3.1+0.21 ms cpu, 4->4->2 MB, 4 MB goal, 0 MB stacks, 0 MB globals, 8 P
gc 4937 @368.341s 0%: 0.034+0.77+0.010 ms clock, 0.27+0.041/1.2/2.6+0.080 ms cpu, 4->4->1 MB, 4 MB goal, 0 MB stacks, 0 MB globals, 8 P
gc 4938 @368.426s 0%: 0.047+0.75+0.037 ms clock, 0.38+0.035/1.1/2.3+0.29 ms cpu, 3->4->1 MB, 4 MB goal, 0 MB stacks, 0 MB globals, 8 P
gc 4939 @368.506s 0%: 0.044+1.0+0.019 ms clock, 0.35+0.035/1.8/3.9+0.15 ms cpu, 3->4->2 MB, 4 MB goal, 0 MB stacks, 0 MB globals, 8 P
gc 4940 @368.590s 0%: 0.036+1.0+0.017 ms clock, 0.29+0.035/1.7/4.0+0.14 ms cpu, 4->4->2 MB, 5 MB goal, 0 MB stacks, 0 MB globals, 8 P
gc 4941 @368.665s 0%: 0.038+1.0+0.029 ms clock, 0.30+0.034/1.7/4.2+0.23 ms cpu, 4->4->2 MB, 4 MB goal, 0 MB stacks, 0 MB globals, 8 P
gc 4942 @368.742s 0%: 0.047+0.80+0.025 ms clock, 0.37+0.037/1.3/2.8+0.20 ms cpu, 4->4->1 MB, 5 MB goal, 0 MB stacks, 0 MB globals, 8 P
gc 4943 @368.799s 0%: 0.13+0.78+0.035 ms clock, 1.0+0.99/1.1/0.85+0.28 ms cpu, 3->4->2 MB, 4 MB goal, 0 MB stacks, 0 MB globals, 8 P
gc 4944 @368.886s 0%: 0.044+1.1+0.003 ms clock, 0.35+0.035/2.0/4.6+0.028 ms cpu, 4->4->1 MB, 5 MB goal, 0 MB stacks, 0 MB globals, 8 P
gc 4945 @368.963s 0%: 0.042+0.98+0.003 ms clock, 0.34+0.035/1.8/4.3+0.030 ms cpu, 3->4->1 MB, 4 MB goal, 0 MB stacks, 0 MB globals, 8 P
gc 4946 @369.036s 0%: 0.051+0.80+0.010 ms clock, 0.40+0.046/1.3/3.1+0.083 ms cpu, 3->4->1 MB, 4 MB goal, 0 MB stacks, 0 MB globals, 8 P
gc 4947 @369.095s 0%: 0.085+0.89+0.003 ms clock, 0.68+1.9/1.6/0.59+0.027 ms cpu, 3->4->2 MB, 4 MB goal, 0 MB stacks, 0 MB globals, 8 P
gc 4948 @369.177s 0%: 0.046+1.0+0.005 ms clock, 0.37+0.036/1.9/4.3+0.040 ms cpu, 4->4->2 MB, 5 MB goal, 0 MB stacks, 0 MB globals, 8 P
gc 4949 @369.261s 0%: 0.039+1.0+0.019 ms clock, 0.31+0.045/1.8/4.1+0.15 ms cpu, 4->4->1 MB, 4 MB goal, 0 MB stacks, 0 MB globals, 8 P
gc 4950 @369.346s 0%: 0.036+1.0+0.003 ms clock, 0.29+0.036/2.0/4.6+0.028 ms cpu, 4->4->2 MB, 4 MB goal, 0 MB stacks, 0 MB globals, 8 P
gc 4951 @369.425s 0%: 0.045+0.98+0.003 ms clock, 0.36+0.041/1.7/4.3+0.026 ms cpu, 4->4->1 MB, 5 MB goal, 0 MB stacks, 0 MB globals, 8 P
gc 4952 @369.493s 0%: 0.033+1.0+0.004 ms clock, 0.26+0.029/1.8/4.4+0.037 ms cpu, 3->4->1 MB, 4 MB goal, 0 MB stacks, 0 MB globals, 8 P
gc 4953 @369.567s 0%: 0.041+1.1+0.018 ms clock, 0.33+0.037/2.0/4.5+0.14 ms cpu, 3->4->1 MB, 4 MB goal, 0 MB stacks, 0 MB globals, 8 P
gc 4954 @369.638s 0%: 0.059+0.89+0.006 ms clock, 0.47+0.57/1.3/2.2+0.050 ms cpu, 3->4->1 MB, 4 MB goal, 0 MB stacks, 0 MB globals, 8 P
gc 4955 @369.705s 0%: 0.039+0.74+0.006 ms clock, 0.31+0.035/1.3/2.8+0.049 ms cpu, 3->4->1 MB, 4 MB goal, 0 MB stacks, 0 MB globals, 8 P
gc 4956 @369.781s 0%: 0.047+1.1+0.017 ms clock, 0.37+0.038/1.9/4.7+0.14 ms cpu, 3->4->1 MB, 4 MB goal, 0 MB stacks, 0 MB globals, 8 P
gc 4957 @369.823s 0%: 0.037+1.0+0.043 ms clock, 0.30+0.029/1.7/3.5+0.34 ms cpu, 4->4->2 MB, 4 MB goal, 0 MB stacks, 0 MB globals, 8 P
gc 4958 @369.906s 0%: 0.046+0.96+0.005 ms clock, 0.36+0.034/1.5/3.3+0.046 ms cpu, 4->4->1 MB, 4 MB goal, 0 MB stacks, 0 MB globals, 8 P
gc 4959 @369.975s 0%: 0.039+0.65+0.008 ms clock, 0.31+0.033/1.1/2.5+0.069 ms cpu, 3->4->2 MB, 4 MB goal, 0 MB stacks, 0 MB globals, 8 P
gc 4960 @370.018s 0%: 0.032+0.67+0.020 ms clock, 0.26+0.035/1.1/2.6+0.16 ms cpu, 4->4->2 MB, 4 MB goal, 0 MB stacks, 0 MB globals, 8 P
gc 4961 @370.090s 0%: 0.046+0.82+0.028 ms clock, 0.37+0.040/1.3/2.9+0.22 ms cpu, 4->4->1 MB, 4 MB goal, 0 MB stacks, 0 MB globals, 8 P
gc 4962 @370.163s 0%: 0.048+1.0+0.004 ms clock, 0.39+0.036/1.9/4.4+0.032 ms cpu, 3->4->1 MB, 4 MB goal, 0 MB stacks, 0 MB globals, 8 P
gc 4963 @370.238s 0%: 0.046+0.86+0.003 ms clock, 0.37+0.049/1.6/3.5+0.030 ms cpu, 3->4->1 MB, 4 MB goal, 0 MB stacks, 0 MB globals, 8 P
gc 4964 @370.312s 0%: 0.035+0.95+0.022 ms clock, 0.28+0.030/1.5/3.9+0.18 ms cpu, 3->4->2 MB, 4 MB goal, 0 MB stacks, 0 MB globals, 8 P
gc 4965 @370.382s 0%: 0.058+0.89+0.003 ms clock, 0.46+0.037/1.7/3.2+0.028 ms cpu, 4->4->1 MB, 5 MB goal, 0 MB stacks, 0 MB globals, 8 P
gc 4966 @370.449s 0%: 0.039+0.88+0.007 ms clock, 0.31+0.033/1.5/3.7+0.057 ms cpu, 4->4->1 MB, 4 MB goal, 0 MB stacks, 0 MB globals, 8 P
gc 4967 @370.527s 0%: 0.067+1.2+0.003 ms clock, 0.54+0.030/2.2/4.5+0.030 ms cpu, 4->4->2 MB, 4 MB goal, 0 MB stacks, 0 MB globals, 8 P
gc 4968 @370.606s 0%: 0.047+1.0+0.004 ms clock, 0.37+0.036/1.9/4.4+0.033 ms cpu, 4->4->1 MB, 4 MB goal, 0 MB stacks, 0 MB globals, 8 P
gc 4969 @370.685s 0%: 0.041+1.0+0.012 ms clock, 0.32+0.035/1.6/4.1+0.10 ms cpu, 3->4->2 MB, 4 MB goal, 0 MB stacks, 0 MB globals, 8 P
gc 4970 @370.758s 0%: 0.036+0.99+0.012 ms clock, 0.29+0.036/1.8/4.0+0.099 ms cpu, 4->4->2 MB, 4 MB goal, 0 MB stacks, 0 MB globals, 8 P
gc 4971 @370.807s 0%: 0.17+0.76+0.029 ms clock, 1.4+1.0/1.1/0.41+0.23 ms cpu, 4->4->2 MB, 4 MB goal, 0 MB stacks, 0 MB globals, 8 P
gc 4972 @370.893s 0%: 0.036+0.95+0.004 ms clock, 0.29+0.035/1.6/3.6+0.032 ms cpu, 4->4->2 MB, 5 MB goal, 0 MB stacks, 0 MB globals, 8 P
gc 4973 @370.977s 0%: 0.043+1.0+0.011 ms clock, 0.35+0.035/1.7/3.9+0.095 ms cpu, 4->4->2 MB, 4 MB goal, 0 MB stacks, 0 MB globals, 8 P
gc 4974 @371.048s 0%: 0.039+0.73+0.003 ms clock, 0.31+0.038/1.3/2.9+0.030 ms cpu, 4->4->1 MB, 4 MB goal, 0 MB stacks, 0 MB globals, 8 P
gc 4975 @371.123s 0%: 0.040+0.95+0.021 ms clock, 0.32+0.035/1.5/4.0+0.17 ms cpu, 4->4->2 MB, 4 MB goal, 0 MB stacks, 0 MB globals, 8 P
gc 4976 @371.209s 0%: 0.038+0.84+0.017 ms clock, 0.31+0.035/1.3/2.9+0.14 ms cpu, 4->4->2 MB, 4 MB goal, 0 MB stacks, 0 MB globals, 8 P
gc 4977 @371.290s 0%: 0.043+0.83+0.026 ms clock, 0.34+0.035/1.4/3.0+0.21 ms cpu, 4->4->2 MB, 4 MB goal, 0 MB stacks, 0 MB globals, 8 P
gc 4978 @371.364s 0%: 0.047+0.94+0.004 ms clock, 0.37+0.034/1.7/3.8+0.034 ms cpu, 4->4->2 MB, 4 MB goal, 0 MB stacks, 0 MB globals, 8 P
gc 4979 @371.443s 0%: 0.040+1.0+0.009 ms clock, 0.32+0.035/1.8/4.2+0.074 ms cpu, 4->4->1 MB, 5 MB goal, 0 MB stacks, 0 MB globals, 8 P
gc 4980 @371.516s 0%: 0.035+0.71+0.003 ms clock, 0.28+0.032/1.2/2.4+0.029 ms cpu, 4->4->1 MB, 4 MB goal, 0 MB stacks, 0 MB globals, 8 P
gc 4981 @371.586s 0%: 0.061+1.1+0.028 ms clock, 0.49+0.035/1.9/4.2+0.22 ms cpu, 3->4->1 MB, 4 MB goal, 0 MB stacks, 0 MB globals, 8 P
gc 4982 @371.660s 0%: 0.053+0.88+0.003 ms clock, 0.42+0.040/1.6/3.5+0.027 ms cpu, 3->4->1 MB, 4 MB goal, 0 MB stacks, 0 MB globals, 8 P
gc 4983 @371.735s 0%: 0.049+0.85+0.004 ms clock, 0.39+0.037/1.4/3.1+0.038 ms cpu, 3->4->1 MB, 4 MB goal, 0 MB stacks, 0 MB globals, 8 P
gc 4984 @371.811s 0%: 0.082+0.83+0.004 ms clock, 0.65+1.0/1.5/0.53+0.036 ms cpu, 3->4->2 MB, 4 MB goal, 0 MB stacks, 0 MB globals, 8 P
gc 4985 @371.891s 0%: 0.038+0.87+0.003 ms clock, 0.31+0.034/1.6/3.2+0.026 ms cpu, 4->4->2 MB, 4 MB goal, 0 MB stacks, 0 MB globals, 8 P
gc 4986 @373.518s 0%: 0.043+0.80+0.017 ms clock, 0.34+0.036/1.4/3.5+0.13 ms cpu, 4->4->1 MB, 5 MB goal, 0 MB stacks, 0 MB globals, 8 P
gc 4987 @373.550s 0%: 0.037+0.96+0.025 ms clock, 0.30+0.037/1.7/3.8+0.20 ms cpu, 3->3->1 MB, 4 MB goal, 0 MB stacks, 0 MB globals, 8 P
gc 4988 @373.581s 0%: 0.041+1.0+0.018 ms clock, 0.33+0.031/1.8/4.1+0.14 ms cpu, 3->3->1 MB, 4 MB goal, 0 MB stacks, 0 MB globals, 8 P
gc 4989 @373.611s 0%: 0.030+1.0+0.003 ms clock, 0.24+0.026/1.9/4.6+0.025 ms cpu, 3->3->1 MB, 4 MB goal, 0 MB stacks, 0 MB globals, 8 P
gc 4990 @373.642s 0%: 0.057+0.95+0.003 ms clock, 0.46+0.040/1.5/3.5+0.024 ms cpu, 3->3->1 MB, 4 MB goal, 0 MB stacks, 0 MB globals, 8 P
gc 4991 @373.674s 0%: 0.045+0.91+0.003 ms clock, 0.36+0.035/1.6/3.8+0.030 ms cpu, 3->3->1 MB, 4 MB goal, 0 MB stacks, 0 MB globals, 8 P
gc 4992 @373.703s 0%: 0.039+0.84+0.023 ms clock, 0.31+0.027/1.4/3.3+0.19 ms cpu, 3->3->1 MB, 4 MB goal, 0 MB stacks, 0 MB globals, 8 P
gc 4993 @373.735s 0%: 0.036+0.94+0.010 ms clock, 0.29+0.028/1.7/3.4+0.080 ms cpu, 3->3->1 MB, 4 MB goal, 0 MB stacks, 0 MB globals, 8 P
gc 4994 @373.772s 0%: 0.043+1.5+0.003 ms clock, 0.34+0.037/1.6/0.14+0.025 ms cpu, 3->3->1 MB, 4 MB goal, 0 MB stacks, 0 MB globals, 8 P
gc 4995 @373.804s 0%: 0.036+0.92+0.004 ms clock, 0.28+0.034/1.7/3.8+0.038 ms cpu, 3->3->1 MB, 4 MB goal, 0 MB stacks, 0 MB globals, 8 P
gc 4996 @373.841s 0%: 0.036+1.0+0.003 ms clock, 0.29+0.041/1.6/4.1+0.027 ms cpu, 3->3->1 MB, 4 MB goal, 0 MB stacks, 0 MB globals, 8 P
gc 4997 @373.870s 0%: 0.030+1.0+0.005 ms clock, 0.24+0.040/1.9/4.5+0.043 ms cpu, 3->3->1 MB, 4 MB goal, 0 MB stacks, 0 MB globals, 8 P
gc 4998 @373.904s 0%: 0.043+0.72+0.004 ms clock, 0.34+0.036/1.3/3.1+0.033 ms cpu, 3->3->1 MB, 4 MB goal, 0 MB stacks, 0 MB globals, 8 P
gc 4999 @373.933s 0%: 0.045+0.89+0.025 ms clock, 0.36+0.033/1.5/3.4+0.20 ms cpu, 3->3->1 MB, 4 MB goal, 0 MB stacks, 0 MB globals, 8 P
gc 5000 @373.965s 0%: 0.038+0.71+0.004 ms clock, 0.31+0.060/1.2/3.0+0.033 ms cpu, 3->3->1 MB, 4 MB goal, 0 MB stacks, 0 MB globals, 8 P
gc 5001 @373.998s 0%: 0.036+1.0+0.003 ms clock, 0.29+0.035/1.9/3.9+0.028 ms cpu, 3->3->1 MB, 4 MB goal, 0 MB stacks, 0 MB globals, 8 P
gc 5002 @374.030s 0%: 0.036+1.0+0.012 ms clock, 0.29+0.041/1.8/4.1+0.097 ms cpu, 3->3->1 MB, 4 MB goal, 0 MB stacks, 0 MB globals, 8 P
gc 5003 @374.064s 0%: 0.038+0.89+0.005 ms clock, 0.30+0.035/1.6/3.2+0.043 ms cpu, 3->3->1 MB, 4 MB goal, 0 MB stacks, 0 MB globals, 8 P
gc 5004 @374.097s 0%: 0.039+0.85+0.004 ms clock, 0.31+0.037/1.5/3.1+0.039 ms cpu, 3->3->1 MB, 4 MB goal, 0 MB stacks, 0 MB globals, 8 P
gc 5005 @374.141s 0%: 0.042+0.75+0.003 ms clock, 0.33+0.035/1.3/2.4+0.028 ms cpu, 3->3->1 MB, 4 MB goal, 0 MB stacks, 0 MB globals, 8 P
gc 5006 @374.181s 0%: 0.034+0.71+0.003 ms clock, 0.27+0.033/1.1/1.8+0.029 ms cpu, 3->3->1 MB, 4 MB goal, 0 MB stacks, 0 MB globals, 8 P
gc 5007 @374.220s 0%: 0.031+1.0+0.003 ms clock, 0.25+0.033/2.0/4.5+0.027 ms cpu, 3->3->1 MB, 4 MB goal, 0 MB stacks, 0 MB globals, 8 P
gc 5008 @374.255s 0%: 0.035+0.96+0.003 ms clock, 0.28+0.035/1.7/2.2+0.024 ms cpu, 3->3->1 MB, 4 MB goal, 0 MB stacks, 0 MB globals, 8 P
gc 5009 @374.290s 0%: 0.026+1.0+0.020 ms clock, 0.20+0.034/1.8/3.7+0.16 ms cpu, 3->3->1 MB, 4 MB goal, 0 MB stacks, 0 MB globals, 8 P
gc 5010 @374.321s 0%: 0.043+1.2+0.004 ms clock, 0.34+0.036/2.1/5.5+0.039 ms cpu, 3->3->1 MB, 4 MB goal, 0 MB stacks, 0 MB globals, 8 P
gc 5011 @374.355s 0%: 0.035+0.87+0.025 ms clock, 0.28+0.033/1.5/3.3+0.20 ms cpu, 3->3->1 MB, 4 MB goal, 0 MB stacks, 0 MB globals, 8 P
gc 5012 @374.388s 0%: 0.047+1.0+0.019 ms clock, 0.37+0.040/1.9/4.6+0.15 ms cpu, 3->3->1 MB, 4 MB goal, 0 MB stacks, 0 MB globals, 8 P
gc 5013 @374.425s 0%: 0.040+0.99+0.040 ms clock, 0.32+0.039/1.7/3.7+0.32 ms cpu, 3->3->1 MB, 4 MB goal, 0 MB stacks, 0 MB globals, 8 P
gc 5014 @374.462s 0%: 0.039+1.3+0.003 ms clock, 0.31+0/2.5/5.7+0.028 ms cpu, 3->3->1 MB, 4 MB goal, 0 MB stacks, 0 MB globals, 8 P
gc 5015 @374.494s 0%: 0.039+0.98+0.003 ms clock, 0.31+0.039/1.6/3.9+0.026 ms cpu, 3->3->1 MB, 4 MB goal, 0 MB stacks, 0 MB globals, 8 P
gc 5016 @374.527s 0%: 0.045+0.98+0.003 ms clock, 0.36+0.038/1.6/4.0+0.030 ms cpu, 3->3->1 MB, 4 MB goal, 0 MB stacks, 0 MB globals, 8 P
gc 5017 @374.552s 0%: 0.027+1.0+0.020 ms clock, 0.22+0.039/1.8/4.0+0.16 ms cpu, 3->3->1 MB, 4 MB goal, 0 MB stacks, 0 MB globals, 8 P
gc 5018 @374.577s 0%: 0.034+0.84+0.016 ms clock, 0.27+0.026/1.3/2.9+0.13 ms cpu, 3->3->1 MB, 4 MB goal, 0 MB stacks, 0 MB globals, 8 P
gc 5019 @374.600s 0%: 0.059+1.0+0.012 ms clock, 0.47+0.040/1.6/2.8+0.097 ms cpu, 3->3->1 MB, 4 MB goal, 0 MB stacks, 0 MB globals, 8 P
gc 5020 @374.626s 0%: 0.036+0.98+0.021 ms clock, 0.29+0.033/1.6/3.8+0.17 ms cpu, 3->3->1 MB, 4 MB goal, 0 MB stacks, 0 MB globals, 8 P
gc 5021 @374.650s 0%: 0.052+0.82+0.020 ms clock, 0.42+0.033/1.3/3.3+0.16 ms cpu, 3->3->1 MB, 4 MB goal, 0 MB stacks, 0 MB globals, 8 P
gc 5022 @374.682s 0%: 0.051+0.74+0.003 ms clock, 0.41+0.034/1.4/2.9+0.024 ms cpu, 3->3->1 MB, 4 MB goal, 0 MB stacks, 0 MB globals, 8 P
gc 5023 @374.722s 0%: 0.045+0.90+0.015 ms clock, 0.36+0/1.6/3.6+0.12 ms cpu, 3->3->1 MB, 4 MB goal, 0 MB stacks, 0 MB globals, 8 P
gc 5024 @374.761s 0%: 0.043+1.0+0.003 ms clock, 0.34+0.064/1.7/3.6+0.031 ms cpu, 3->3->1 MB, 4 MB goal, 0 MB stacks, 0 MB globals, 8 P
gc 5025 @374.799s 0%: 0.042+1.1+0.004 ms clock, 0.34+0.035/1.8/3.2+0.039 ms cpu, 3->3->1 MB, 4 MB goal, 0 MB stacks, 0 MB globals, 8 P
gc 5026 @374.856s 0%: 0.033+1.1+0.004 ms clock, 0.26+0.033/2.0/4.7+0.038 ms cpu, 3->3->1 MB, 4 MB goal, 0 MB stacks, 0 MB globals, 8 P
gc 5027 @374.886s 0%: 0.043+0.81+0.020 ms clock, 0.35+0.041/1.3/2.9+0.16 ms cpu, 3->3->1 MB, 4 MB goal, 0 MB stacks, 0 MB globals, 8 P
gc 5028 @374.913s 0%: 0.036+0.98+0.019 ms clock, 0.28+0.030/1.7/3.6+0.15 ms cpu, 3->3->1 MB, 4 MB goal, 0 MB stacks, 0 MB globals, 8 P
gc 5029 @374.934s 0%: 0.042+0.76+0.045 ms clock, 0.33+0.033/1.3/2.3+0.36 ms cpu, 3->3->1 MB, 4 MB goal, 0 MB stacks, 0 MB globals, 8 P
gc 5030 @374.961s 0%: 0.045+1.1+0.007 ms clock, 0.36+0.035/2.0/4.9+0.057 ms cpu, 3->4->1 MB, 4 MB goal, 0 MB stacks, 0 MB globals, 8 P
gc 5031 @374.991s 0%: 0.034+0.86+0.021 ms clock, 0.27+0.032/1.3/2.8+0.17 ms cpu, 3->4->1 MB, 4 MB goal, 0 MB stacks, 0 MB globals, 8 P
gc 5032 @375.010s 0%: 0.054+0.87+0.002 ms clock, 0.43+1.3/1.5/1.5+0.023 ms cpu, 3->4->1 MB, 4 MB goal, 0 MB stacks, 0 MB globals, 8 P
gc 5033 @375.035s 0%: 0.045+0.90+0.006 ms clock, 0.36+0.036/1.4/3.5+0.048 ms cpu, 3->3->1 MB, 4 MB goal, 0 MB stacks, 0 MB globals, 8 P
gc 5034 @375.059s 0%: 0.038+0.83+0.018 ms clock, 0.30+0.030/1.3/2.9+0.14 ms cpu, 3->3->1 MB, 4 MB goal, 0 MB stacks, 0 MB globals, 8 P
gc 5035 @375.083s 0%: 0.045+0.76+0.027 ms clock, 0.36+0.040/1.4/2.7+0.22 ms cpu, 3->3->1 MB, 4 MB goal, 0 MB stacks, 0 MB globals, 8 P
gc 5036 @375.106s 0%: 0.040+0.82+0.017 ms clock, 0.32+0.028/1.4/3.1+0.14 ms cpu, 3->3->1 MB, 4 MB goal, 0 MB stacks, 0 MB globals, 8 P
gc 5037 @375.131s 0%: 0.017+0.74+0.003 ms clock, 0.13+0.023/1.3/2.9+0.025 ms cpu, 3->3->1 MB, 4 MB goal, 0 MB stacks, 0 MB globals, 8 P
gc 5038 @375.156s 0%: 0.039+0.89+0.003 ms clock, 0.31+0.034/1.6/3.7+0.026 ms cpu, 3->3->1 MB, 4 MB goal, 0 MB stacks, 0 MB globals, 8 P
gc 5039 @375.178s 0%: 0.039+1.1+0.036 ms clock, 0.31+0.033/1.8/3.9+0.29 ms cpu, 3->3->1 MB, 4 MB goal, 0 MB stacks, 0 MB globals, 8 P
gc 5040 @375.210s 0%: 0.047+0.93+0.014 ms clock, 0.37+0.035/1.4/3.2+0.11 ms cpu, 3->4->1 MB, 4 MB goal, 0 MB stacks, 0 MB globals, 8 P
gc 5041 @375.235s 0%: 0.029+0.95+0.005 ms clock, 0.23+0.065/1.7/4.1+0.044 ms cpu, 3->3->1 MB, 4 MB goal, 0 MB stacks, 0 MB globals, 8 P
gc 5042 @375.258s 0%: 0.046+0.81+0.010 ms clock, 0.37+0.039/1.2/3.2+0.080 ms cpu, 3->3->1 MB, 4 MB goal, 0 MB stacks, 0 MB globals, 8 P
gc 5043 @375.283s 0%: 0.044+0.92+0.014 ms clock, 0.35+0.033/1.3/3.7+0.11 ms cpu, 3->4->1 MB, 4 MB goal, 0 MB stacks, 0 MB globals, 8 P
gc 5044 @375.312s 0%: 0.059+0.73+0.004 ms clock, 0.47+0.034/1.2/2.7+0.032 ms cpu, 3->3->1 MB, 4 MB goal, 0 MB stacks, 0 MB globals, 8 P
gc 5045 @375.336s 0%: 0.034+0.91+0.035 ms clock, 0.27+0.025/1.6/4.0+0.28 ms cpu, 3->3->1 MB, 4 MB goal, 0 MB stacks, 0 MB globals, 8 P
gc 5046 @375.360s 0%: 0.036+1.0+0.018 ms clock, 0.29+0.034/1.7/3.5+0.14 ms cpu, 3->3->1 MB, 4 MB goal, 0 MB stacks, 0 MB globals, 8 P
gc 5047 @375.405s 0%: 0.044+0.89+0.003 ms clock, 0.35+0.034/1.5/3.7+0.028 ms cpu, 3->3->1 MB, 4 MB goal, 0 MB stacks, 0 MB globals, 8 P
gc 5048 @375.445s 0%: 0.040+1.0+0.016 ms clock, 0.32+0.031/1.8/4.5+0.13 ms cpu, 3->3->1 MB, 4 MB goal, 0 MB stacks, 0 MB globals, 8 P
gc 5049 @375.487s 0%: 0.042+1.0+0.003 ms clock, 0.34+0.031/1.9/4.5+0.024 ms cpu, 3->3->1 MB, 4 MB goal, 0 MB stacks, 0 MB globals, 8 P
gc 5050 @375.513s 0%: 0.059+1.0+0.023 ms clock, 0.47+0.038/1.7/3.6+0.18 ms cpu, 3->3->1 MB, 4 MB goal, 0 MB stacks, 0 MB globals, 8 P
gc 5051 @375.529s 0%: 0.035+0.76+0.003 ms clock, 0.28+0.033/1.4/3.0+0.028 ms cpu, 3->4->1 MB, 4 MB goal, 0 MB stacks, 0 MB globals, 8 P
gc 5052 @375.543s 0%: 0.066+0.61+0.027 ms clock, 0.53+0.039/1.0/1.9+0.21 ms cpu, 3->3->1 MB, 4 MB goal, 0 MB stacks, 0 MB globals, 8 P
gc 5053 @375.558s 0%: 0.032+1.0+0.003 ms clock, 0.25+0.026/1.9/4.4+0.024 ms cpu, 3->4->1 MB, 4 MB goal, 0 MB stacks, 0 MB globals, 8 P
gc 5054 @375.572s 0%: 0.026+0.74+0.002 ms clock, 0.21+0.029/1.2/2.2+0.020 ms cpu, 3->4->1 MB, 4 MB goal, 0 MB stacks, 0 MB globals, 8 P
gc 5055 @375.585s 0%: 0.033+0.77+0.012 ms clock, 0.26+0.024/1.2/2.5+0.098 ms cpu, 3->4->1 MB, 4 MB goal, 0 MB stacks, 0 MB globals, 8 P
gc 5056 @375.598s 0%: 0.039+0.66+0.017 ms clock, 0.31+0.035/1.1/2.4+0.13 ms cpu, 3->3->1 MB, 4 MB goal, 0 MB stacks, 0 MB globals, 8 P
gc 5057 @375.610s 0%: 0.032+0.71+0.004 ms clock, 0.25+0.024/1.2/2.7+0.035 ms cpu, 3->3->1 MB, 4 MB goal, 0 MB stacks, 0 MB globals, 8 P
gc 5058 @375.622s 0%: 0.031+0.72+0.013 ms clock, 0.24+0.028/1.2/2.8+0.10 ms cpu, 3->3->1 MB, 4 MB goal, 0 MB stacks, 0 MB globals, 8 P
gc 5059 @375.645s 0%: 0.089+0.91+0.019 ms clock, 0.71+0.038/1.4/2.5+0.15 ms cpu, 3->4->1 MB, 4 MB goal, 0 MB stacks, 0 MB globals, 8 P
gc 5060 @375.660s 0%: 0.030+0.77+0.002 ms clock, 0.24+0.028/1.3/2.6+0.021 ms cpu, 3->4->1 MB, 4 MB goal, 0 MB stacks, 0 MB globals, 8 P
gc 5061 @375.674s 0%: 0.033+0.77+0.004 ms clock, 0.27+0.029/1.2/2.6+0.035 ms cpu, 3->4->1 MB, 4 MB goal, 0 MB stacks, 0 MB globals, 8 P
gc 5062 @380.010s 0%: 0.056+1.0+0.020 ms clock, 0.45+0.13/1.9/3.9+0.16 ms cpu, 3->4->1 MB, 4 MB goal, 0 MB stacks, 0 MB globals, 8 P
gc 5063 @390.086s 0%: 0.056+1.0+0.006 ms clock, 0.45+0.046/1.8/3.4+0.049 ms cpu, 3->3->1 MB, 4 MB goal, 0 MB stacks, 0 MB globals, 8 P
gc 5064 @410.010s 0%: 0.30+4.0+0.009 ms clock, 2.4+0.27/6.4/1.6+0.079 ms cpu, 3->3->1 MB, 4 MB goal, 0 MB stacks, 0 MB globals, 8 P
gc 5065 @430.014s 0%: 0.083+1.9+0.009 ms clock, 0.67+0.39/3.4/7.2+0.077 ms cpu, 3->3->1 MB, 4 MB goal, 0 MB stacks, 0 MB globals, 8 P
gc 5066 @444.437s 0%: 0.056+1.4+0.004 ms clock, 0.45+0.054/2.8/6.9+0.037 ms cpu, 3->3->1 MB, 4 MB goal, 0 MB stacks, 0 MB globals, 8 P
gc 5067 @456.847s 0%: 0.049+1.1+0.006 ms clock, 0.39+0.062/1.9/5.1+0.053 ms cpu, 3->3->1 MB, 4 MB goal, 0 MB stacks, 0 MB globals, 8 P
gc 5068 @490.010s 0%: 0.086+2.1+0.014 ms clock, 0.68+0.34/4.0/8.6+0.11 ms cpu, 4->4->2 MB, 4 MB goal, 0 MB stacks, 0 MB globals, 8 P
gc 5069 @521.113s 0%: 0.10+2.1+0.007 ms clock, 0.81+0.055/4.1/10+0.060 ms cpu, 4->4->2 MB, 4 MB goal, 0 MB stacks, 0 MB globals, 8 P
gc 5070 @555.508s 0%: 0.22+4.0+0.017 ms clock, 1.8+0.24/6.3/10+0.13 ms cpu, 4->4->2 MB, 4 MB goal, 0 MB stacks, 0 MB globals, 8 P
gc 5071 @585.012s 0%: 0.35+3.1+0.013 ms clock, 2.8+0.86/3.4/6.1+0.10 ms cpu, 4->4->2 MB, 4 MB goal, 0 MB stacks, 0 MB globals, 8 P
gc 5072 @616.237s 0%: 0.54+3.6+0.013 ms clock, 4.3+0.18/4.4/11+0.10 ms cpu, 4->4->2 MB, 4 MB goal, 0 MB stacks, 0 MB globals, 8 P
gc 5073 @648.851s 0%: 0.055+1.1+0.004 ms clock, 0.44+0.056/2.0/4.2+0.034 ms cpu, 4->4->1 MB, 4 MB goal, 0 MB stacks, 0 MB globals, 8 P
gc 5074 @666.665s 0%: 0.036+1.2+0.006 ms clock, 0.29+0.087/2.2/5.5+0.054 ms cpu, 4->4->2 MB, 4 MB goal, 0 MB stacks, 0 MB globals, 8 P
gc 5075 @686.378s 0%: 0.10+2.5+0.007 ms clock, 0.84+0.099/4.7/11+0.059 ms cpu, 4->4->2 MB, 4 MB goal, 0 MB stacks, 0 MB globals, 8 P
gc 5076 @706.661s 0%: 0.22+3.9+0.014 ms clock, 1.7+0.22/4.9/5.0+0.11 ms cpu, 4->4->1 MB, 4 MB goal, 0 MB stacks, 0 MB globals, 8 P
gc 5077 @723.208s 0%: 0.099+1.7+0.010 ms clock, 0.79+1.1/3.0/6.8+0.085 ms cpu, 4->4->1 MB, 4 MB goal, 0 MB stacks, 0 MB globals, 8 P
gc 5078 @740.594s 0%: 0.098+2.6+0.008 ms clock, 0.78+0.28/5.1/13+0.067 ms cpu, 4->4->2 MB, 4 MB goal, 0 MB stacks, 0 MB globals, 8 P
gc 5079 @759.596s 0%: 0.097+3.1+0.006 ms clock, 0.77+0.14/3.1/2.6+0.054 ms cpu, 4->4->1 MB, 4 MB goal, 0 MB stacks, 0 MB globals, 8 P
gc 5080 @775.012s 0%: 0.080+1.4+0.004 ms clock, 0.64+0.98/2.6/4.3+0.038 ms cpu, 4->4->1 MB, 4 MB goal, 0 MB stacks, 0 MB globals, 8 P
gc 5081 @794.866s 0%: 0.16+3.3+0.010 ms clock, 1.3+0.15/3.9/5.6+0.087 ms cpu, 4->4->1 MB, 4 MB goal, 0 MB stacks, 0 MB globals, 8 P
gc 5082 @810.009s 0%: 0.10+2.1+0.013 ms clock, 0.80+0.12/3.7/9.8+0.10 ms cpu, 4->4->1 MB, 4 MB goal, 0 MB stacks, 0 MB globals, 8 P
gc 5083 @825.132s 0%: 0.11+3.1+0.007 ms clock, 0.94+0/5.9/16+0.061 ms cpu, 4->4->1 MB, 4 MB goal, 0 MB stacks, 0 MB globals, 8 P
gc 5084 @840.010s 0%: 0.64+3.9+0.010 ms clock, 5.1+0.24/6.1/1.3+0.087 ms cpu, 4->4->2 MB, 4 MB goal, 0 MB stacks, 0 MB globals, 8 P
gc 5085 @860.011s 0%: 0.63+9.8+0.014 ms clock, 5.1+0.41/10/0+0.11 ms cpu, 4->4->1 MB, 4 MB goal, 0 MB stacks, 0 MB globals, 8 P
gc 5086 @875.049s 0%: 0.18+4.3+0.018 ms clock, 1.4+0.18/5.3/6.8+0.14 ms cpu, 4->4->1 MB, 4 MB goal, 0 MB stacks, 0 MB globals, 8 P
gc 5087 @890.277s 0%: 0.073+2.8+0.027 ms clock, 0.58+0.11/3.4/3.2+0.22 ms cpu, 4->4->1 MB, 4 MB goal, 0 MB stacks, 0 MB globals, 8 P
gc 5088 @910.010s 0%: 0.38+10+0.043 ms clock, 3.1+0.37/8.7/0.18+0.34 ms cpu, 4->4->2 MB, 4 MB goal, 0 MB stacks, 0 MB globals, 8 P
gc 5089 @930.019s 0%: 0.30+3.5+0.017 ms clock, 2.4+1.0/4.5/7.2+0.13 ms cpu, 4->4->1 MB, 4 MB goal, 0 MB stacks, 0 MB globals, 8 P
gc 5090 @949.607s 0%: 0.10+1.8+0.007 ms clock, 0.82+0.098/3.5/8.8+0.058 ms cpu, 4->4->1 MB, 4 MB goal, 0 MB stacks, 0 MB globals, 8 P
gc 5091 @967.161s 0%: 0.097+3.0+0.011 ms clock, 0.77+0.084/5.8/16+0.088 ms cpu, 4->4->1 MB, 4 MB goal, 0 MB stacks, 0 MB globals, 8 P
gc 5092 @984.974s 0%: 0.21+5.2+0.008 ms clock, 1.7+2.4/5.8/4.0+0.066 ms cpu, 4->4->1 MB, 4 MB goal, 0 MB stacks, 0 MB globals, 8 P
gc 5093 @1002.291s 0%: 0.064+1.8+0.012 ms clock, 0.51+0.086/3.4/8.4+0.096 ms cpu, 4->4->1 MB, 4 MB goal, 0 MB stacks, 0 MB globals, 8 P
gc 5094 @1020.011s 0%: 0.15+2.2+0.009 ms clock, 1.2+0.36/4.1/10+0.073 ms cpu, 4->4->1 MB, 4 MB goal, 0 MB stacks, 0 MB globals, 8 P
gc 5095 @1042.480s 0%: 0.17+3.7+0.016 ms clock, 1.3+0.22/4.8/6.9+0.13 ms cpu, 4->4->1 MB, 4 MB goal, 0 MB stacks, 0 MB globals, 8 P
gc 5096 @1065.013s 0%: 0.22+3.2+0.006 ms clock, 1.7+0.30/6.2/16+0.054 ms cpu, 4->4->2 MB, 4 MB goal, 0 MB stacks, 0 MB globals, 8 P
gc 5097 @1085.011s 0%: 0.11+2.6+0.066 ms clock, 0.88+2.0/4.5/7.2+0.53 ms cpu, 4->4->1 MB, 4 MB goal, 0 MB stacks, 0 MB globals, 8 P
gc 5098 @1105.011s 0%: 0.53+5.5+0.011 ms clock, 4.2+1.1/6.0/5.4+0.093 ms cpu, 4->4->2 MB, 4 MB goal, 0 MB stacks, 0 MB globals, 8 P
gc 5099 @1127.250s 0%: 0.095+2.7+0.007 ms clock, 0.76+0.095/5.1/12+0.061 ms cpu, 4->4->1 MB, 4 MB goal, 0 MB stacks, 0 MB globals, 8 P
gc 5100 @1145.863s 0%: 0.053+1.8+0.007 ms clock, 0.42+0.068/3.4/8.8+0.063 ms cpu, 4->4->1 MB, 4 MB goal, 0 MB stacks, 0 MB globals, 8 P
gc 5101 @1166.118s 0%: 0.20+3.8+0.016 ms clock, 1.6+0.21/4.8/5.2+0.13 ms cpu, 4->4->1 MB, 4 MB goal, 0 MB stacks, 0 MB globals, 8 P
gc 5102 @1185.011s 0%: 0.099+2.0+0.013 ms clock, 0.79+0.10/3.4/5.7+0.10 ms cpu, 4->4->1 MB, 4 MB goal, 0 MB stacks, 0 MB globals, 8 P
gc 5103 @1205.010s 0%: 0.40+3.8+0.022 ms clock, 3.2+1.0/6.8/4.6+0.17 ms cpu, 4->4->2 MB, 4 MB goal, 0 MB stacks, 0 MB globals, 8 P
gc 5104 @1220.124s 0%: 0.11+1.7+0.009 ms clock, 0.88+0.11/3.1/7.7+0.079 ms cpu, 4->4->2 MB, 4 MB goal, 0 MB stacks, 0 MB globals, 8 P
gc 5105 @1241.747s 0%: 0.048+1.3+0.009 ms clock, 0.38+0.062/2.4/6.1+0.073 ms cpu, 4->4->1 MB, 4 MB goal, 0 MB stacks, 0 MB globals, 8 P
gc 5106 @1260.994s 0%: 0.10+2.6+0.007 ms clock, 0.85+0.15/4.1/0.67+0.059 ms cpu, 4->4->1 MB, 4 MB goal, 0 MB stacks, 0 MB globals, 8 P
gc 5107 @1280.010s 0%: 0.17+2.3+0.012 ms clock, 1.4+1.2/3.9/1.6+0.10 ms cpu, 4->4->2 MB, 4 MB goal, 0 MB stacks, 0 MB globals, 8 P
gc 5108 @1298.180s 0%: 0.22+4.3+0.016 ms clock, 1.8+0.16/5.5/8.3+0.13 ms cpu, 4->4->1 MB, 4 MB goal, 0 MB stacks, 0 MB globals, 8 P
gc 5109 @1314.177s 0%: 0.070+2.1+0.009 ms clock, 0.56+0.079/3.8/3.8+0.075 ms cpu, 4->4->2 MB, 4 MB goal, 0 MB stacks, 0 MB globals, 8 P
gc 5110 @1331.482s 0%: 0.27+4.5+0.008 ms clock, 2.1+0.24/7.5/17+0.070 ms cpu, 4->4->2 MB, 4 MB goal, 0 MB stacks, 0 MB globals, 8 P
gc 5111 @1348.999s 0%: 0.059+1.6+0.012 ms clock, 0.47+0.074/2.9/7.0+0.097 ms cpu, 4->4->1 MB, 4 MB goal, 0 MB stacks, 0 MB globals, 8 P
gc 5112 @1366.283s 0%: 0.11+3.1+0.009 ms clock, 0.91+0.12/5.9/16+0.072 ms cpu, 4->4->2 MB, 4 MB goal, 0 MB stacks, 0 MB globals, 8 P
gc 5113 @1385.011s 0%: 0.14+2.3+0.081 ms clock, 1.1+0.57/3.5/7.6+0.65 ms cpu, 4->4->2 MB, 4 MB goal, 0 MB stacks, 0 MB globals, 8 P
gc 5114 @1405.013s 0%: 0.19+1.7+0.006 ms clock, 1.5+0.29/3.1/8.3+0.055 ms cpu, 4->4->2 MB, 4 MB goal, 0 MB stacks, 0 MB globals, 8 P
gc 5115 @1423.519s 0%: 0.31+2.0+0.008 ms clock, 2.5+0.15/3.4/2.9+0.067 ms cpu, 4->4->2 MB, 4 MB goal, 0 MB stacks, 0 MB globals, 8 P
gc 5116 @1445.666s 0%: 0.19+3.5+0.015 ms clock, 1.5+0.21/5.6/11+0.12 ms cpu, 4->4->1 MB, 4 MB goal, 0 MB stacks, 0 MB globals, 8 P
gc 5117 @1466.138s 0%: 0.071+2.3+0.012 ms clock, 0.56+0.085/3.0/4.0+0.10 ms cpu, 4->4->2 MB, 4 MB goal, 0 MB stacks, 0 MB globals, 8 P
gc 5118 @1488.265s 0%: 0.049+1.6+0.008 ms clock, 0.39+0.062/3.1/8.0+0.064 ms cpu, 4->4->1 MB, 4 MB goal, 0 MB stacks, 0 MB globals, 8 P
